DEBUG 2026-02-27 03:05:34.745 UTC: 	 CRAB Client version: v3.251020
DEBUG 2026-02-27 03:05:34.745 UTC: 	 Running on: Linux glados.crc.nd.edu 5.14.0-611.26.1.el9_7.x86_64 #1 SMP PREEMPT_DYNAMIC Sat Jan 17 05:14:35 EST 2026 x86_64 x86_64 x86_64 GNU/Linux
DEBUG 2026-02-27 03:05:34.745 UTC: 	 Using SINGULARITY image: el7:x86_64
DEBUG 2026-02-27 03:05:34.745 UTC: 	 Operating System: CentOS Linux 7 (Core)
DEBUG 2026-02-27 03:05:34.745 UTC: 	 Executing command: 'submit'
DEBUG 2026-02-27 03:05:34.746 UTC: 	 Found CRAB cache file /users/hnelson2/.crab3
INFO 2026-02-27 03:05:34.750 UTC: 	 Will use CRAB configuration file crab_2017_mtt0to700_v1.py
DEBUG 2026-02-27 03:05:34.750 UTC: 	 Loading CRAB configuration file.
DEBUG 2026-02-27 03:05:34.756 UTC: 	 Will use CRAB plugin PRIVATEMC (i.e. will run an a MC generation job type).
DEBUG 2026-02-27 03:05:34.769 UTC: 	 Checking credentials
DEBUG 2026-02-27 03:05:34.769 UTC: 	 Found proxy file /tmp/x509up_u240351
DEBUG 2026-02-27 03:05:34.769 UTC: 	 Making sure it has proper VOMS extension
DEBUG 2026-02-27 03:05:34.770 UTC: 	 Executing command :
 voms-proxy-info --vo --file /tmp/x509up_u240351
DEBUG 2026-02-27 03:05:34.796 UTC: 	 output : cms

 error: 
 retcode : 0
DEBUG 2026-02-27 03:05:34.796 UTC: 	 Getting proxy life time left
DEBUG 2026-02-27 03:05:34.796 UTC: 	 Executing command :
 voms-proxy-info --actimeleft --timeleft --file /tmp/x509up_u240351
DEBUG 2026-02-27 03:05:34.820 UTC: 	 output : 474334
474334

 error: 
 retcode : 0
DEBUG 2026-02-27 03:05:34.820 UTC: 	 Proxy valid for 131:45:34 hours
DEBUG 2026-02-27 03:05:34.821 UTC: 	 Encoded data for curl request: subresource=delegatedn
DEBUG 2026-02-27 03:05:35.445 UTC: 	 Registering user credentials on myproxy for /DC=ch/DC=cern/OU=Organic Units/OU=Users/CN=cmscrab/CN=(817881|373708)/CN=Robot: cms crab|/DC=ch/DC=cern/OU=Organic Units/OU=Users/CN=crabint1/CN=373708/CN=Robot: CMS CRAB Integration 1
DEBUG 2026-02-27 03:05:35.445 UTC: 	 Executing command :
 voms-proxy-info --identity --file /tmp/x509up_u240351
DEBUG 2026-02-27 03:05:35.470 UTC: 	 output : /DC=ch/DC=cern/OU=Organic Units/OU=Users/CN=hnelson/CN=840263/CN=Hannah Nelson

 error: 
 retcode : 0
DEBUG 2026-02-27 03:05:35.470 UTC: 	 Getting myproxy life time left for c3e16ea20b08f8e757734afcb41440bd5632a615
DEBUG 2026-02-27 03:05:35.470 UTC: 	 Executing command :
 myproxy-info -s myproxy.cern.ch -l c3e16ea20b08f8e757734afcb41440bd5632a615
DEBUG 2026-02-27 03:05:36.514 UTC: 	 output : username: c3e16ea20b08f8e757734afcb41440bd5632a615
owner: /DC=ch/DC=cern/OU=Organic Units/OU=Users/CN=hnelson/CN=840263/CN=Hannah Nelson
  renewal policy: /DC=ch/DC=cern/OU=Organic Units/OU=Users/CN=cmscrab/CN=(817881|373708)/CN=Robot: cms crab|/DC=ch/DC=cern/OU=Organic Units/OU=Users/CN=crabint1/CN=373708/CN=Robot: CMS CRAB Integration 1
  trusted retrieval policy: /DC=ch/DC=cern/OU=Organic Units/OU=Users/CN=cmscrab/CN=(817881|373708)/CN=Robot: cms crab|/DC=ch/DC=cern/OU=Organic Units/OU=Users/CN=crabint1/CN=373708/CN=Robot: CMS CRAB Integration 1
  timeleft: 568:20:04  (23.7 days)

 error: 
 retcode : 0
DEBUG 2026-02-27 03:05:36.514 UTC: 	 Myproxy is valid: 2046000
DEBUG 2026-02-27 03:05:36.514 UTC: 	 Result of myproxy credential check:
  Credential exists on myproxy: username: c3e16ea20b08f8e757734afcb41440bd5632a615  - validity: 23 days, 16:20:00
DEBUG 2026-02-27 03:05:36.514 UTC: 	 Command use: submit
DEBUG 2026-02-27 03:05:36.514 UTC: 	 Options use: ['crab_2017_mtt0to700_v1.py']
DEBUG 2026-02-27 03:05:36.514 UTC: 	 Encoded data for curl request: subresource=version
DEBUG 2026-02-27 03:05:37.008 UTC: 	 CRABClient version: v3.251020
DEBUG 2026-02-27 03:05:37.009 UTC: 	 Instance is prod
DEBUG 2026-02-27 03:05:37.009 UTC: 	 Server base url is cmsweb.cern.ch
DEBUG 2026-02-27 03:05:37.009 UTC: 	 Command api workflow
DEBUG 2026-02-27 03:05:37.009 UTC: 	 Started submission
DEBUG 2026-02-27 03:05:37.009 UTC: 	 Working on /users/hnelson2/mc_production/crab/crab_2017/crabLHEGEN/crab_UL17_mtt0to700_v1
DEBUG 2026-02-27 03:05:37.141 UTC: 	 Loading required information from the environment
DEBUG 2026-02-27 03:05:37.141 UTC: 	 Found CMSSW_10_6_42 for slc7_amd64_gcc700 with base /users/hnelson2/cmssw/CMSSW_10_6_42
DEBUG 2026-02-27 03:05:37.141 UTC: 	 UNIQUE NAME: tarUUID 9d83b5c3-a6d6-465c-be93-37c86a03da19 
DEBUG 2026-02-27 03:05:37.141 UTC: 	 self.config: from WMCore.Configuration import Configuration
config = Configuration()
config.section_('General')
config.General.workArea = 'crabLHEGEN'
config.General.transferOutputs = True
config.General.transferLogs = True
config.General.requestName = 'UL17_mtt0to700_v1'
config.section_('JobType')
config.JobType.psetName = 'TOP-RunIISummer20UL17wmLHEGEN-mtt0to700_cfg.py'
config.JobType.pluginName = 'PrivateMC'
config.JobType.numCores = 2
config.JobType.maxMemoryMB = 5000
config.JobType.eventsPerLumi = 1000
config.section_('Data')
config.Data.unitsPerJob = 1000
config.Data.outputPrimaryDataset = 'TT01j2l_SMEFTsim_LHEGEN_UL17_0to700'
config.Data.outLFNDirBase = '/store/user/hnelson/mc/ttbarEFT_Run2/UL17/LHEGEN/'
config.Data.splitting = 'EventBased'
config.Data.totalUnits = 800000
config.section_('Site')
config.Site.storageSite = 'T3_US_NotreDame'
config.section_('User')
config.section_('Debug')

DEBUG 2026-02-27 03:05:37.141 UTC: 	 self.config.JobType.psetName: TOP-RunIISummer20UL17wmLHEGEN-mtt0to700_cfg.py
INFO 2026-02-27 03:05:37.141 UTC: 	 Importing CMSSW configuration TOP-RunIISummer20UL17wmLHEGEN-mtt0to700_cfg.py
INFO 2026-02-27 03:05:37.981 UTC: 	 Finished importing CMSSW configuration TOP-RunIISummer20UL17wmLHEGEN-mtt0to700_cfg.py
INFO 2026-02-27 03:05:37.981 UTC: 	 You are requesting more than 1 core per job. Please make sure that your multi-threaded code is thread-safe and CPU-efficient, and request the correct amount of memory since the default 'maxMemoryMB' value is meant for single core jobs.
DEBUG 2026-02-27 03:05:37.981 UTC: 	 Writing CMSSW configuration to /users/hnelson2/mc_production/crab/crab_2017/crabLHEGEN/crab_UL17_mtt0to700_v1/inputs/PSet.py
DEBUG 2026-02-27 03:05:38.168 UTC: 	 The following EDM output files will be collected: ['GEN-00000.root', 'GEN-00000_inLHE.root']
DEBUG 2026-02-27 03:05:38.168 UTC: 	 The following TFile output files will be collected: []
DEBUG 2026-02-27 03:05:38.168 UTC: 	 The following user output files (not listed as PoolOuputModule or TFileService in the CMSSW PSet) will be collected: 
DEBUG 2026-02-27 03:05:38.168 UTC: 	 Loading required information from the environment
DEBUG 2026-02-27 03:05:38.168 UTC: 	 Found CMSSW_10_6_42 for slc7_amd64_gcc700 with base /users/hnelson2/cmssw/CMSSW_10_6_42
DEBUG 2026-02-27 03:05:38.168 UTC: 	 Making tarball in /users/hnelson2/mc_production/crab/crab_2017/crabLHEGEN/crab_UL17_mtt0to700_v1/inputs/9d83b5c3-a6d6-465c-be93-37c86a03da19default.tgz
DEBUG 2026-02-27 03:05:38.169 UTC: 	 Checking directory /users/hnelson2/cmssw/CMSSW_10_6_42/bin
DEBUG 2026-02-27 03:05:38.169 UTC: 	 Adding directory /users/hnelson2/cmssw/CMSSW_10_6_42/bin to tarball
DEBUG 2026-02-27 03:05:38.172 UTC: 	 Checking directory /users/hnelson2/cmssw/CMSSW_10_6_42/python
DEBUG 2026-02-27 03:05:38.172 UTC: 	 Adding directory /users/hnelson2/cmssw/CMSSW_10_6_42/python to tarball
DEBUG 2026-02-27 03:05:38.187 UTC: 	 Checking directory /users/hnelson2/cmssw/CMSSW_10_6_42/cfipython
DEBUG 2026-02-27 03:05:38.187 UTC: 	 Adding directory /users/hnelson2/cmssw/CMSSW_10_6_42/cfipython to tarball
DEBUG 2026-02-27 03:05:38.189 UTC: 	 Checking directory /users/hnelson2/cmssw/CMSSW_10_6_42/lib
DEBUG 2026-02-27 03:05:38.189 UTC: 	 Adding directory /users/hnelson2/cmssw/CMSSW_10_6_42/lib to tarball
DEBUG 2026-02-27 03:05:38.191 UTC: 	 Checking directory /users/hnelson2/cmssw/CMSSW_10_6_42/biglib
DEBUG 2026-02-27 03:05:38.191 UTC: 	 Adding directory /users/hnelson2/cmssw/CMSSW_10_6_42/biglib to tarball
DEBUG 2026-02-27 03:05:38.193 UTC: 	 Checking directory /users/hnelson2/cmssw/CMSSW_10_6_42/module
DEBUG 2026-02-27 03:05:38.193 UTC: 	 Checking directory /users/hnelson2/cmssw/CMSSW_10_6_42/config/SCRAM/hooks
DEBUG 2026-02-27 03:05:38.194 UTC: 	 Adding directory /users/hnelson2/cmssw/CMSSW_10_6_42/config/SCRAM/hooks to tarball
DEBUG 2026-02-27 03:05:38.204 UTC: 	 Adding directory /users/hnelson2/cmssw/CMSSW_10_6_42/src/Configuration/GenProduction/python to tarball
DEBUG 2026-02-27 03:05:38.378 UTC: 	 Uploading archive /users/hnelson2/mc_production/crab/crab_2017/crabLHEGEN/crab_UL17_mtt0to700_v1/inputs/9d83b5c3-a6d6-465c-be93-37c86a03da19default.tgz (144 KB) to the CRAB cache.
DEBUG 2026-02-27 03:05:38.443 UTC: 	 Encoded data for curl request: tarballname=8efbc3208ba04de704a40e0d12d916f8c80bc5f2791b3ef1f070180d78ddbe8d.tar.gz&subresource=upload&objecttype=sandbox
DEBUG 2026-02-27 03:05:39.041 UTC: 	 Will execute:
curl -f -v -X POST  -H "User-Agent: CRAB" -F "key=hnelson/sandboxes/8efbc3208ba04de704a40e0d12d916f8c80bc5f2791b3ef1f070180d78ddbe8d.tar.gz" -F "AWSAccessKeyId=715203df6482458ba839e73e6dab634b" -F "policy=eyJleHBpcmF0aW9uIjogIjIwMjYtMDItMjdUMDQ6MDU6MzhaIiwgImNvbmRpdGlvbnMiOiBbeyJidWNrZXQiOiAiY3JhYmNhY2hlX3Byb2QifSwgeyJrZXkiOiAiaG5lbHNvbi9zYW5kYm94ZXMvOGVmYmMzMjA4YmEwNGRlNzA0YTQwZTBkMTJkOTE2ZjhjODBiYzVmMjc5MWIzZWYxZjA3MDE4MGQ3OGRkYmU4ZC50YXIuZ3oifV19" -F "signature=EamERFkLFZiTWgybk3qlNwMYZ5Y=" -F "file=@/users/hnelson2/mc_production/crab/crab_2017/crabLHEGEN/crab_UL17_mtt0to700_v1/inputs/9d83b5c3-a6d6-465c-be93-37c86a03da19default.tgz" "https://s3.cern.ch/crabcache_prod"
DEBUG 2026-02-27 03:05:41.121 UTC: 	 exitcode: 0
stdout: 
DEBUG 2026-02-27 03:05:41.121 UTC: 	 upload to S3 of sandbox /users/hnelson2/mc_production/crab/crab_2017/crabLHEGEN/crab_UL17_mtt0to700_v1/inputs/9d83b5c3-a6d6-465c-be93-37c86a03da19default.tgz completed
DEBUG 2026-02-27 03:05:41.121 UTC: 	 make sure that object is ready for retrieve
DEBUG 2026-02-27 03:05:42.123 UTC: 	 Encoded data for curl request: tarballname=8efbc3208ba04de704a40e0d12d916f8c80bc5f2791b3ef1f070180d78ddbe8d.tar.gz&subresource=download&clientmethod=head_object&objecttype=sandbox
DEBUG 2026-02-27 03:05:42.625 UTC: 	 PreSignedUrl to download sandbox received OK
DEBUG 2026-02-27 03:05:42.629 UTC: 	 Will execute:
 curl -v -s -f -o /dev/null --head  "https://s3.cern.ch/crabcache_prod/hnelson/sandboxes/8efbc3208ba04de704a40e0d12d916f8c80bc5f2791b3ef1f070180d78ddbe8d.tar.gz?AWSAccessKeyId=715203df6482458ba839e73e6dab634b&Signature=hrguuYFtna2qgxGBPavFY4BEEac%3D&Expires=1772165142"
DEBUG 2026-02-27 03:05:43.106 UTC: 	 exitcode: 0
stdout: 
DEBUG 2026-02-27 03:05:43.106 UTC: 	 sandbox /users/hnelson2/mc_production/crab/crab_2017/crabLHEGEN/crab_UL17_mtt0to700_v1/inputs/9d83b5c3-a6d6-465c-be93-37c86a03da19default.tgz successfully uploaded to S3
DEBUG 2026-02-27 03:05:43.106 UTC: 	 Loading required information from the environment
DEBUG 2026-02-27 03:05:43.106 UTC: 	 Found CMSSW_10_6_42 for slc7_amd64_gcc700 with base /users/hnelson2/cmssw/CMSSW_10_6_42
DEBUG 2026-02-27 03:05:43.106 UTC: 	 Making tarball in /users/hnelson2/mc_production/crab/crab_2017/crabLHEGEN/crab_UL17_mtt0to700_v1/inputs/debugFiles.tgz
DEBUG 2026-02-27 03:05:43.112 UTC: 	 Uploading archive /users/hnelson2/mc_production/crab/crab_2017/crabLHEGEN/crab_UL17_mtt0to700_v1/inputs/debugFiles.tgz (3 KB) to the CRAB cache.
DEBUG 2026-02-27 03:05:43.115 UTC: 	 Encoded data for curl request: tarballname=14a5c25e26d79135ca8a48b89ca68b14d21b87d782418430a010051e7739f410.tar.gz&subresource=upload&objecttype=sandbox
DEBUG 2026-02-27 03:05:43.622 UTC: 	 Will execute:
curl -f -v -X POST  -H "User-Agent: CRAB" -F "key=hnelson/sandboxes/14a5c25e26d79135ca8a48b89ca68b14d21b87d782418430a010051e7739f410.tar.gz" -F "AWSAccessKeyId=715203df6482458ba839e73e6dab634b" -F "policy=eyJleHBpcmF0aW9uIjogIjIwMjYtMDItMjdUMDQ6MDU6NDNaIiwgImNvbmRpdGlvbnMiOiBbeyJidWNrZXQiOiAiY3JhYmNhY2hlX3Byb2QifSwgeyJrZXkiOiAiaG5lbHNvbi9zYW5kYm94ZXMvMTRhNWMyNWUyNmQ3OTEzNWNhOGE0OGI4OWNhNjhiMTRkMjFiODdkNzgyNDE4NDMwYTAxMDA1MWU3NzM5ZjQxMC50YXIuZ3oifV19" -F "signature=4p0yLTOHdgrgcn4Oe3UdfwFIUbM=" -F "file=@/users/hnelson2/mc_production/crab/crab_2017/crabLHEGEN/crab_UL17_mtt0to700_v1/inputs/debugFiles.tgz" "https://s3.cern.ch/crabcache_prod"
DEBUG 2026-02-27 03:05:45.106 UTC: 	 exitcode: 0
stdout: 
DEBUG 2026-02-27 03:05:45.106 UTC: 	 upload to S3 of sandbox /users/hnelson2/mc_production/crab/crab_2017/crabLHEGEN/crab_UL17_mtt0to700_v1/inputs/debugFiles.tgz completed
DEBUG 2026-02-27 03:05:45.106 UTC: 	 make sure that object is ready for retrieve
DEBUG 2026-02-27 03:05:46.108 UTC: 	 Encoded data for curl request: tarballname=14a5c25e26d79135ca8a48b89ca68b14d21b87d782418430a010051e7739f410.tar.gz&subresource=download&clientmethod=head_object&objecttype=sandbox
DEBUG 2026-02-27 03:05:46.606 UTC: 	 PreSignedUrl to download sandbox received OK
DEBUG 2026-02-27 03:05:46.610 UTC: 	 Will execute:
 curl -v -s -f -o /dev/null --head  "https://s3.cern.ch/crabcache_prod/hnelson/sandboxes/14a5c25e26d79135ca8a48b89ca68b14d21b87d782418430a010051e7739f410.tar.gz?AWSAccessKeyId=715203df6482458ba839e73e6dab634b&Signature=Di%2FDnd9iiK0WDmICNXMv9VWu%2BB4%3D&Expires=1772165146"
DEBUG 2026-02-27 03:05:47.102 UTC: 	 exitcode: 0
stdout: 
DEBUG 2026-02-27 03:05:47.102 UTC: 	 sandbox /users/hnelson2/mc_production/crab/crab_2017/crabLHEGEN/crab_UL17_mtt0to700_v1/inputs/debugFiles.tgz successfully uploaded to S3
DEBUG 2026-02-27 03:05:47.102 UTC: 	 Result uploading input files: 8efbc3208ba04de704a40e0d12d916f8c80bc5f2791b3ef1f070180d78ddbe8d.tar.gz 
DEBUG 2026-02-27 03:05:47.102 UTC: 	 submit() - self.configuration from WMCore.Configuration import Configuration
config = Configuration()
config.section_('General')
config.General.workArea = 'crabLHEGEN'
config.General.transferOutputs = True
config.General.transferLogs = True
config.General.requestName = 'UL17_mtt0to700_v1'
config.section_('JobType')
config.JobType.psetName = 'TOP-RunIISummer20UL17wmLHEGEN-mtt0to700_cfg.py'
config.JobType.pluginName = 'PrivateMC'
config.JobType.numCores = 2
config.JobType.maxMemoryMB = 5000
config.JobType.eventsPerLumi = 1000
config.section_('Data')
config.Data.unitsPerJob = 1000
config.Data.outputPrimaryDataset = 'TT01j2l_SMEFTsim_LHEGEN_UL17_0to700'
config.Data.outLFNDirBase = '/store/user/hnelson/mc/ttbarEFT_Run2/UL17/LHEGEN/'
config.Data.splitting = 'EventBased'
config.Data.totalUnits = 800000
config.section_('Site')
config.Site.storageSite = 'T3_US_NotreDame'
config.section_('User')
config.section_('Debug')

DEBUG 2026-02-27 03:05:47.102 UTC: 	 submit() - self.configreq {'maxjobruntime': 1250, 'extrajdl': [], 'lfn': '/store/user/hnelson/mc/ttbarEFT_Run2/UL17/LHEGEN/', 'savelogsflag': 1, 'useparent': 0, 'inputblocks': [], 'asyncdest': 'T3_US_NotreDame', 'algoargs': 1000, 'numcores': 2, 'addoutputfiles': [], 'generator': 'pythia', 'maxmemory': 5000, 'partialdataset': 0, 'publishdbsurl': 'https://cmsweb.cern.ch/dbs/prod/phys03/DBSWriter', 'priority': 10, 'eventsperlumi': 1000, 'userfiles': [], 'primarydataset': 'TT01j2l_SMEFTsim_LHEGEN_UL17_0to700', 'ignorelocality': 0, 'dryrun': 0, 'workflow': 'crab_UL17_mtt0to700_v1', 'nonprodsw': 0, 'oneEventMode': 0, 'saveoutput': 1, 'publication': 1, 'totalunits': 800000, 'splitalgo': 'EventBased', 'ignoreglobalblacklist': 0, 'nonvaliddata': 0, 'dbsurl': 'https://cmsweb.cern.ch/dbs/prod/global/DBSReader', 'requireaccelerator': 0, 'jobtype': 'PrivateMC'}
DEBUG 2026-02-27 03:05:47.102 UTC: 	 submit() - jobconfig {'cachefilename': '8efbc3208ba04de704a40e0d12d916f8c80bc5f2791b3ef1f070180d78ddbe8d.tar.gz', 'jobarch': 'slc7_amd64_gcc700', 'jobminuarch': 'any', 'addoutputfiles': [], 'tfileoutfiles': [], 'debugfilename': '14a5c25e26d79135ca8a48b89ca68b14d21b87d782418430a010051e7739f410.tar.gz', 'primarydataset': 'TT01j2l_SMEFTsim_LHEGEN_UL17_0to700', 'jobsw': 'CMSSW_10_6_42', 'jobtype': 'PrivateMC', 'edmoutfiles': ['GEN-00000.root', 'GEN-00000_inLHE.root']}
INFO 2026-02-27 03:05:47.102 UTC: 	 Sending the request to the server at cmsweb.cern.ch
DEBUG 2026-02-27 03:05:47.103 UTC: 	 Submitting {'maxjobruntime': 1250, 'jobminuarch': 'any', 'extrajdl': [], 'lfn': '/store/user/hnelson/mc/ttbarEFT_Run2/UL17/LHEGEN/', 'savelogsflag': 1, 'useparent': 0, 'inputblocks': [], 'asyncdest': 'T3_US_NotreDame', 'algoargs': 1000, 'cachefilename': '8efbc3208ba04de704a40e0d12d916f8c80bc5f2791b3ef1f070180d78ddbe8d.tar.gz', 'numcores': 2, 'addoutputfiles': [], 'generator': 'pythia', 'maxmemory': 5000, 'partialdataset': 0, 'publishdbsurl': 'https://cmsweb.cern.ch/dbs/prod/phys03/DBSWriter', 'priority': 10, 'jobsw': 'CMSSW_10_6_42', 'eventsperlumi': 1000, 'edmoutfiles': ['GEN-00000.root', 'GEN-00000_inLHE.root'], 'userfiles': [], 'primarydataset': 'TT01j2l_SMEFTsim_LHEGEN_UL17_0to700', 'ignorelocality': 0, 'dryrun': 0, 'workflow': 'crab_UL17_mtt0to700_v1', 'nonprodsw': 0, 'tfileoutfiles': [], 'oneEventMode': 0, 'debugfilename': '14a5c25e26d79135ca8a48b89ca68b14d21b87d782418430a010051e7739f410.tar.gz', 'saveoutput': 1, 'publication': 1, 'jobarch': 'slc7_amd64_gcc700', 'totalunits': 800000, 'splitalgo': 'EventBased', 'ignoreglobalblacklist': 0, 'nonvaliddata': 0, 'dbsurl': 'https://cmsweb.cern.ch/dbs/prod/global/DBSReader', 'requireaccelerator': 0, 'jobtype': 'PrivateMC'} 
DEBUG 2026-02-27 03:05:47.103 UTC: 	 Encoded data for curl request: maxjobruntime=1250&jobminuarch=any&lfn=%2Fstore%2Fuser%2Fhnelson%2Fmc%2FttbarEFT_Run2%2FUL17%2FLHEGEN%2F&savelogsflag=1&useparent=0&asyncdest=T3_US_NotreDame&algoargs=1000&cachefilename=8efbc3208ba04de704a40e0d12d916f8c80bc5f2791b3ef1f070180d78ddbe8d.tar.gz&numcores=2&generator=pythia&maxmemory=5000&partialdataset=0&publishdbsurl=https%3A%2F%2Fcmsweb.cern.ch%2Fdbs%2Fprod%2Fphys03%2FDBSWriter&priority=10&jobsw=CMSSW_10_6_42&eventsperlumi=1000&primarydataset=TT01j2l_SMEFTsim_LHEGEN_UL17_0to700&ignorelocality=0&dryrun=0&workflow=crab_UL17_mtt0to700_v1&nonprodsw=0&oneEventMode=0&debugfilename=14a5c25e26d79135ca8a48b89ca68b14d21b87d782418430a010051e7739f410.tar.gz&saveoutput=1&publication=1&jobarch=slc7_amd64_gcc700&totalunits=800000&splitalgo=EventBased&ignoreglobalblacklist=0&nonvaliddata=0&dbsurl=https%3A%2F%2Fcmsweb.cern.ch%2Fdbs%2Fprod%2Fglobal%2FDBSReader&requireaccelerator=0&jobtype=PrivateMC&edmoutfiles=GEN-00000.root&edmoutfiles=GEN-00000_inLHE.root
DEBUG 2026-02-27 03:05:47.647 UTC: 	 Result: {u'result': [{u'RequestName': u'260227_030547:hnelson_crab_UL17_mtt0to700_v1'}]}
INFO 2026-02-27 03:05:47.651 UTC: 	 Success: Your task has been delivered to the prod CRAB3 server.
INFO 2026-02-27 03:05:47.651 UTC: 	 Task name: 260227_030547:hnelson_crab_UL17_mtt0to700_v1
INFO 2026-02-27 03:05:47.651 UTC: 	 Project dir: crabLHEGEN/crab_UL17_mtt0to700_v1
INFO 2026-02-27 03:05:47.651 UTC: 	 Please use ' crab status -d crabLHEGEN/crab_UL17_mtt0to700_v1 ' to check how the submission process proceeds.
DEBUG 2026-02-27 03:05:47.651 UTC: 	 About to return
INFO 2026-02-27 03:05:47.654 UTC: 	 Log file is /users/hnelson2/mc_production/crab/crab_2017/crabLHEGEN/crab_UL17_mtt0to700_v1/crab.log
DEBUG 2026-02-27 14:40:40.910 UTC: 	 CRAB Client version: v3.251020
DEBUG 2026-02-27 14:40:40.910 UTC: 	 Running on: Linux glados.crc.nd.edu 5.14.0-611.26.1.el9_7.x86_64 #1 SMP PREEMPT_DYNAMIC Sat Jan 17 05:14:35 EST 2026 x86_64 x86_64 x86_64 GNU/Linux
DEBUG 2026-02-27 14:40:40.910 UTC: 	 Using SINGULARITY image: el7:x86_64
DEBUG 2026-02-27 14:40:40.910 UTC: 	 Operating System: CentOS Linux 7 (Core)
DEBUG 2026-02-27 14:40:40.910 UTC: 	 Executing command: 'status'
DEBUG 2026-02-27 14:40:40.911 UTC: 	 Found CRAB cache file /users/hnelson2/.crab3
DEBUG 2026-02-27 14:40:40.931 UTC: 	 Checking credentials
DEBUG 2026-02-27 14:40:40.931 UTC: 	 Found proxy file /tmp/x509up_u240351
DEBUG 2026-02-27 14:40:40.931 UTC: 	 Making sure it has proper VOMS extension
DEBUG 2026-02-27 14:40:40.931 UTC: 	 Executing command :
 voms-proxy-info --vo --file /tmp/x509up_u240351
DEBUG 2026-02-27 14:40:40.957 UTC: 	 output : cms

 error: 
 retcode : 0
DEBUG 2026-02-27 14:40:40.957 UTC: 	 Getting proxy life time left
DEBUG 2026-02-27 14:40:40.957 UTC: 	 Executing command :
 voms-proxy-info --actimeleft --timeleft --file /tmp/x509up_u240351
DEBUG 2026-02-27 14:40:40.982 UTC: 	 output : 432628
432628

 error: 
 retcode : 0
DEBUG 2026-02-27 14:40:40.982 UTC: 	 Proxy valid for 120:10:28 hours
DEBUG 2026-02-27 14:40:40.982 UTC: 	 Encoded data for curl request: subresource=delegatedn
DEBUG 2026-02-27 14:40:41.464 UTC: 	 Registering user credentials on myproxy for /DC=ch/DC=cern/OU=Organic Units/OU=Users/CN=cmscrab/CN=(817881|373708)/CN=Robot: cms crab|/DC=ch/DC=cern/OU=Organic Units/OU=Users/CN=crabint1/CN=373708/CN=Robot: CMS CRAB Integration 1
DEBUG 2026-02-27 14:40:41.464 UTC: 	 Executing command :
 voms-proxy-info --identity --file /tmp/x509up_u240351
DEBUG 2026-02-27 14:40:41.490 UTC: 	 output : /DC=ch/DC=cern/OU=Organic Units/OU=Users/CN=hnelson/CN=840263/CN=Hannah Nelson

 error: 
 retcode : 0
DEBUG 2026-02-27 14:40:41.490 UTC: 	 Getting myproxy life time left for c3e16ea20b08f8e757734afcb41440bd5632a615
DEBUG 2026-02-27 14:40:41.490 UTC: 	 Executing command :
 myproxy-info -s myproxy.cern.ch -l c3e16ea20b08f8e757734afcb41440bd5632a615
DEBUG 2026-02-27 14:40:42.473 UTC: 	 output : username: c3e16ea20b08f8e757734afcb41440bd5632a615
owner: /DC=ch/DC=cern/OU=Organic Units/OU=Users/CN=hnelson/CN=840263/CN=Hannah Nelson
  renewal policy: /DC=ch/DC=cern/OU=Organic Units/OU=Users/CN=cmscrab/CN=(817881|373708)/CN=Robot: cms crab|/DC=ch/DC=cern/OU=Organic Units/OU=Users/CN=crabint1/CN=373708/CN=Robot: CMS CRAB Integration 1
  trusted retrieval policy: /DC=ch/DC=cern/OU=Organic Units/OU=Users/CN=cmscrab/CN=(817881|373708)/CN=Robot: cms crab|/DC=ch/DC=cern/OU=Organic Units/OU=Users/CN=crabint1/CN=373708/CN=Robot: CMS CRAB Integration 1
  timeleft: 556:44:58  (23.2 days)

 error: 
 retcode : 0
DEBUG 2026-02-27 14:40:42.473 UTC: 	 Myproxy is valid: 2004240
DEBUG 2026-02-27 14:40:42.473 UTC: 	 Result of myproxy credential check:
  Credential exists on myproxy: username: c3e16ea20b08f8e757734afcb41440bd5632a615  - validity: 23 days, 4:44:00
DEBUG 2026-02-27 14:40:42.473 UTC: 	 Retrieving username ...
DEBUG 2026-02-27 14:40:42.473 UTC: 	 Retrieving username from CRIC...
DEBUG 2026-02-27 14:40:44.183 UTC: 	 username is hnelson
INFO 2026-02-27 14:40:44.747 UTC: 	 Rucio client intialized for account hnelson
DEBUG 2026-02-27 14:40:44.750 UTC: 	 Command use: status
DEBUG 2026-02-27 14:40:44.750 UTC: 	 Options use: ['-d', 'crabLHEGEN/crab_UL17_mtt0to700_v1']
DEBUG 2026-02-27 14:40:44.750 UTC: 	 Encoded data for curl request: subresource=version
DEBUG 2026-02-27 14:40:45.229 UTC: 	 CRABClient version: v3.251020
DEBUG 2026-02-27 14:40:45.229 UTC: 	 Instance is prod
DEBUG 2026-02-27 14:40:45.229 UTC: 	 Server base url is cmsweb.cern.ch
DEBUG 2026-02-27 14:40:45.229 UTC: 	 Command api workflow
DEBUG 2026-02-27 14:40:45.230 UTC: 	 Encoded data for curl request: subresource=search&workflow=260227_030547%3Ahnelson_crab_UL17_mtt0to700_v1
DEBUG 2026-02-27 14:40:45.730 UTC: 	 Got information from server oracle database: {'desc': {'columns': ['tm_taskname', 'tm_activity', 'tm_task_status', 'tm_task_command', 'tm_start_time', 'tm_start_injection', 'tm_end_injection', 'tm_task_failure', 'tm_job_sw', 'tm_job_arch', 'tm_input_dataset', 'tm_nonvalid_input_dataset', 'tm_use_parent', 'tm_site_whitelist', 'tm_site_blacklist', 'tm_split_algo', 'tm_split_args', 'tm_user_sandbox', 'tm_cache_url', 'tm_username', 'tm_user_dn', 'tm_user_vo', 'tm_user_role', 'tm_user_group', 'tm_publish_name', 'tm_publish_groupname', 'tm_asyncdest', 'tm_dbs_url', 'tm_publish_dbs_url', 'tm_publication', 'tm_outfiles', 'tm_tfile_outfiles', 'tm_edm_outfiles', 'tm_job_type', 'tm_generator', 'tm_events_per_lumi', 'tm_arguments', 'tm_save_logs', 'tw_name', 'tm_user_infiles', 'tm_maxjobruntime', 'tm_numcores', 'tm_maxmemory', 'tm_priority', 'tm_output_dataset', 'tm_task_warnings', 'tm_user_webdir', 'tm_scriptexe', 'tm_scriptargs', 'tm_extrajdl', 'tm_collector', 'tm_schedd', 'tm_dry_run', 'tm_user_files', 'tm_transfer_outputs', 'tm_output_lfn', 'tm_ignore_locality', 'tm_fail_limit', 'tm_one_event_mode', 'tm_secondary_input_dataset', 'tm_primary_dataset', 'tm_last_publication', 'tm_debug_files', 'clusterid', 'tm_ignore_global_blacklist', 'tm_submitter_ip_addr', 'tm_totalunits', 'tm_ddm_reqid', 'tm_user_config', 'tm_transfer_container', 'tm_transfer_rule', 'tm_publish_rule', 'tm_multipub_rule', 'tm_job_min_microarch', 'tm_dagman_status', 'tm_num_jobs', 'tm_uploaded']}, 'result': ['260227_030547:hnelson_crab_UL17_mtt0to700_v1', 'None', 'SUBMITTED', 'SUBMIT', '2026-02-27 03:05:47.582624', 'None', '2026-02-27 03:07:06.714374', 'None', 'CMSSW_10_6_42', 'slc7_amd64_gcc700', 'None', 'F', '0', '[]', '[]', 'EventBased', "{'halt_job_on_file_boundaries': False, 'splitOnRun': False, 'events_per_job': 1000, 'runs': [], 'lumis': []}", '8efbc3208ba04de704a40e0d12d916f8c80bc5f2791b3ef1f070180d78ddbe8d.tar.gz', 'S3/crabcache_prod', 'hnelson', '/DC=ch/DC=cern/OU=Organic Units/OU=Users/CN=hnelson/CN=840263/CN=Hannah Nelson', 'cms', 'None', 'None', 'crab_UL17_mtt0to700_v1-00000000000000000000000000000000', 'F', 'T3_US_NotreDame', 'https://cmsweb.cern.ch/dbs/prod/global/DBSReader', 'https://cmsweb.cern.ch/dbs/prod/phys03/DBSWriter', 'T', '[]', '[]', "['GEN-00000.root', 'GEN-00000_inLHE.root']", 'PrivateMC', 'pythia', '1000', '{}', 'T', 'crab-prod-tw01', '[]', '1250', '2', '5000', '10', "['/TT01j2l_SMEFTsim_LHEGEN_UL17_0to700/hnelson-crab_UL17_mtt0to700_v1-LHEoutput-0cb7fd35a8595477afe67fe9d5828274/USER']", '[]', 'http://vocms0196.cern.ch/mon/hnelson/260227_030547:hnelson_crab_UL17_mtt0to700_v1', 'None', '[]', '[]', 'cmsgwms-collector-global.cern.ch:9620,cmsgwms-collector-global.fnal.gov:9620', 'crab3@vocms0196.cern.ch', 'F', '[]', 'T', '/store/user/hnelson/mc/ttbarEFT_Run2/UL17/LHEGEN/', 'F', 'None', 'F', 'None', 'TT01j2l_SMEFTsim_LHEGEN_UL17_0to700', 'None', '14a5c25e26d79135ca8a48b89ca68b14d21b87d782418430a010051e7739f410.tar.gz', '141680123', 'F', '188.185.89.194', '800000.0', 'None', '{"partialdataset": false, "requireaccelerator": false, "acceleratorparams": null, "inputblocks": null}', 'None', 'None', 'None', 'None', 'any', 'RUNNING', '800', 'T']}
INFO 2026-02-27 14:40:45.731 UTC: 	 CRAB project directory:		/users/hnelson2/mc_production/crab/crab_2017/crabLHEGEN/crab_UL17_mtt0to700_v1
INFO 2026-02-27 14:40:45.731 UTC: 	 Task name:			260227_030547:hnelson_crab_UL17_mtt0to700_v1
INFO 2026-02-27 14:40:45.731 UTC: 	 Grid scheduler - Task Worker:	crab3@vocms0196.cern.ch - crab-prod-tw01
INFO 2026-02-27 14:40:45.731 UTC: 	 Status on the CRAB server:	SUBMITTED
INFO 2026-02-27 14:40:45.731 UTC: 	 Task URL to use for HELP:	https://cmsweb.cern.ch/crabserver/ui/task/260227_030547%3Ahnelson_crab_UL17_mtt0to700_v1
INFO 2026-02-27 14:40:45.736 UTC: 	 Dashboard monitoring URL:	https://monit-grafana.cern.ch/d/cmsTMDetail/cms-task-monitoring-task-view?orgId=11&var-user=hnelson&var-task=260227_030547%3Ahnelson_crab_UL17_mtt0to700_v1&from=1772157947000&to=now
DEBUG 2026-02-27 14:40:45.737 UTC: 	 The CRAB server submitted your task to the Grid scheduler (cluster ID: 141680123)
DEBUG 2026-02-27 14:40:45.737 UTC: 	 Webdir is located at http://vocms0196.cern.ch/mon/hnelson/260227_030547:hnelson_crab_UL17_mtt0to700_v1
DEBUG 2026-02-27 14:40:45.737 UTC: 	 Encoded data for curl request: subresource=webdirprx&workflow=260227_030547%3Ahnelson_crab_UL17_mtt0to700_v1
DEBUG 2026-02-27 14:40:46.227 UTC: 	 Proxied webdir is located at https://cmsweb.cern.ch/scheddmon/0196/hnelson/260227_030547:hnelson_crab_UL17_mtt0to700_v1
DEBUG 2026-02-27 14:40:46.228 UTC: 	 Retrieving 'status_cache' file from https://cmsweb.cern.ch/scheddmon/0196/hnelson/260227_030547:hnelson_crab_UL17_mtt0to700_v1/status_cache.pkl
DEBUG 2026-02-27 14:40:46.228 UTC: 	 Will execute:
curl -sS --capath /etc/grid-security/certificates --cert /tmp/x509up_u240351 --key /tmp/x509up_u240351 -o /tmp/crab_status-cache-_7i3b384.pkl -w %"{http_code}" "https://cmsweb.cern.ch/scheddmon/0196/hnelson/260227_030547:hnelson_crab_UL17_mtt0to700_v1/status_cache.pkl"
DEBUG 2026-02-27 14:40:46.228 UTC: 	 Executing command :
 curl -sS --capath /etc/grid-security/certificates --cert /tmp/x509up_u240351 --key /tmp/x509up_u240351 -o /tmp/crab_status-cache-_7i3b384.pkl -w %"{http_code}" "https://cmsweb.cern.ch/scheddmon/0196/hnelson/260227_030547:hnelson_crab_UL17_mtt0to700_v1/status_cache.pkl"
DEBUG 2026-02-27 14:40:47.301 UTC: 	 output : 200
 error: 
 retcode : 0
DEBUG 2026-02-27 14:40:47.301 UTC: 	 exitcode: 0
stdout: 200
stderr: 
error details: 
DEBUG 2026-02-27 14:40:47.306 UTC: 	 Got information from status cache file: {'3': {'Retries': 0, 'Restarts': 0, 'SiteHistory': ['Unknown', 'T2_US_UCSD', 'T2_US_UCSD'], 'ResidentSetSize': [674572], 'SubmitTimes': [1772161695.0], 'StartTimes': [1772162807.0], 'EndTimes': [1772166028.0], 'TotalUserCpuTimeHistory': [4196], 'TotalSysCpuTimeHistory': [823], 'WallDurations': [8.0, 153.05221223831177, 3221.0], 'JobIds': ['141680129.0'], 'State': 'finished', 'RecordedSite': True, 'Error': [0, 'OK', {}]}, '14': {'Retries': 0, 'Restarts': 0, 'SiteHistory': ['Unknown', 'T2_US_UCSD', 'T2_US_UCSD'], 'ResidentSetSize': [694092], 'SubmitTimes': [1772161695.0], 'StartTimes': [1772162810.0], 'EndTimes': [1772165106.0], 'TotalUserCpuTimeHistory': [2641], 'TotalSysCpuTimeHistory': [679], 'WallDurations': [9.0, 150.05221223831177, 2296.0], 'JobIds': ['141680130.0'], 'State': 'finished', 'RecordedSite': True, 'Error': [0, 'OK', {}]}, '9': {'Retries': 0, 'Restarts': 0, 'SiteHistory': ['Unknown', 'T2_US_Florida', 'T2_US_Florida'], 'ResidentSetSize': [666236], 'SubmitTimes': [1772161695.0], 'StartTimes': [1772162806.0], 'EndTimes': [1772164360.0], 'TotalUserCpuTimeHistory': [2142], 'TotalSysCpuTimeHistory': [244], 'WallDurations': [8.0, 154.05221223831177, 1554.0], 'JobIds': ['141680131.0'], 'State': 'finished', 'RecordedSite': True, 'Error': [0, 'OK', {}]}, '6': {'Retries': 2, 'Restarts': 1, 'SiteHistory': ['Unknown', 'T2_US_Florida', 'T2_US_Florida', 'T2_FR_IPHC', 'T2_BE_IIHE', 'T2_BE_IIHE'], 'ResidentSetSize': [1370300, 0, 657400], 'SubmitTimes': [1772161695.0, -1, 1772182047.0], 'StartTimes': [1772162810.0, 1772165386.0, 1772182080.0], 'EndTimes': [1772165374.0, 1772167562.0, 1772185163.0], 'TotalUserCpuTimeHistory': [3016.0, 5556, 3706], 'TotalSysCpuTimeHistory': [420.0, 843, 1120], 'WallDurations': [8.0, 150.05221223831177, 2564.0, 2176.0, 9.0, 3083.0], 'JobIds': ['141680132.0', '141680132.0', '141686271.0'], 'State': 'transferring', 'RecordedSite': True, 'Error': [90000, "Got recoverable stageout exception:\nStageout failed with code 1.\nThere were 3 failed/killed stageout jobs.\nFailure reasons (per document) follow:\n- 8741332656432edf69f9bc0ed749718090e36aef0d3e139ba5f5f75b:\n  -----> ASO log start -----\n  ['DESTINATION [110] timeout of 900s [...CUT...] Full log at https://fts3-cms.cern.ch:8449/fts3/ftsmon/#/job/ed45f8b8-1397-11f1-858c-fa163e65d4d2']\n  <----- ASO log finish ----\n  The last failure reason is recoverable.\n- 4c3e10f5787d75d4b2a8d18992a3ef79f729d8e1f89012fa24dc7194:\n  -----> ASO log start -----\n  ['TRANSFER [5] TRANSFER ERROR: Copy failed (3rd pull). Last attempt: copy HTTP 500 : Unexpected server error: 500 [...CUT...] Full log at https://fts3-cms.cern.ch:8449/fts3/ftsmon/#/job/ed45f8b8-1397-11f1-858c-fa163e65d4d2']\n  <----- ASO log finish ----\n  The last failure reason is recoverable.\n- 185e91f815790f1932c164ba2184cd8aa1f03c5fbf9b75ce9f4b57c6:\n  -----> ASO log start -----\n  ['TRANSFER [5] TRANSFER ERROR: Copy failed (3rd pull). Last attempt: copy HTTP 500 : Unexpected server error: 500 [...CUT...] Full log at https://fts3-cms.cern.ch:8449/fts3/ftsmon/#/job/ed45f8b8-1397-11f1-858c-fa163e65d4d2']\n  <----- ASO log finish ----\n  The last failure reason is recoverable.", {}]}, '10': {'Retries': 0, 'Restarts': 0, 'SiteHistory': ['Unknown', 'T2_US_UCSD', 'T2_US_UCSD'], 'ResidentSetSize': [663188], 'SubmitTimes': [1772161695.0], 'StartTimes': [1772162810.0], 'EndTimes': [1772164724.0], 'TotalUserCpuTimeHistory': [2123], 'TotalSysCpuTimeHistory': [516], 'WallDurations': [9.0, 150.05221223831177, 1914.0], 'JobIds': ['141680133.0'], 'State': 'finished', 'RecordedSite': True, 'Error': [0, 'OK', {}]}, '12': {'Retries': 0, 'Restarts': 0, 'SiteHistory': ['Unknown', 'T2_US_UCSD', 'T2_US_UCSD'], 'ResidentSetSize': [670792], 'SubmitTimes': [1772161695.0], 'StartTimes': [1772162809.0], 'EndTimes': [1772165610.0], 'TotalUserCpuTimeHistory': [3212], 'TotalSysCpuTimeHistory': [703], 'WallDurations': [10.0, 151.05221223831177, 2801.0], 'JobIds': ['141680134.0'], 'State': 'finished', 'RecordedSite': True, 'Error': [0, 'OK', {}]}, '8': {'Retries': 2, 'Restarts': 1, 'SiteHistory': ['Unknown', 'T2_US_Florida', 'T2_US_Florida', 'T2_BE_IIHE', 'T2_CH_CERN', 'T2_CH_CERN'], 'ResidentSetSize': [632432, 750000, 738116], 'SubmitTimes': [1772161695.0, -1, 1772181235.0], 'StartTimes': [1772162810.0, 1772164807.0, 1772181279.0], 'EndTimes': [1772164795.0, 1772166751.0, 1772183062.0], 'TotalUserCpuTimeHistory': [2512.0, 5001, 2153], 'TotalSysCpuTimeHistory': [291.0, 1077, 612], 'WallDurations': [8.0, 150.05221223831177, 1985.0, 1944.0, 9.0, 1783.0], 'JobIds': ['141680135.0', '141680135.0', '141686159.0'], 'State': 'transferring', 'RecordedSite': True, 'Error': [90000, "Got recoverable stageout exception:\nStageout failed with code 1.\nThere were 3 failed/killed stageout jobs.\nFailure reasons (per document) follow:\n- ff2c699136b237effa19662af3fabf28b2422777b824b15dac62c72e:\n  -----> ASO log start -----\n  ['TRANSFER [5] TRANSFER ERROR: Copy failed (3rd pull). Last attempt: copy HTTP 500 : Unexpected server error: 500 [...CUT...] Full log at https://fts3-cms.cern.ch:8449/fts3/ftsmon/#/job/ba6dbd9c-1395-11f1-a95b-fa163eaa97bf']\n  <----- ASO log finish ----\n  The last failure reason is recoverable.\n- 6c3b41051b715fb9912c8746f6937bc2337fd405a50dccbe9f7b6a55:\n  -----> ASO log start -----\n  ['TRANSFER [5] TRANSFER ERROR: Copy failed (3rd pull). Last attempt: copy HTTP 500 : Unexpected server error: 500 [...CUT...] Full log at https://fts3-cms.cern.ch:8449/fts3/ftsmon/#/job/ba6dbd9c-1395-11f1-a95b-fa163eaa97bf']\n  <----- ASO log finish ----\n  The last failure reason is recoverable.\n- 0d7f8387633c36c517b88eb53bb5d75a42e9976c12ece9414a194263:\n  -----> ASO log start -----\n  ['TRANSFER [5] TRANSFER ERROR: Copy failed (3rd pull). Last attempt: copy HTTP 500 : Unexpected server error: 500 [...CUT...] Full log at https://fts3-cms.cern.ch:8449/fts3/ftsmon/#/job/ba6dbd9c-1395-11f1-a95b-fa163eaa97bf']\n  <----- ASO log finish ----\n  The last failure reason is recoverable.", {}]}, '17': {'Retries': 3, 'Restarts': 1, 'SiteHistory': ['Unknown', 'T2_US_Florida', 'T2_US_Florida', 'T2_IT_Rome', 'T2_FR_GRIF', 'T2_FR_GRIF', 'Unknown', 'T2_US_Purdue', 'T2_US_Purdue'], 'ResidentSetSize': [706152, 0, 676316, 2597104], 'SubmitTimes': [1772161695.0, -1, 1772179254.0, 1772199853.0], 'StartTimes': [1772162806.0, 1772165518.0, 1772179276.0, 1772199896.0], 'EndTimes': [1772165511.0, 1772168373.0, 1772183511.0], 'TotalUserCpuTimeHistory': [2915.0, 7213, 5881, 1869.0], 'TotalSysCpuTimeHistory': [307.0, 1155, 1332, 614.0], 'WallDurations': [8.0, 154.05221223831177, 2705.0, 2855.0, 9.0, 4235.0, 9.0, 272.76059436798096, 1510.0], 'JobIds': ['141680136.0', '141680136.0', '141685908.0', '141706265.0'], 'State': 'running', 'RecordedSite': True, 'Error': [90000, "Got recoverable stageout exception:\nStageout failed with code 1.\nThere were 3 failed/killed stageout jobs.\nFailure reasons (per document) follow:\n- 165df789996d0ac5806020534bdd5a2762dec8822ff7cce2090f0748:\n  -----> ASO log start -----\n  ['TRANSFER [5] TRANSFER ERROR: Copy failed (3rd pull). Last attempt: copy HTTP 500 : Unexpected server error: 500 [...CUT...] Full log at https://fts3-cms.cern.ch:8449/fts3/ftsmon/#/job/90d83f26-13bc-11f1-9deb-fa163e9e00e6']\n  <----- ASO log finish ----\n  The last failure reason is recoverable.\n- 65aa98eb68ab27fb38dbce5760fe39a411e0093663c4e6816db1f093:\n  -----> ASO log start -----\n  ['TRANSFER [5] TRANSFER ERROR: Copy failed (3rd pull). Last attempt: copy HTTP 500 : Unexpected server error: 500 [...CUT...] Full log at https://fts3-cms.cern.ch:8449/fts3/ftsmon/#/job/90d83f26-13bc-11f1-9deb-fa163e9e00e6']\n  <----- ASO log finish ----\n  The last failure reason is recoverable.\n- 97381a60b35d9cb1504af9a9bfce6b1455de31fb15d4dcf3ee8846b7:\n  -----> ASO log start -----\n  ['TRANSFER [5] TRANSFER ERROR: Copy failed (3rd pull). Last attempt: copy HTTP 500 : Unexpected server error: 500 [...CUT...] Full log at https://fts3-cms.cern.ch:8449/fts3/ftsmon/#/job/90d83f26-13bc-11f1-9deb-fa163e9e00e6']\n  <----- ASO log finish ----\n  The last failure reason is recoverable.", {}]}, '2': {'Retries': 0, 'Restarts': 0, 'SiteHistory': ['Unknown', 'T2_US_Florida', 'T2_US_Florida'], 'ResidentSetSize': [650580], 'SubmitTimes': [1772161695.0], 'StartTimes': [1772162806.0], 'EndTimes': [1772165117.0], 'TotalUserCpuTimeHistory': [3220], 'TotalSysCpuTimeHistory': [389], 'WallDurations': [9.0, 154.05221223831177, 2311.0], 'JobIds': ['141680137.0'], 'State': 'finished', 'RecordedSite': True, 'Error': [0, 'OK', {}]}, '16': {'Retries': 0, 'Restarts': 1, 'SiteHistory': ['Unknown', 'T2_US_Florida', 'T2_US_Florida', 'T2_CH_CSCS'], 'ResidentSetSize': [633428, 750000], 'SubmitTimes': [1772161695.0, -1], 'StartTimes': [1772162810.0, 1772164796.0], 'EndTimes': [1772164793.0, 1772166768.0], 'TotalUserCpuTimeHistory': [2200.0, 4677], 'TotalSysCpuTimeHistory': [231.0, 883], 'WallDurations': [8.0, 150.05221223831177, 1983.0, 1972.0], 'JobIds': ['141680138.0', '141680138.0'], 'State': 'finished', 'RecordedSite': True, 'Error': [0, 'OK', {}]}, '7': {'Retries': 0, 'Restarts': 0, 'SiteHistory': ['Unknown', 'T2_US_Nebraska', 'T2_US_Nebraska'], 'ResidentSetSize': [774128], 'SubmitTimes': [1772161695.0], 'StartTimes': [1772162807.0], 'EndTimes': [1772166820.0], 'TotalUserCpuTimeHistory': [5357], 'TotalSysCpuTimeHistory': [1163], 'WallDurations': [9.0, 153.05221223831177, 4013.0], 'JobIds': ['141680139.0'], 'State': 'finished', 'RecordedSite': True, 'Error': [0, 'OK', {}]}, '20': {'Retries': 0, 'Restarts': 0, 'SiteHistory': ['Unknown', 'T2_US_Florida', 'T2_US_Florida'], 'ResidentSetSize': [664424], 'SubmitTimes': [1772161695.0], 'StartTimes': [1772162806.0], 'EndTimes': [1772164325.0], 'TotalUserCpuTimeHistory': [2038], 'TotalSysCpuTimeHistory': [201], 'WallDurations': [9.0, 154.05221223831177, 1519.0], 'JobIds': ['141680140.0'], 'State': 'finished', 'RecordedSite': True, 'Error': [0, 'OK', {}]}, '11': {'Retries': 0, 'Restarts': 0, 'SiteHistory': ['Unknown', 'T2_US_Wisconsin', 'T2_US_Wisconsin'], 'ResidentSetSize': [729020], 'SubmitTimes': [1772161695.0], 'StartTimes': [1772162806.0], 'EndTimes': [1772167715.0], 'TotalUserCpuTimeHistory': [6354], 'TotalSysCpuTimeHistory': [1848], 'WallDurations': [9.0, 154.05221223831177, 4909.0], 'JobIds': ['141680141.0'], 'State': 'finished', 'RecordedSite': True, 'Error': [0, 'OK', {}]}, '19': {'Retries': 0, 'Restarts': 0, 'SiteHistory': ['Unknown', 'T2_US_Florida', 'T2_US_Florida'], 'ResidentSetSize': [704148], 'SubmitTimes': [1772161695.0], 'StartTimes': [1772162806.0], 'EndTimes': [1772165081.0], 'TotalUserCpuTimeHistory': [3095], 'TotalSysCpuTimeHistory': [365], 'WallDurations': [8.0, 154.05221223831177, 2275.0], 'JobIds': ['141680142.0'], 'State': 'finished', 'RecordedSite': True, 'Error': [0, 'OK', {}]}, '15': {'Retries': 0, 'Restarts': 0, 'SiteHistory': ['Unknown', 'T2_US_Florida', 'T2_US_Florida'], 'ResidentSetSize': [751612], 'SubmitTimes': [1772161695.0], 'StartTimes': [1772162806.0], 'EndTimes': [1772164322.0], 'TotalUserCpuTimeHistory': [2133], 'TotalSysCpuTimeHistory': [220], 'WallDurations': [8.0, 154.05221223831177, 1516.0], 'JobIds': ['141680143.0'], 'State': 'finished', 'RecordedSite': True, 'Error': [0, 'OK', {}]}, '4': {'Retries': 0, 'Restarts': 0, 'SiteHistory': ['Unknown', 'T2_US_Wisconsin', 'T2_US_Wisconsin'], 'ResidentSetSize': [704032], 'SubmitTimes': [1772161695.0], 'StartTimes': [1772162806.0], 'EndTimes': [1772166146.0], 'TotalUserCpuTimeHistory': [3840], 'TotalSysCpuTimeHistory': [1257], 'WallDurations': [9.0, 154.05221223831177, 3340.0], 'JobIds': ['141680144.0'], 'State': 'finished', 'RecordedSite': True, 'Error': [0, 'OK', {}]}, '13': {'Retries': 0, 'Restarts': 0, 'SiteHistory': ['Unknown', 'T2_US_MIT', 'T2_US_MIT'], 'ResidentSetSize': [508640], 'SubmitTimes': [1772161695.0], 'StartTimes': [1772162804.0], 'EndTimes': [1772166712.0], 'TotalUserCpuTimeHistory': [4903], 'TotalSysCpuTimeHistory': [1416], 'WallDurations': [9.0, 156.05221223831177, 3908.0], 'JobIds': ['141680145.0'], 'State': 'finished', 'RecordedSite': True, 'Error': [0, 'OK', {}]}, '1': {'Retries': 3, 'Restarts': 1, 'SiteHistory': ['Unknown', 'T2_US_Florida', 'T2_US_Florida', 'T2_BE_UCL', 'Unknown', 'T3_KR_KNU', 'T3_KR_KNU', 'T2_CH_CERN', 'T2_CH_CERN'], 'ResidentSetSize': [2600980, 0, 768728, 664620], 'SubmitTimes': [1772161695.0, -1, 1772174130.0, 1772181098.0], 'StartTimes': [1772162826.0, 1772165443.0, 1772174296.0, 1772181103.0], 'EndTimes': [1772165425.0, 1772168655.0, 1772177366.0, 1772184076.0], 'TotalUserCpuTimeHistory': [3214.0, 4554, 4362, 3174], 'TotalSysCpuTimeHistory': [443.0, 486, 895, 1140], 'WallDurations': [9.0, 134.05221223831177, 2599.0, 3212.0, 8.0, 161.04341316223145, 3070.0, 9.0, 2973.0], 'JobIds': ['141680146.0', '141680146.0', '141684777.0', '141686138.0'], 'State': 'transferring', 'RecordedSite': True, 'Error': [90000, "Got recoverable stageout exception:\nStageout failed with code 1.\nThere were 1 failed/killed stageout jobs.\nFailure reasons (per document) follow:\n- 81d600a125a0ded7e4736e960eac2f5c436dfe7691b2bf42abb8e455:\n  -----> ASO log start -----\n  ['TRANSFER [112] TRANSFER ERROR: Copy failed (3rd pull). Last attempt: copy HTTP 400 : Server Error [...CUT...] Full log at https://fts3-cms.cern.ch:8449/fts3/ftsmon/#/job/a54a8170-13ae-11f1-9883-fa163e65d4d2']\n  <----- ASO log finish ----\n  The last failure reason is recoverable.", {}]}, '18': {'Retries': 0, 'Restarts': 0, 'SiteHistory': ['Unknown', 'T2_US_Nebraska', 'T2_US_Nebraska'], 'ResidentSetSize': [3223976], 'SubmitTimes': [1772161695.0], 'StartTimes': [1772162808.0], 'EndTimes': [1772165907.0], 'TotalUserCpuTimeHistory': [4084], 'TotalSysCpuTimeHistory': [747], 'WallDurations': [9.0, 152.05221223831177, 3099.0], 'JobIds': ['141680147.0'], 'State': 'finished', 'RecordedSite': True, 'Error': [0, 'OK', {}]}, '5': {'Retries': 0, 'Restarts': 0, 'SiteHistory': ['Unknown', 'T2_US_Nebraska', 'T2_US_Nebraska'], 'ResidentSetSize': [660692], 'SubmitTimes': [1772161695.0], 'StartTimes': [1772162806.0], 'EndTimes': [1772167926.0], 'TotalUserCpuTimeHistory': [7140], 'TotalSysCpuTimeHistory': [1031], 'WallDurations': [8.0, 154.05221223831177, 5120.0], 'JobIds': ['141680148.0'], 'State': 'finished', 'RecordedSite': True, 'Error': [0, 'OK', {}]}, '26': {'Retries': 0, 'Restarts': 0, 'SiteHistory': ['Unknown', 'T2_US_Nebraska', 'T2_US_Nebraska'], 'ResidentSetSize': [764692], 'SubmitTimes': [1772161695.0], 'StartTimes': [1772162807.0], 'EndTimes': [1772167104.0], 'TotalUserCpuTimeHistory': [5320], 'TotalSysCpuTimeHistory': [1262], 'WallDurations': [8.0, 153.05221223831177, 4297.0], 'JobIds': ['141680149.0'], 'State': 'finished', 'RecordedSite': True, 'Error': [0, 'OK', {}]}, '25': {'Retries': 0, 'Restarts': 0, 'SiteHistory': ['Unknown', 'T2_US_Nebraska', 'T2_US_Nebraska'], 'ResidentSetSize': [3655980], 'SubmitTimes': [1772161695.0], 'StartTimes': [1772162806.0], 'EndTimes': [1772165980.0], 'TotalUserCpuTimeHistory': [4221], 'TotalSysCpuTimeHistory': [769], 'WallDurations': [9.0, 154.05221223831177, 3174.0], 'JobIds': ['141680150.0'], 'State': 'finished', 'RecordedSite': True, 'Error': [0, 'OK', {}]}, '28': {'Retries': 0, 'Restarts': 0, 'SiteHistory': ['Unknown', 'T2_US_Wisconsin', 'T2_US_Wisconsin'], 'ResidentSetSize': [3616648], 'SubmitTimes': [1772161695.0], 'StartTimes': [1772162808.0], 'EndTimes': [1772167031.0], 'TotalUserCpuTimeHistory': [5628], 'TotalSysCpuTimeHistory': [1697], 'WallDurations': [8.0, 152.05221223831177, 4223.0], 'JobIds': ['141680151.0'], 'State': 'finished', 'RecordedSite': True, 'Error': [0, 'OK', {}]}, '39': {'Retries': 2, 'Restarts': 1, 'SiteHistory': ['Unknown', 'T2_US_Florida', 'T2_US_Florida', 'T2_BE_IIHE', 'T2_US_Nebraska', 'T2_US_Nebraska'], 'ResidentSetSize': [634600, 750000, 643408], 'SubmitTimes': [1772161695.0, -1, 1772190404.0], 'StartTimes': [1772162810.0, 1772165881.0, 1772190451.0], 'EndTimes': [1772165820.0, 1772168711.0, 1772194022.0], 'TotalUserCpuTimeHistory': [1877.0, 5340, 4536], 'TotalSysCpuTimeHistory': [157.0, 1278, 798], 'WallDurations': [8.0, 150.05221223831177, 3010.0, 2830.0, 9.0, 3571.0], 'JobIds': ['141680152.0', '141680152.0', '141695484.0'], 'State': 'finished', 'RecordedSite': True, 'Error': [0, 'OK', {}]}, '38': {'Retries': 0, 'Restarts': 0, 'SiteHistory': ['Unknown', 'T2_US_UCSD', 'T2_US_UCSD'], 'ResidentSetSize': [653840], 'SubmitTimes': [1772161696.0], 'StartTimes': [1772162807.0], 'EndTimes': [1772165217.0], 'TotalUserCpuTimeHistory': [3136], 'TotalSysCpuTimeHistory': [574], 'WallDurations': [9.0, 153.05221223831177, 2410.0], 'JobIds': ['141680153.0'], 'State': 'finished', 'RecordedSite': True, 'Error': [0, 'OK', {}]}, '32': {'Retries': 1, 'Restarts': 0, 'SiteHistory': ['Unknown', 'T2_US_Nebraska', 'T2_US_Nebraska', 'T2_FR_IPHC', 'T2_FR_IPHC'], 'ResidentSetSize': [698668, 715032], 'SubmitTimes': [1772161696.0, 1772170534.0], 'StartTimes': [1772162806.0, 1772170651.0], 'EndTimes': [1772166859.0, 1772173383.0], 'TotalUserCpuTimeHistory': [4874, 3221], 'TotalSysCpuTimeHistory': [704, 1127], 'WallDurations': [8.0, 154.05221223831177, 4053.0, 8.0, 2732.0], 'JobIds': ['141680154.0', '141681796.0'], 'State': 'transferring', 'RecordedSite': True, 'Error': [90000, "Got recoverable stageout exception:\nStageout failed with code 1.\nThere were 1 failed/killed stageout jobs.\nFailure reasons (per document) follow:\n- 648e8180d9e9297a774600dacd7ebcbd54d0516e1465c1298548f5c7:\n  -----> ASO log start -----\n  ['TRANSFER [112] TRANSFER ERROR: Copy failed (3rd pull). Last attempt: copy HTTP 400 : Server Error [...CUT...] Full log at https://fts3-cms.cern.ch:8449/fts3/ftsmon/#/job/b9c4ad1a-1395-11f1-b511-fa163e5dc706']\n  <----- ASO log finish ----\n  The last failure reason is recoverable.", {}]}, '23': {'Retries': 0, 'Restarts': 0, 'SiteHistory': ['Unknown', 'T2_US_Florida', 'T2_US_Florida'], 'ResidentSetSize': [644332], 'SubmitTimes': [1772161696.0], 'StartTimes': [1772162811.0], 'EndTimes': [1772165087.0], 'TotalUserCpuTimeHistory': [3061], 'TotalSysCpuTimeHistory': [351], 'WallDurations': [8.0, 149.05221223831177, 2276.0], 'JobIds': ['141680155.0'], 'State': 'finished', 'RecordedSite': True, 'Error': [0, 'OK', {}]}, '29': {'Retries': 0, 'Restarts': 0, 'SiteHistory': ['Unknown', 'T2_US_Wisconsin', 'T2_US_Wisconsin'], 'ResidentSetSize': [711264], 'SubmitTimes': [1772161696.0], 'StartTimes': [1772162807.0], 'EndTimes': [1772166463.0], 'TotalUserCpuTimeHistory': [5090], 'TotalSysCpuTimeHistory': [1484], 'WallDurations': [9.0, 153.05221223831177, 3656.0], 'JobIds': ['141680156.0'], 'State': 'finished', 'RecordedSite': True, 'Error': [0, 'OK', {}]}, '30': {'Retries': 3, 'Restarts': 1, 'SiteHistory': ['Unknown', 'T2_US_Florida', 'T2_US_Florida', 'T2_BE_IIHE', 'T2_UK_London_IC', 'T2_UK_London_IC', 'Unknown', 'T2_CH_CERN', 'T2_CH_CERN'], 'ResidentSetSize': [678504, 750000, 779644, 578716], 'SubmitTimes': [1772161696.0, -1, 1772181174.0, 1772191672.0], 'StartTimes': [1772162806.0, 1772164750.0, 1772181187.0, 1772191810.0], 'EndTimes': [1772164743.0, 1772166679.0, 1772184340.0, 1772197028.0], 'TotalUserCpuTimeHistory': [2223.0, 4644, 3612, 5167], 'TotalSysCpuTimeHistory': [279.0, 1014, 992, 1706], 'WallDurations': [8.0, 154.05221223831177, 1937.0, 1929.0, 9.0, 3153.0, 9.0, 266.4325466156006, 5218.0], 'JobIds': ['141680157.0', '141680157.0', '141686153.0', '141696015.0'], 'State': 'transferring', 'RecordedSite': True, 'Error': [90000, "Got recoverable stageout exception:\nStageout failed with code 1.\nThere were 1 failed/killed stageout jobs.\nFailure reasons (per document) follow:\n- 02769ae1ca625e97f8799c2f2e57fe4d9e2e4568ab5dd0eb1ca91de5:\n  -----> ASO log start -----\n  ['DESTINATION [5] HTTP 500 : Unexpected server error: 500 [...CUT...] Full log at https://fts3-cms.cern.ch:8449/fts3/ftsmon/#/job/c171f79c-13be-11f1-9985-fa163e4409e3']\n  <----- ASO log finish ----\n  The last failure reason is recoverable.", {}]}, '37': {'Retries': 0, 'Restarts': 0, 'SiteHistory': ['Unknown', 'T2_US_UCSD', 'T2_US_UCSD'], 'ResidentSetSize': [670464], 'SubmitTimes': [1772161696.0], 'StartTimes': [1772162810.0], 'EndTimes': [1772165132.0], 'TotalUserCpuTimeHistory': [2703], 'TotalSysCpuTimeHistory': [720], 'WallDurations': [10.0, 150.05221223831177, 2322.0], 'JobIds': ['141680158.0'], 'State': 'finished', 'RecordedSite': True, 'Error': [0, 'OK', {}]}, '22': {'Retries': 0, 'Restarts': 0, 'SiteHistory': ['Unknown', 'T2_US_Nebraska', 'T2_US_Nebraska'], 'ResidentSetSize': [691860], 'SubmitTimes': [1772161696.0], 'StartTimes': [1772162806.0], 'EndTimes': [1772165431.0], 'TotalUserCpuTimeHistory': [3707], 'TotalSysCpuTimeHistory': [775], 'WallDurations': [8.0, 154.05221223831177, 2625.0], 'JobIds': ['141680159.0'], 'State': 'finished', 'RecordedSite': True, 'Error': [0, 'OK', {}]}, '34': {'Retries': 0, 'Restarts': 0, 'SiteHistory': ['Unknown', 'T2_US_Nebraska', 'T2_US_Nebraska'], 'ResidentSetSize': [1220652], 'SubmitTimes': [1772161696.0], 'StartTimes': [1772162806.0], 'EndTimes': [1772166787.0], 'TotalUserCpuTimeHistory': [5139], 'TotalSysCpuTimeHistory': [1286], 'WallDurations': [8.0, 154.05221223831177, 3981.0], 'JobIds': ['141680160.0'], 'State': 'finished', 'RecordedSite': True, 'Error': [0, 'OK', {}]}, '31': {'Retries': 0, 'Restarts': 0, 'SiteHistory': ['Unknown', 'T2_US_UCSD', 'T2_US_UCSD'], 'ResidentSetSize': [749940], 'SubmitTimes': [1772161696.0], 'StartTimes': [1772162808.0], 'EndTimes': [1772165252.0], 'TotalUserCpuTimeHistory': [3124], 'TotalSysCpuTimeHistory': [546], 'WallDurations': [8.0, 152.05221223831177, 2444.0], 'JobIds': ['141680161.0'], 'State': 'finished', 'RecordedSite': True, 'Error': [0, 'OK', {}]}, '33': {'Retries': 1, 'Restarts': 0, 'SiteHistory': ['Unknown', 'T2_US_UCSD', 'T2_US_UCSD', 'T3_KR_KNU', 'T3_KR_KNU'], 'ResidentSetSize': [722672, 786824], 'SubmitTimes': [1772161696.0, 1772169260.0], 'StartTimes': [1772162807.0, 1772169315.0], 'EndTimes': [1772165583.0, 1772174341.0], 'TotalUserCpuTimeHistory': [3225, 7043], 'TotalSysCpuTimeHistory': [718, 2074], 'WallDurations': [10.0, 153.05221223831177, 2776.0, 9.0, 5026.0], 'JobIds': ['141680162.0', '141681622.0'], 'State': 'finished', 'RecordedSite': True, 'Error': [0, 'OK', {}]}, '40': {'Retries': 0, 'Restarts': 0, 'SiteHistory': ['Unknown', 'T2_US_Florida', 'T2_US_Florida'], 'ResidentSetSize': [677568], 'SubmitTimes': [1772161696.0], 'StartTimes': [1772162806.0], 'EndTimes': [1772164367.0], 'TotalUserCpuTimeHistory': [2336], 'TotalSysCpuTimeHistory': [275], 'WallDurations': [9.0, 154.05221223831177, 1561.0], 'JobIds': ['141680163.0'], 'State': 'finished', 'RecordedSite': True, 'Error': [0, 'OK', {}]}, '24': {'Retries': 2, 'Restarts': 0, 'SiteHistory': ['Unknown', 'T2_BE_IIHE', 'T2_BE_IIHE', 'T2_PT_NCG_Lisbon', 'T2_PT_NCG_Lisbon', 'T2_CH_CERN', 'T2_CH_CERN'], 'ResidentSetSize': [650548, 712268, 663908], 'SubmitTimes': [1772161696.0, 1772172955.0, 1772180841.0], 'StartTimes': [1772163588.0, 1772172964.0, 1772180884.0], 'EndTimes': [1772165678.0, 1772177108.0, 1772182850.0], 'TotalUserCpuTimeHistory': [2556, 4314, 2413], 'TotalSysCpuTimeHistory': [763, 704, 745], 'WallDurations': [9.0, 273.1495234966278, 2090.0, 9.0, 4144.0, 8.0, 1966.0], 'JobIds': ['141680164.0', '141682489.0', '141686107.0'], 'State': 'transferring', 'RecordedSite': True, 'Error': [90000, "Got recoverable stageout exception:\nStageout failed with code 1.\nThere were 3 failed/killed stageout jobs.\nFailure reasons (per document) follow:\n- 8c776f436c97567eac71e93024da778559e2e4fb5e655ccd41d16a00:\n  -----> ASO log start -----\n  ['TRANSFER [5] TRANSFER ERROR: Copy failed (3rd pull). Last attempt: copy HTTP 500 : Unexpected server error: 500 [...CUT...] Full log at https://fts3-cms.cern.ch:8449/fts3/ftsmon/#/job/e7bdcc5c-13ad-11f1-b126-fa163eaa97bf']\n  <----- ASO log finish ----\n  The last failure reason is recoverable.\n- 24c82b044dc828a1f333bc9e6f678a79dda6a5b611e5513bb989add0:\n  -----> ASO log start -----\n  ['TRANSFER [5] TRANSFER ERROR: Copy failed (3rd pull). Last attempt: copy HTTP 500 : Unexpected server error: 500 [...CUT...] Full log at https://fts3-cms.cern.ch:8449/fts3/ftsmon/#/job/e7bdcc5c-13ad-11f1-b126-fa163eaa97bf']\n  <----- ASO log finish ----\n  The last failure reason is recoverable.\n- 701116f20bb97715e531f36407c455c192d9d97bb8917ea92b1d6e37:\n  -----> ASO log start -----\n  ['TRANSFER [5] TRANSFER ERROR: Copy failed (3rd pull). Last attempt: copy HTTP 500 : Unexpected server error: 500 [...CUT...] Full log at https://fts3-cms.cern.ch:8449/fts3/ftsmon/#/job/e7bdcc5c-13ad-11f1-b126-fa163eaa97bf']\n  <----- ASO log finish ----\n  The last failure reason is recoverable.", {}]}, '36': {'Retries': 0, 'Restarts': 0, 'SiteHistory': ['Unknown', 'T2_US_UCSD', 'T2_US_UCSD'], 'ResidentSetSize': [717668], 'SubmitTimes': [1772161696.0], 'StartTimes': [1772162807.0], 'EndTimes': [1772165576.0], 'TotalUserCpuTimeHistory': [3237], 'TotalSysCpuTimeHistory': [740], 'WallDurations': [10.0, 153.05221223831177, 2769.0], 'JobIds': ['141680165.0'], 'State': 'finished', 'RecordedSite': True, 'Error': [0, 'OK', {}]}, '35': {'Retries': 3, 'Restarts': 1, 'SiteHistory': ['Unknown', 'T2_US_Florida', 'T2_US_Florida', 'T2_BE_IIHE', 'T3_KR_KNU', 'T3_KR_KNU', 'Unknown', 'T2_CH_CERN', 'T2_CH_CERN'], 'ResidentSetSize': [664856, 750000, 699928, 3464628], 'SubmitTimes': [1772161696.0, -1, 1772185832.0, 1772193808.0], 'StartTimes': [1772164242.0, 1772166307.0, 1772185876.0, 1772193955.0], 'EndTimes': [1772166303.0, 1772169547.0, 1772190071.0, 1772197269.0], 'TotalUserCpuTimeHistory': [2219.0, 6212, 6111, 3301], 'TotalSysCpuTimeHistory': [231.0, 1486, 1537, 1097], 'WallDurations': [8.0, 219.84561252593994, 2061.0, 3240.0, 9.0, 4195.0, 10.0, 303.05306696891785, 3314.0], 'JobIds': ['141680166.0', '141680166.0', '141686804.0', '141698500.0'], 'State': 'transferring', 'RecordedSite': True, 'Error': [90000, "Got recoverable stageout exception:\nStageout failed with code 1.\nThere were 1 failed/killed stageout jobs.\nFailure reasons (per document) follow:\n- 1b9a1d6c2e5b82beb8a3534841af28b46efa6208d7780eb8f7cd08ea:\n  -----> ASO log start -----\n  ['TRANSFER [112] TRANSFER ERROR: Copy failed (3rd pull). Last attempt: copy HTTP 400 : Server Error [...CUT...] Full log at https://fts3-cms.cern.ch:8449/fts3/ftsmon/#/job/e2a1b904-13cb-11f1-9650-fa163e6c8d57']\n  <----- ASO log finish ----\n  The last failure reason is recoverable.", {}]}, '27': {'Retries': 0, 'Restarts': 0, 'SiteHistory': ['Unknown', 'T2_US_Florida', 'T2_US_Florida'], 'ResidentSetSize': [631364], 'SubmitTimes': [1772161696.0], 'StartTimes': [1772162806.0], 'EndTimes': [1772164361.0], 'TotalUserCpuTimeHistory': [2137], 'TotalSysCpuTimeHistory': [259], 'WallDurations': [8.0, 154.05221223831177, 1555.0], 'JobIds': ['141680167.0'], 'State': 'finished', 'RecordedSite': True, 'Error': [0, 'OK', {}]}, '41': {'Retries': 2, 'Restarts': 0, 'SiteHistory': ['Unknown', 'T2_US_UCSD', 'T2_US_UCSD', 'T2_US_Nebraska', 'T2_US_Nebraska', 'T2_CH_CSCS', 'T2_CH_CSCS'], 'ResidentSetSize': [658712, 747504, 770480], 'SubmitTimes': [1772161696.0, 1772168449.0, 1772178610.0], 'StartTimes': [1772162810.0, 1772168472.0, 1772178627.0], 'EndTimes': [1772164773.0, 1772171268.0, 1772182402.0], 'TotalUserCpuTimeHistory': [2247, 3830, 3307], 'TotalSysCpuTimeHistory': [609, 697, 1507], 'WallDurations': [8.0, 150.05221223831177, 1963.0, 9.0, 2796.0, 10.0, 3775.0], 'JobIds': ['141680168.0', '141681525.0', '141685843.0'], 'State': 'failed', 'RecordedSite': True, 'Error': [90000, "Got recoverable stageout exception:\nStageout failed with code 1.\nThere were 1 failed/killed stageout jobs.\nFailure reasons (per document) follow:\n- 19b603692485ad4835d968e2dc5fa72d894acc11ca95a98b174016d0:\n  -----> ASO log start -----\n  ['DESTINATION [5] HTTP 500 : Unexpected server error: 500 [...CUT...] Full log at https://fts3-cms.cern.ch:8449/fts3/ftsmon/#/job/6237a564-13ba-11f1-b3e5-fa163e9e00e6']\n  <----- ASO log finish ----\n  The last failure reason is recoverable.", {}]}, '46': {'Retries': 0, 'Restarts': 0, 'SiteHistory': ['Unknown', 'T2_US_Florida', 'T2_US_Florida'], 'ResidentSetSize': [734400], 'SubmitTimes': [1772161696.0], 'StartTimes': [1772162805.0], 'EndTimes': [1772164319.0], 'TotalUserCpuTimeHistory': [2034], 'TotalSysCpuTimeHistory': [206], 'WallDurations': [9.0, 155.05221223831177, 1514.0], 'JobIds': ['141680169.0'], 'State': 'finished', 'RecordedSite': True, 'Error': [0, 'OK', {}]}, '48': {'Retries': 0, 'Restarts': 0, 'SiteHistory': ['Unknown', 'T2_US_Wisconsin', 'T2_US_Wisconsin'], 'ResidentSetSize': [693628], 'SubmitTimes': [1772161696.0], 'StartTimes': [1772164263.0], 'EndTimes': [1772167942.0], 'TotalUserCpuTimeHistory': [5184], 'TotalSysCpuTimeHistory': [1065], 'WallDurations': [9.0, 198.84561252593994, 3679.0], 'JobIds': ['141680170.0'], 'State': 'finished', 'RecordedSite': True, 'Error': [0, 'OK', {}]}, '43': {'Retries': 0, 'Restarts': 0, 'SiteHistory': ['Unknown', 'T2_US_UCSD', 'T2_US_UCSD'], 'ResidentSetSize': [1260688], 'SubmitTimes': [1772161696.0], 'StartTimes': [1772162807.0], 'EndTimes': [1772166171.0], 'TotalUserCpuTimeHistory': [4522], 'TotalSysCpuTimeHistory': [1157], 'WallDurations': [8.0, 153.05221223831177, 3364.0], 'JobIds': ['141680171.0'], 'State': 'finished', 'RecordedSite': True, 'Error': [0, 'OK', {}]}, '42': {'Retries': 0, 'Restarts': 0, 'SiteHistory': ['Unknown', 'T2_US_Nebraska', 'T2_US_Nebraska'], 'ResidentSetSize': [671780], 'SubmitTimes': [1772161696.0], 'StartTimes': [1772162807.0], 'EndTimes': [1772164758.0], 'TotalUserCpuTimeHistory': [2836], 'TotalSysCpuTimeHistory': [553], 'WallDurations': [8.0, 153.05221223831177, 1951.0], 'JobIds': ['141680172.0'], 'State': 'finished', 'RecordedSite': True, 'Error': [0, 'OK', {}]}, '44': {'Retries': 0, 'Restarts': 0, 'SiteHistory': ['Unknown', 'T2_US_Nebraska', 'T2_US_Nebraska'], 'ResidentSetSize': [691000], 'SubmitTimes': [1772161696.0], 'StartTimes': [1772162808.0], 'EndTimes': [1772165920.0], 'TotalUserCpuTimeHistory': [4142], 'TotalSysCpuTimeHistory': [736], 'WallDurations': [8.0, 152.05221223831177, 3112.0], 'JobIds': ['141680173.0'], 'State': 'finished', 'RecordedSite': True, 'Error': [0, 'OK', {}]}, '56': {'Retries': 0, 'Restarts': 1, 'SiteHistory': ['Unknown', 'T2_US_Florida', 'T2_US_Florida', 'T2_CH_CERN'], 'ResidentSetSize': [633692, 3304388], 'SubmitTimes': [1772161696.0, -1], 'StartTimes': [1772164263.0, 1772167358.0], 'EndTimes': [1772167349.0, 1772169876.0], 'TotalUserCpuTimeHistory': [2768.0, 5581], 'TotalSysCpuTimeHistory': [307.0, 1247], 'WallDurations': [8.0, 198.84561252593994, 3086.0, 2518.0], 'JobIds': ['141680174.0', '141680174.0'], 'State': 'finished', 'RecordedSite': True, 'Error': [0, 'OK', {}]}, '47': {'Retries': 2, 'Restarts': 1, 'SiteHistory': ['Unknown', 'T2_US_Florida', 'T2_US_Florida', 'T2_US_Wisconsin', 'T2_CH_CERN', 'T2_CH_CERN'], 'ResidentSetSize': [3641700, 0, 650188], 'SubmitTimes': [1772161696.0, -1, 1772178631.0], 'StartTimes': [1772162811.0, 1772166259.0, 1772178637.0], 'EndTimes': [1772166255.0, 1772169552.0, 1772180572.0], 'TotalUserCpuTimeHistory': [2969.0, 7568, 2309], 'TotalSysCpuTimeHistory': [347.0, 1628, 668], 'WallDurations': [9.0, 149.05221223831177, 3444.0, 3293.0, 8.0, 1935.0], 'JobIds': ['141680175.0', '141680175.0', '141685845.0'], 'State': 'transferring', 'RecordedSite': True, 'Error': [90000, "Got recoverable stageout exception:\nStageout failed with code 1.\nThere were 1 failed/killed stageout jobs.\nFailure reasons (per document) follow:\n- d7e2935821de954c157ee0d534b86055ab17d9b46468b9ca454ef324:\n  -----> ASO log start -----\n  ['DESTINATION [110] timeout of 900s [...CUT...] Full log at https://fts3-cms.cern.ch:8449/fts3/ftsmon/#/job/5750cafe-139c-11f1-8f1c-fa163e4409e3']\n  <----- ASO log finish ----\n  The last failure reason is recoverable.", {}]}, '50': {'Retries': 1, 'Restarts': 0, 'SiteHistory': ['Unknown', 'T2_FR_GRIF', 'T2_FR_GRIF', 'T2_US_UCSD', 'T2_US_UCSD'], 'ResidentSetSize': [1031860, 711496], 'SubmitTimes': [1772161696.0, 1772174619.0], 'StartTimes': [1772162967.0, 1772174670.0], 'EndTimes': [1772167341.0, 1772178037.0], 'TotalUserCpuTimeHistory': [5757, 3741], 'TotalSysCpuTimeHistory': [983, 845], 'WallDurations': [9.0, 293.4985866546631, 4374.0, 9.0, 3367.0], 'JobIds': ['141680176.0', '141685397.0'], 'State': 'finished', 'RecordedSite': True, 'Error': [0, 'OK', {}]}, '55': {'Retries': 3, 'Restarts': 1, 'SiteHistory': ['Unknown', 'T2_US_Florida', 'T2_US_Florida', 'T2_FR_IPHC', 'T2_FR_IPHC', 'T2_FR_IPHC', 'T2_DE_RWTH', 'T2_DE_RWTH'], 'ResidentSetSize': [689340, 0, 3672676, 655132], 'SubmitTimes': [1772161696.0, -1, 1772180926.0, 1772199597.0], 'StartTimes': [1772162808.0, 1772165571.0, 1772180928.0, 1772199656.0], 'EndTimes': [1772165562.0, 1772168234.0, 1772183255.0], 'TotalUserCpuTimeHistory': [3291.0, 6416, 2865, 2727.0], 'TotalSysCpuTimeHistory': [386.0, 1538, 964, 1033.0], 'WallDurations': [8.0, 152.05221223831177, 2754.0, 2663.0, 10.0, 2327.0, 8.0, 2112.0], 'JobIds': ['141680177.0', '141680177.0', '141686114.0', '141706218.0'], 'State': 'running', 'RecordedSite': True, 'Error': [90000, "Got recoverable stageout exception:\nStageout failed with code 1.\nThere were 3 failed/killed stageout jobs.\nFailure reasons (per document) follow:\n- 4336de2228d83074816cd22517ee8827fb0dc069294bfbc5e1675787:\n  -----> ASO log start -----\n  ['TRANSFER [5] TRANSFER ERROR: Copy failed (3rd pull). Last attempt: copy HTTP 500 : Unexpected server error: 500 [...CUT...] Full log at https://fts3-cms.cern.ch:8449/fts3/ftsmon/#/job/d6676630-13bb-11f1-81f0-fa163e1db714']\n  <----- ASO log finish ----\n  The last failure reason is recoverable.\n- 920746931d1fe7e6ec564246600b1c719bbe1c1048e46f2cb3c6d3d4:\n  -----> ASO log start -----\n  ['TRANSFER [5] TRANSFER ERROR: Copy failed (3rd pull). Last attempt: copy HTTP 500 : Unexpected server error: 500 [...CUT...] Full log at https://fts3-cms.cern.ch:8449/fts3/ftsmon/#/job/d6676630-13bb-11f1-81f0-fa163e1db714']\n  <----- ASO log finish ----\n  The last failure reason is recoverable.\n- ba2baaa2c6fba15bdce22edab1f110c696fb84725f2547c713150b3f:\n  -----> ASO log start -----\n  ['TRANSFER [5] TRANSFER ERROR: Copy failed (3rd pull). Last attempt: copy HTTP 500 : Unexpected server error: 500 [...CUT...] Full log at https://fts3-cms.cern.ch:8449/fts3/ftsmon/#/job/d6676630-13bb-11f1-81f0-fa163e1db714']\n  <----- ASO log finish ----\n  The last failure reason is recoverable.", {}]}, '45': {'Retries': 3, 'Restarts': 1, 'SiteHistory': ['Unknown', 'T2_US_Florida', 'T2_US_Florida', 'T2_FR_IPHC', 'T2_DE_RWTH', 'T2_DE_RWTH', 'T2_US_Nebraska', 'T2_US_Nebraska'], 'ResidentSetSize': [1707368, 2123136, 695380, 694432], 'SubmitTimes': [1772161696.0, -1, 1772180514.0, 1772196485.0], 'StartTimes': [1772162813.0, 1772165479.0, 1772180542.0, 1772196664.0], 'EndTimes': [1772165458.0, 1772167831.0, 1772189140.0, 1772199395.0], 'TotalUserCpuTimeHistory': [2933.0, 5839, 10625, 3687], 'TotalSysCpuTimeHistory': [333.0, 1286, 3328, 596], 'WallDurations': [8.0, 147.05221223831177, 2645.0, 2352.0, 8.0, 8598.0, 8.0, 2731.0], 'JobIds': ['141680178.0', '141680178.0', '141686055.0', '141701297.0'], 'State': 'transferring', 'RecordedSite': True, 'Error': [90000, "Got recoverable stageout exception:\nStageout failed with code 1.\nThere were 1 failed/killed stageout jobs.\nFailure reasons (per document) follow:\n- 153505aa4038654e7bb495def4db21e42eb1707da70ecf0c7c0dbafb:\n  -----> ASO log start -----\n  ['TRANSFER [112] TRANSFER ERROR: Copy failed (3rd pull). Last attempt: copy HTTP 400 : Server Error [...CUT...] Full log at https://fts3-cms.cern.ch:8449/fts3/ftsmon/#/job/b4c80cd8-13c9-11f1-974d-fa163e9e00e6']\n  <----- ASO log finish ----\n  The last failure reason is recoverable.", {}]}, '51': {'Retries': 0, 'Restarts': 1, 'SiteHistory': ['Unknown', 'T2_US_Florida', 'T2_US_Florida', 'T2_CH_CERN'], 'ResidentSetSize': [635816, 0], 'SubmitTimes': [1772161696.0, -1], 'StartTimes': [1772162807.0, 1772165904.0], 'EndTimes': [1772165879.0, 1772167955.0], 'TotalUserCpuTimeHistory': [2142.0, 4528], 'TotalSysCpuTimeHistory': [205.0, 955], 'WallDurations': [9.0, 153.05221223831177, 3072.0, 2051.0], 'JobIds': ['141680179.0', '141680179.0'], 'State': 'finished', 'RecordedSite': True, 'Error': [0, 'OK', {}]}, '54': {'Retries': 1, 'Restarts': 0, 'SiteHistory': ['Unknown', 'T2_UK_SGrid_RALPP', 'T2_UK_SGrid_RALPP', 'T2_DE_RWTH', 'T2_DE_RWTH'], 'ResidentSetSize': [1156596, 704708], 'SubmitTimes': [1772161696.0, 1772170199.0], 'StartTimes': [1772162969.0, 1772170336.0], 'EndTimes': [1772166522.0, 1772177424.0], 'TotalUserCpuTimeHistory': [4067, 9219], 'TotalSysCpuTimeHistory': [1152, 2811], 'WallDurations': [10.0, 291.4985866546631, 3553.0, 8.0, 7088.0], 'JobIds': ['141680180.0', '141681743.0'], 'State': 'finished', 'RecordedSite': True, 'Error': [0, 'OK', {}]}, '49': {'Retries': 2, 'Restarts': 0, 'SiteHistory': ['Unknown', 'T2_BE_UCL', 'T2_BE_UCL', 'T2_CH_CERN', 'T2_CH_CERN', 'Unknown', 'T2_CH_CERN', 'T2_CH_CERN'], 'ResidentSetSize': [714508, 580608, 532964], 'SubmitTimes': [1772161696.0, 1772168414.0, 1772191702.0], 'StartTimes': [1772162969.0, 1772168417.0, 1772191810.0], 'EndTimes': [1772164741.0, 1772169933.0, 1772195452.0], 'TotalUserCpuTimeHistory': [1451, 2281, 3263], 'TotalSysCpuTimeHistory': [68, 514, 1068], 'WallDurations': [9.0, 291.4985866546631, 1772.0, 8.0, 1516.0, 9.0, 266.4325466156006, 3642.0], 'JobIds': ['141680181.0', '141681510.0', '141696021.0'], 'State': 'transferring', 'RecordedSite': True, 'Error': [90000, "Got recoverable stageout exception:\nStageout failed with code 1.\nThere were 1 failed/killed stageout jobs.\nFailure reasons (per document) follow:\n- d164c47dc6762820db9c526b9f6c688e9430931f0c1e087166d89fb8:\n  -----> ASO log start -----\n  ['TRANSFER [112] TRANSFER ERROR: Copy failed (3rd pull). Last attempt: copy HTTP 400 : Server Error [...CUT...] Full log at https://fts3-cms.cern.ch:8449/fts3/ftsmon/#/job/12bce8d6-139d-11f1-a2d0-fa163e4409e3']\n  <----- ASO log finish ----\n  The last failure reason is recoverable.", {}]}, '59': {'Retries': 1, 'Restarts': 0, 'SiteHistory': ['Unknown', 'T2_HU_Budapest', 'T2_HU_Budapest', 'T3_KR_KNU', 'T3_KR_KNU'], 'ResidentSetSize': [2949708, 692512], 'SubmitTimes': [1772161696.0, 1772170821.0], 'StartTimes': [1772162969.0, 1772171009.0], 'EndTimes': [1772167145.0, 1772174037.0], 'TotalUserCpuTimeHistory': [5571, 4281], 'TotalSysCpuTimeHistory': [1046, 1394], 'WallDurations': [9.0, 291.4985866546631, 4176.0, 308.0, 3028.0], 'JobIds': ['141680182.0', '141681842.0'], 'State': 'finished', 'RecordedSite': True, 'Error': [0, 'OK', {}]}, '57': {'Retries': 1, 'Restarts': 0, 'SiteHistory': ['Unknown', 'T2_BE_IIHE', 'T2_BE_IIHE', 'T2_CH_CERN', 'T2_CH_CERN'], 'ResidentSetSize': [656764, 697024], 'SubmitTimes': [1772161696.0, 1772179092.0], 'StartTimes': [1772162968.0, 1772179134.0], 'EndTimes': [1772166404.0, 1772181818.0], 'TotalUserCpuTimeHistory': [4064, 3106], 'TotalSysCpuTimeHistory': [1381, 1030], 'WallDurations': [9.0, 292.4985866546631, 3436.0, 9.0, 2684.0], 'JobIds': ['141680183.0', '141685887.0'], 'State': 'transferring', 'RecordedSite': True, 'Error': [90000, "Got recoverable stageout exception:\nStageout failed with code 1.\nThere were 3 failed/killed stageout jobs.\nFailure reasons (per document) follow:\n- c5f6161c5d26745ac96a9a97d9ff8850548059233875c9c3d25c5daf:\n  -----> ASO log start -----\n  ['DESTINATION [110] timeout of 900s [...CUT...] Full log at https://fts3-cms.cern.ch:8449/fts3/ftsmon/#/job/ff844e38-1394-11f1-89fc-fa163eaa97bf']\n  <----- ASO log finish ----\n  The last failure reason is recoverable.\n- f9baf438c2f59220692b79bf03a8ba575a52400499e61160acd7fc36:\n  -----> ASO log start -----\n  ['TRANSFER [5] TRANSFER ERROR: Copy failed (3rd pull). Last attempt: copy HTTP 500 : Unexpected server error: 500 [...CUT...] Full log at https://fts3-cms.cern.ch:8449/fts3/ftsmon/#/job/ff844e38-1394-11f1-89fc-fa163eaa97bf']\n  <----- ASO log finish ----\n  The last failure reason is recoverable.\n- cc135c9de8cd12de7af370610356ff6dd0d158259ab50cc8f7105160:\n  -----> ASO log start -----\n  ['TRANSFER [5] TRANSFER ERROR: Copy failed (3rd pull). Last attempt: copy HTTP 500 : Unexpected server error: 500 [...CUT...] Full log at https://fts3-cms.cern.ch:8449/fts3/ftsmon/#/job/ff844e38-1394-11f1-89fc-fa163eaa97bf']\n  <----- ASO log finish ----\n  The last failure reason is recoverable.", {}]}, '52': {'Retries': 2, 'Restarts': 0, 'SiteHistory': ['Unknown', 'T2_FR_IPHC', 'T2_FR_IPHC', 'T2_IT_Rome', 'T2_IT_Rome', 'T2_CH_CERN', 'T2_CH_CERN'], 'ResidentSetSize': [779252, 483852, 691068], 'SubmitTimes': [1772161696.0, 1772168364.0, 1772182052.0], 'StartTimes': [1772162969.0, 1772168378.0, 1772182072.0], 'EndTimes': [1772164689.0, 1772171106.0, 1772187428.0], 'TotalUserCpuTimeHistory': [2106, 3787, 5538], 'TotalSysCpuTimeHistory': [662, 706, 1207], 'WallDurations': [9.0, 291.4985866546631, 1720.0, 8.0, 2728.0, 8.0, 5356.0], 'JobIds': ['141680184.0', '141681499.0', '141686272.0'], 'State': 'transferring', 'RecordedSite': True, 'Error': [90000, "Got recoverable stageout exception:\nStageout failed with code 1.\nThere were 3 failed/killed stageout jobs.\nFailure reasons (per document) follow:\n- 36e3bacfa84e625feac0bafda834078135a813ae026821cb31251e11:\n  -----> ASO log start -----\n  ['TRANSFER [5] TRANSFER ERROR: Copy failed (3rd pull). Last attempt: copy HTTP 500 : Unexpected server error: 500 [...CUT...] Full log at https://fts3-cms.cern.ch:8449/fts3/ftsmon/#/job/02d95ff0-13a0-11f1-8e8d-fa163e65d4d2']\n  <----- ASO log finish ----\n  The last failure reason is recoverable.\n- 25cce278468636c658cde19e3533184b126435fc92d9eb53a2a91c12:\n  -----> ASO log start -----\n  ['TRANSFER [5] TRANSFER ERROR: Copy failed (3rd pull). Last attempt: copy HTTP 500 : Unexpected server error: 500 [...CUT...] Full log at https://fts3-cms.cern.ch:8449/fts3/ftsmon/#/job/02d95ff0-13a0-11f1-8e8d-fa163e65d4d2']\n  <----- ASO log finish ----\n  The last failure reason is recoverable.\n- e20265f8b620c64533c33b1b85a870740a65cdf13863d6b156e4e27f:\n  -----> ASO log start -----\n  ['TRANSFER [5] TRANSFER ERROR: Copy failed (3rd pull). Last attempt: copy HTTP 500 : Unexpected server error: 500 [...CUT...] Full log at https://fts3-cms.cern.ch:8449/fts3/ftsmon/#/job/02d95ff0-13a0-11f1-8e8d-fa163e65d4d2']\n  <----- ASO log finish ----\n  The last failure reason is recoverable.", {}]}, '53': {'Retries': 2, 'Restarts': 0, 'SiteHistory': ['Unknown', 'T2_BE_IIHE', 'T2_BE_IIHE', 'Unknown', 'T2_US_UCSD', 'T2_US_UCSD', 'T2_CH_CERN', 'T2_CH_CERN'], 'ResidentSetSize': [645644, 837852, 669680], 'SubmitTimes': [1772161696.0, 1772170264.0, 1772180235.0], 'StartTimes': [1772162969.0, 1772170443.0, 1772180298.0], 'EndTimes': [1772164786.0, 1772172902.0, 1772182243.0], 'TotalUserCpuTimeHistory': [2335, 3026, 2357], 'TotalSysCpuTimeHistory': [756, 651, 697], 'WallDurations': [9.0, 291.4985866546631, 1817.0, 9.0, 249.63993883132935, 2459.0, 9.0, 1945.0], 'JobIds': ['141680185.0', '141681753.0', '141686025.0'], 'State': 'transferring', 'RecordedSite': True, 'Error': [90000, "Got recoverable stageout exception:\nStageout failed with code 1.\nThere were 1 failed/killed stageout jobs.\nFailure reasons (per document) follow:\n- 7fe10ea47228b4ca7af5e932176fd4b1eb95a9749a0fa939618ed85e:\n  -----> ASO log start -----\n  ['TRANSFER [112] TRANSFER ERROR: Copy failed (3rd pull). Last attempt: copy HTTP 400 : Server Error [...CUT...] Full log at https://fts3-cms.cern.ch:8449/fts3/ftsmon/#/job/5fa8f49e-13a4-11f1-aa25-fa163e4409e3']\n  <----- ASO log finish ----\n  The last failure reason is recoverable.", {}]}, '60': {'Retries': 2, 'Restarts': 0, 'SiteHistory': ['Unknown', 'T2_FR_IPHC', 'T2_FR_IPHC', 'Unknown', 'T2_TR_METU', 'T2_TR_METU', 'Unknown', 'T2_CH_CERN', 'T2_CH_CERN'], 'ResidentSetSize': [742412, 735968, 1421368], 'SubmitTimes': [1772161696.0, 1772174739.0, 1772189455.0], 'StartTimes': [1772162967.0, 1772174797.0, 1772189560.0], 'EndTimes': [1772165662.0, 1772178515.0, 1772193711.0], 'TotalUserCpuTimeHistory': [3201, 4540, 5177], 'TotalSysCpuTimeHistory': [1122, 1256, 1227], 'WallDurations': [9.0, 293.4985866546631, 2695.0, 11.0, 287.15038895606995, 3718.0, 9.0, 297.9253373146057, 4151.0], 'JobIds': ['141680186.0', '141685408.0', '141695111.0'], 'State': 'transferring', 'RecordedSite': True, 'Error': [90000, "Got recoverable stageout exception:\nStageout failed with code 1.\nThere were 3 failed/killed stageout jobs.\nFailure reasons (per document) follow:\n- e366ac64f5bb67cf545b123bb753d83b41a23261e4dc7bc5a865e21a:\n  -----> ASO log start -----\n  ['TRANSFER [5] TRANSFER ERROR: Copy failed (3rd pull). Last attempt: copy HTTP 500 : Unexpected server error: 500 [...CUT...] Full log at https://fts3-cms.cern.ch:8449/fts3/ftsmon/#/job/dd8ff75c-13b0-11f1-b126-fa163eaa97bf']\n  <----- ASO log finish ----\n  The last failure reason is recoverable.\n- 11bd383b20de68669fbaab30a64d827408f2f2f3d003b12dfe16e7c8:\n  -----> ASO log start -----\n  ['TRANSFER [5] TRANSFER ERROR: Copy failed (3rd pull). Last attempt: copy HTTP 500 : Unexpected server error: 500 [...CUT...] Full log at https://fts3-cms.cern.ch:8449/fts3/ftsmon/#/job/dd8ff75c-13b0-11f1-b126-fa163eaa97bf']\n  <----- ASO log finish ----\n  The last failure reason is recoverable.\n- c6c2275da41e1d0833e972f99df14563e25b533378cb721501189ea5:\n  -----> ASO log start -----\n  ['TRANSFER [5] TRANSFER ERROR: Copy failed (3rd pull). Last attempt: copy HTTP 500 : Unexpected server error: 500 [...CUT...] Full log at https://fts3-cms.cern.ch:8449/fts3/ftsmon/#/job/dd8ff75c-13b0-11f1-b126-fa163eaa97bf']\n  <----- ASO log finish ----\n  The last failure reason is recoverable.", {}]}, '61': {'Retries': 1, 'Restarts': 0, 'SiteHistory': ['Unknown', 'T2_BE_UCL', 'T2_BE_UCL', 'T3_KR_KNU', 'T3_KR_KNU'], 'ResidentSetSize': [682912, 697572], 'SubmitTimes': [1772161696.0, 1772169204.0], 'StartTimes': [1772162969.0, 1772169251.0], 'EndTimes': [1772165533.0, 1772174027.0], 'TotalUserCpuTimeHistory': [1369, 6653], 'TotalSysCpuTimeHistory': [38, 1967], 'WallDurations': [10.0, 291.4985866546631, 2564.0, 9.0, 4776.0], 'JobIds': ['141680187.0', '141681616.0'], 'State': 'finished', 'RecordedSite': True, 'Error': [0, 'OK', {}]}, '62': {'Retries': 0, 'Restarts': 0, 'SiteHistory': ['Unknown', 'T2_UK_SGrid_RALPP', 'T2_UK_SGrid_RALPP'], 'ResidentSetSize': [644072], 'SubmitTimes': [1772161696.0], 'StartTimes': [1772162968.0], 'EndTimes': [1772164908.0], 'TotalUserCpuTimeHistory': [2423], 'TotalSysCpuTimeHistory': [660], 'WallDurations': [9.0, 292.4985866546631, 1940.0], 'JobIds': ['141680188.0'], 'State': 'finished', 'RecordedSite': True, 'Error': [0, 'OK', {}]}, '64': {'Retries': 2, 'Restarts': 0, 'SiteHistory': ['Unknown', 'T2_FR_IPHC', 'T2_FR_IPHC', 'T2_FR_IPHC', 'T2_FR_IPHC', 'T2_CH_CERN', 'T2_CH_CERN'], 'ResidentSetSize': [765912, 666916, 701184], 'SubmitTimes': [1772161696.0, 1772168043.0, 1772183467.0], 'StartTimes': [1772162968.0, 1772168062.0, 1772183483.0], 'EndTimes': [1772164367.0, 1772170721.0, 1772185562.0], 'TotalUserCpuTimeHistory': [1687, 3180, 2510], 'TotalSysCpuTimeHistory': [482, 1066, 784], 'WallDurations': [8.0, 292.4985866546631, 1399.0, 9.0, 2659.0, 9.0, 2079.0], 'JobIds': ['141680189.0', '141681458.0', '141686416.0'], 'State': 'transferring', 'RecordedSite': True, 'Error': [90000, "Got recoverable stageout exception:\nStageout failed with code 1.\nThere were 3 failed/killed stageout jobs.\nFailure reasons (per document) follow:\n- 4721cf3d4bf83d34d8913fa0e96657dcc5ec2bd26d5c8768fc0d6532:\n  -----> ASO log start -----\n  ['TRANSFER [5] TRANSFER ERROR: Copy failed (3rd pull). Last attempt: copy HTTP 500 : Unexpected server error: 500 [...CUT...] Full log at https://fts3-cms.cern.ch:8449/fts3/ftsmon/#/job/481c5dfc-139f-11f1-a5ac-fa163e6c8d57']\n  <----- ASO log finish ----\n  The last failure reason is recoverable.\n- f76fd8bd5bcdd4a1e4b9c5050f1f5d2674e74bec890094afe4be3f50:\n  -----> ASO log start -----\n  ['TRANSFER [5] TRANSFER ERROR: Copy failed (3rd pull). Last attempt: copy HTTP 500 : Unexpected server error: 500 [...CUT...] Full log at https://fts3-cms.cern.ch:8449/fts3/ftsmon/#/job/481c5dfc-139f-11f1-a5ac-fa163e6c8d57']\n  <----- ASO log finish ----\n  The last failure reason is recoverable.\n- 66fb9498b7e471b184eee3555f99d10be3c72e634d387c094916d4d8:\n  -----> ASO log start -----\n  ['TRANSFER [5] TRANSFER ERROR: Copy failed (3rd pull). Last attempt: copy HTTP 500 : Unexpected server error: 500 [...CUT...] Full log at https://fts3-cms.cern.ch:8449/fts3/ftsmon/#/job/481c5dfc-139f-11f1-a5ac-fa163e6c8d57']\n  <----- ASO log finish ----\n  The last failure reason is recoverable.", {}]}, '58': {'Retries': 1, 'Restarts': 0, 'SiteHistory': ['Unknown', 'T2_IT_Rome', 'T2_IT_Rome', 'T2_CH_CERN', 'T2_CH_CERN'], 'ResidentSetSize': [511736, 758920], 'SubmitTimes': [1772161696.0, 1772169693.0], 'StartTimes': [1772162969.0, 1772169746.0], 'EndTimes': [1772166019.0, 1772173782.0], 'TotalUserCpuTimeHistory': [4207, 5161], 'TotalSysCpuTimeHistory': [747, 1354], 'WallDurations': [9.0, 291.4985866546631, 3050.0, 0, 4036.0], 'JobIds': ['141680190.0', '141681673.0'], 'State': 'transferring', 'RecordedSite': True, 'Error': [90000, "Got recoverable stageout exception:\nStageout failed with code 1.\nThere were 3 failed/killed stageout jobs.\nFailure reasons (per document) follow:\n- c67089a236f00dbb5817b7988b9abce71129a652059b822ccb684ddc:\n  -----> ASO log start -----\n  ['TRANSFER [5] TRANSFER ERROR: Copy failed (3rd pull). Last attempt: copy HTTP 500 : Unexpected server error: 500 [...CUT...] Full log at https://fts3-cms.cern.ch:8449/fts3/ftsmon/#/job/46775d0e-1394-11f1-8d33-fa163e9e00e6']\n  <----- ASO log finish ----\n  The last failure reason is recoverable.\n- df11160e8be1598e4037c2834c5ae4e224b13f85b40b41cc17705319:\n  -----> ASO log start -----\n  ['TRANSFER [5] TRANSFER ERROR: Copy failed (3rd pull). Last attempt: copy HTTP 500 : Unexpected server error: 500 [...CUT...] Full log at https://fts3-cms.cern.ch:8449/fts3/ftsmon/#/job/46775d0e-1394-11f1-8d33-fa163e9e00e6']\n  <----- ASO log finish ----\n  The last failure reason is recoverable.\n- a38252ea615e7ae7c00b9dd658c01b7be5f080e51e8f487d42738645:\n  -----> ASO log start -----\n  ['TRANSFER [5] TRANSFER ERROR: Copy failed (3rd pull). Last attempt: copy HTTP 500 : Unexpected server error: 500 [...CUT...] Full log at https://fts3-cms.cern.ch:8449/fts3/ftsmon/#/job/46775d0e-1394-11f1-8d33-fa163e9e00e6']\n  <----- ASO log finish ----\n  The last failure reason is recoverable.", {}]}, '65': {'Retries': 1, 'Restarts': 0, 'SiteHistory': ['Unknown', 'T2_CH_CSCS', 'T2_CH_CSCS', 'T2_CH_CERN', 'T2_CH_CERN'], 'ResidentSetSize': [691740, 600972], 'SubmitTimes': [1772161696.0, 1772168615.0], 'StartTimes': [1772162969.0, 1772168628.0], 'EndTimes': [1772164927.0, 1772171556.0], 'TotalUserCpuTimeHistory': [2395, 3182], 'TotalSysCpuTimeHistory': [622, 1172], 'WallDurations': [9.0, 291.4985866546631, 1958.0, 8.0, 2928.0], 'JobIds': ['141680191.0', '141681541.0'], 'State': 'finished', 'RecordedSite': True, 'Error': [0, 'OK', {}]}, '68': {'Retries': 1, 'Restarts': 0, 'SiteHistory': ['Unknown', 'T2_IT_Pisa', 'T2_IT_Pisa', 'T2_CH_CERN', 'T2_CH_CERN'], 'ResidentSetSize': [2654836, 732560], 'SubmitTimes': [1772161697.0, 1772180704.0], 'StartTimes': [1772162970.0, 1772180736.0], 'EndTimes': [1772171628.0, 1772182546.0], 'TotalUserCpuTimeHistory': [6549, 2195], 'TotalSysCpuTimeHistory': [877, 645], 'WallDurations': [8.0, 290.4985866546631, 8658.0, 8.0, 1810.0], 'JobIds': ['141680192.0', '141686086.0'], 'State': 'transferring', 'RecordedSite': True, 'Error': [90000, "Got recoverable stageout exception:\nStageout failed with code 1.\nThere were 3 failed/killed stageout jobs.\nFailure reasons (per document) follow:\n- 531f6134ea5128cedb2c5bb14a92b37d803e665c1c7e968757fb817e:\n  -----> ASO log start -----\n  ['TRANSFER [5] TRANSFER ERROR: Copy failed (3rd pull). Last attempt: copy HTTP 500 : Unexpected server error: 500 [...CUT...] Full log at https://fts3-cms.cern.ch:8449/fts3/ftsmon/#/job/bbf96db8-13a0-11f1-8014-fa163e65d4d2']\n  <----- ASO log finish ----\n  The last failure reason is recoverable.\n- b8b3b7f1b31a8edd1e47f7d9bec283be6ec3eed7ec71a28e13114947:\n  -----> ASO log start -----\n  ['TRANSFER [5] TRANSFER ERROR: Copy failed (3rd pull). Last attempt: copy HTTP 500 : Unexpected server error: 500 [...CUT...] Full log at https://fts3-cms.cern.ch:8449/fts3/ftsmon/#/job/bbf96db8-13a0-11f1-8014-fa163e65d4d2']\n  <----- ASO log finish ----\n  The last failure reason is recoverable.\n- 309d7e5690777de37402508a3270a2c591c267c8022e7c30adc1c0c1:\n  -----> ASO log start -----\n  ['TRANSFER [5] TRANSFER ERROR: Copy failed (3rd pull). Last attempt: copy HTTP 500 : Unexpected server error: 500 [...CUT...] Full log at https://fts3-cms.cern.ch:8449/fts3/ftsmon/#/job/bbf96db8-13a0-11f1-8014-fa163e65d4d2']\n  <----- ASO log finish ----\n  The last failure reason is recoverable.", {}]}, '67': {'Retries': 2, 'Restarts': 0, 'SiteHistory': ['Unknown', 'T2_BE_IIHE', 'T2_BE_IIHE', 'T2_US_UCSD', 'T2_US_UCSD', 'T3_KR_KNU', 'T3_KR_KNU'], 'ResidentSetSize': [667264, 661816, 721396], 'SubmitTimes': [1772161697.0, 1772168193.0, 1772178727.0], 'StartTimes': [1772162968.0, 1772168199.0, 1772178747.0], 'EndTimes': [1772164519.0, 1772171385.0, 1772183787.0], 'TotalUserCpuTimeHistory': [1974, 4017, 6885], 'TotalSysCpuTimeHistory': [594, 986, 2418], 'WallDurations': [8.0, 292.4985866546631, 1551.0, 9.0, 3186.0, 10.0, 5040.0], 'JobIds': ['141680193.0', '141681473.0', '141685853.0'], 'State': 'finished', 'RecordedSite': True, 'Error': [0, 'OK', {}]}, '66': {'Retries': 1, 'Restarts': 0, 'SiteHistory': ['Unknown', 'T2_BE_IIHE', 'T2_BE_IIHE', 'Unknown', 'T2_UK_SGrid_RALPP', 'T2_UK_SGrid_RALPP'], 'ResidentSetSize': [735052, 701472], 'SubmitTimes': [1772161697.0, 1772170279.0], 'StartTimes': [1772162969.0, 1772170459.0], 'EndTimes': [1772164796.0, 1772173658.0], 'TotalUserCpuTimeHistory': [2367, 3854], 'TotalSysCpuTimeHistory': [755, 1067], 'WallDurations': [9.0, 291.4985866546631, 1827.0, 8.0, 233.63993883132935, 3199.0], 'JobIds': ['141680194.0', '141681756.0'], 'State': 'finished', 'RecordedSite': True, 'Error': [0, 'OK', {}]}, '72': {'Retries': 0, 'Restarts': 0, 'SiteHistory': ['Unknown', 'T2_CN_Beijing', 'T2_CN_Beijing'], 'ResidentSetSize': [680400], 'SubmitTimes': [1772161697.0], 'StartTimes': [1772162979.0], 'EndTimes': [1772165423.0], 'TotalUserCpuTimeHistory': [1870], 'TotalSysCpuTimeHistory': [398], 'WallDurations': [9.0, 281.4985866546631, 2444.0], 'JobIds': ['141680195.0'], 'State': 'finished', 'RecordedSite': True, 'Error': [0, 'OK', {}]}, '63': {'Retries': 1, 'Restarts': 0, 'SiteHistory': ['Unknown', 'T2_BE_UCL', 'T2_BE_UCL', 'T3_KR_KNU', 'T3_KR_KNU'], 'ResidentSetSize': [2220828, 730708], 'SubmitTimes': [1772161697.0, 1772168972.0], 'StartTimes': [1772162969.0, 1772168985.0], 'EndTimes': [1772165301.0, 1772172580.0], 'TotalUserCpuTimeHistory': [1360, 5060], 'TotalSysCpuTimeHistory': [43, 1045], 'WallDurations': [9.0, 291.4985866546631, 2332.0, 9.0, 3595.0], 'JobIds': ['141680196.0', '141681585.0'], 'State': 'finished', 'RecordedSite': True, 'Error': [0, 'OK', {}]}, '74': {'Retries': 2, 'Restarts': 0, 'SiteHistory': ['Unknown', 'T2_BE_UCL', 'T2_BE_UCL', 'Unknown', 'T2_DE_RWTH', 'T2_DE_RWTH', 'T2_CH_CERN', 'T2_CH_CERN'], 'ResidentSetSize': [1584368, 3676152, 2492548], 'SubmitTimes': [1772161697.0, 1772169345.0, 1772181591.0], 'StartTimes': [1772162968.0, 1772169509.0, 1772181641.0], 'EndTimes': [1772165669.0, 1772176064.0, 1772183090.0], 'TotalUserCpuTimeHistory': [1583, 8300, 2300], 'TotalSysCpuTimeHistory': [82, 2119, 303], 'WallDurations': [9.0, 292.4985866546631, 2701.0, 9.0, 239.87106704711914, 6555.0, 9.0, 1449.0], 'JobIds': ['141680197.0', '141681638.0', '141686208.0'], 'State': 'transferring', 'RecordedSite': True, 'Error': [90000, "Got recoverable stageout exception:\nStageout failed with code 1.\nThere were 1 failed/killed stageout jobs.\nFailure reasons (per document) follow:\n- 96999c227b4375ad0915de55c59304f48dbf660b6d5a762d8eec7143:\n  -----> ASO log start -----\n  ['TRANSFER [112] TRANSFER ERROR: Copy failed (3rd pull). Last attempt: copy HTTP 400 : Server Error [...CUT...] Full log at https://fts3-cms.cern.ch:8449/fts3/ftsmon/#/job/b1e74b1e-13ab-11f1-acd1-fa163e5dc706']\n  <----- ASO log finish ----\n  The last failure reason is recoverable.", {}]}, '69': {'Retries': 2, 'Restarts': 0, 'SiteHistory': ['Unknown', 'T2_IT_Legnaro', 'T2_IT_Legnaro', 'Unknown', 'T2_US_Wisconsin', 'T2_US_Wisconsin', 'T2_CH_CERN', 'T2_CH_CERN'], 'ResidentSetSize': [735060, 3681780, 690168], 'SubmitTimes': [1772161697.0, 1772169365.0, 1772180276.0], 'StartTimes': [1772162969.0, 1772169563.0, 1772180302.0], 'EndTimes': [1772165690.0, 1772172938.0, 1772182476.0], 'TotalUserCpuTimeHistory': [3739, 4573, 2524], 'TotalSysCpuTimeHistory': [557, 1212, 748], 'WallDurations': [10.0, 291.4985866546631, 2721.0, 8.0, 185.87106704711914, 3375.0, 9.0, 2174.0], 'JobIds': ['141680198.0', '141681641.0', '141686028.0'], 'State': 'transferring', 'RecordedSite': True, 'Error': [90000, "Got recoverable stageout exception:\nStageout failed with code 1.\nThere were 1 failed/killed stageout jobs.\nFailure reasons (per document) follow:\n- ef667dbe89c22cf34d4534aa48c9b0e2d218df46f42e358cfcd4921e:\n  -----> ASO log start -----\n  ['DESTINATION [5] HTTP 500 : Unexpected server error: 500 [...CUT...] Full log at https://fts3-cms.cern.ch:8449/fts3/ftsmon/#/job/601c1f6e-13a4-11f1-b2f1-fa163e172462']\n  <----- ASO log finish ----\n  The last failure reason is recoverable.", {}]}, '70': {'Retries': 0, 'Restarts': 0, 'SiteHistory': ['Unknown', 'T2_US_Wisconsin', 'T2_US_Wisconsin'], 'ResidentSetSize': [685808], 'SubmitTimes': [1772161697.0], 'StartTimes': [1772162810.0], 'EndTimes': [1772166339.0], 'TotalUserCpuTimeHistory': [4755], 'TotalSysCpuTimeHistory': [1213], 'WallDurations': [8.0, 150.05221223831177, 3529.0], 'JobIds': ['141680199.0'], 'State': 'finished', 'RecordedSite': True, 'Error': [0, 'OK', {}]}, '73': {'Retries': 2, 'Restarts': 0, 'SiteHistory': ['Unknown', 'T2_FR_IPHC', 'T2_FR_IPHC', 'T2_LV_HPCNET', 'T2_LV_HPCNET', 'T2_FR_GRIF', 'T2_FR_GRIF'], 'ResidentSetSize': [675672, 540060, 740516], 'SubmitTimes': [1772161697.0, 1772170806.0, 1772182067.0], 'StartTimes': [1772162968.0, 1772170990.0, 1772182079.0], 'EndTimes': [1772165336.0, 1772172926.0, 1772185151.0], 'TotalUserCpuTimeHistory': [2881, 2512, 3709], 'TotalSysCpuTimeHistory': [792, 274, 1271], 'WallDurations': [8.0, 292.4985866546631, 2368.0, 8.0, 1936.0, 10.0, 3072.0], 'JobIds': ['141680200.0', '141681840.0', '141686273.0'], 'State': 'transferring', 'RecordedSite': True, 'Error': [90000, "Got recoverable stageout exception:\nStageout failed with code 1.\nThere were 3 failed/killed stageout jobs.\nFailure reasons (per document) follow:\n- 4829f4c05a1dde4d6f85ecd004385f00af898d7f2e05bf05cc3ff51b:\n  -----> ASO log start -----\n  ['TRANSFER [5] TRANSFER ERROR: Copy failed (3rd pull). Last attempt: copy HTTP 500 : Unexpected server error: 500 [...CUT...] Full log at https://fts3-cms.cern.ch:8449/fts3/ftsmon/#/job/60384482-13a4-11f1-80e3-fa163e4409e3']\n  <----- ASO log finish ----\n  The last failure reason is recoverable.\n- 7289355178ec41bd0bc4c2e4bbb05f443a99165ada58331e56688fa2:\n  -----> ASO log start -----\n  ['TRANSFER [5] TRANSFER ERROR: Copy failed (3rd pull). Last attempt: copy HTTP 500 : Unexpected server error: 500 [...CUT...] Full log at https://fts3-cms.cern.ch:8449/fts3/ftsmon/#/job/60384482-13a4-11f1-80e3-fa163e4409e3']\n  <----- ASO log finish ----\n  The last failure reason is recoverable.\n- 4e41a26a988ab8a8d89e62d226b500bfbb63e7294eb9eb04e1e8ecd6:\n  -----> ASO log start -----\n  ['TRANSFER [5] TRANSFER ERROR: Copy failed (3rd pull). Last attempt: copy HTTP 500 : Unexpected server error: 500 [...CUT...] Full log at https://fts3-cms.cern.ch:8449/fts3/ftsmon/#/job/60384482-13a4-11f1-80e3-fa163e4409e3']\n  <----- ASO log finish ----\n  The last failure reason is recoverable.", {}]}, '75': {'Retries': 0, 'Restarts': 0, 'SiteHistory': ['Unknown', 'T2_US_Wisconsin', 'T2_US_Wisconsin'], 'ResidentSetSize': [688172], 'SubmitTimes': [1772161697.0], 'StartTimes': [1772162808.0], 'EndTimes': [1772166255.0], 'TotalUserCpuTimeHistory': [4625], 'TotalSysCpuTimeHistory': [1285], 'WallDurations': [8.0, 152.05221223831177, 3447.0], 'JobIds': ['141680201.0'], 'State': 'finished', 'RecordedSite': True, 'Error': [0, 'OK', {}]}, '76': {'Retries': 0, 'Restarts': 0, 'SiteHistory': ['Unknown', 'T2_US_Nebraska', 'T2_US_Nebraska'], 'ResidentSetSize': [3644960], 'SubmitTimes': [1772161697.0], 'StartTimes': [1772162810.0], 'EndTimes': [1772166269.0], 'TotalUserCpuTimeHistory': [4700], 'TotalSysCpuTimeHistory': [884], 'WallDurations': [8.0, 150.05221223831177, 3459.0], 'JobIds': ['141680202.0'], 'State': 'finished', 'RecordedSite': True, 'Error': [0, 'OK', {}]}, '78': {'Retries': 0, 'Restarts': 0, 'SiteHistory': ['Unknown', 'T2_US_Florida', 'T2_US_Florida'], 'ResidentSetSize': [661436], 'SubmitTimes': [1772161697.0], 'StartTimes': [1772162807.0], 'EndTimes': [1772164378.0], 'TotalUserCpuTimeHistory': [2087], 'TotalSysCpuTimeHistory': [198], 'WallDurations': [9.0, 153.05221223831177, 1571.0], 'JobIds': ['141680203.0'], 'State': 'finished', 'RecordedSite': True, 'Error': [0, 'OK', {}]}, '85': {'Retries': 3, 'Restarts': 1, 'SiteHistory': ['Unknown', 'T2_US_Florida', 'T2_US_Florida', 'T2_FR_IPHC', 'T2_FR_IPHC', 'T2_FR_IPHC', 'Unknown', 'T2_CH_CERN', 'T2_CH_CERN'], 'ResidentSetSize': [634604, 0, 2904504, 3267272], 'SubmitTimes': [1772161697.0, -1, 1772170129.0, 1772190722.0], 'StartTimes': [1772162815.0, 1772164779.0, 1772170188.0, 1772190829.0], 'EndTimes': [1772164771.0, 1772166457.0, 1772172574.0, 1772193590.0], 'TotalUserCpuTimeHistory': [2144.0, 4156, 2894, 3100], 'TotalSysCpuTimeHistory': [228.0, 805, 900, 435], 'WallDurations': [8.0, 145.05221223831177, 1956.0, 1678.0, 9.0, 2386.0, 8.0, 307.842054605484, 2761.0], 'JobIds': ['141680204.0', '141680204.0', '141681730.0', '141695533.0'], 'State': 'transferring', 'RecordedSite': True, 'Error': [90000, "Got recoverable stageout exception:\nStageout failed with code 1.\nThere were 3 failed/killed stageout jobs.\nFailure reasons (per document) follow:\n- 20ee3654729141627bfb54dc44c026abf94b7574f992d2d9bf05acdb:\n  -----> ASO log start -----\n  ['TRANSFER [5] TRANSFER ERROR: Copy failed (3rd pull). Last attempt: copy HTTP 500 : Unexpected server error: 500 [...CUT...] Full log at https://fts3-cms.cern.ch:8449/fts3/ftsmon/#/job/ea854240-13a2-11f1-981f-fa163e255442']\n  <----- ASO log finish ----\n  The last failure reason is recoverable.\n- d215a25964ee4a584400abc5e629bfc729c35e4d005bb38ac475a247:\n  -----> ASO log start -----\n  ['TRANSFER [5] TRANSFER ERROR: Copy failed (3rd pull). Last attempt: copy HTTP 500 : Unexpected server error: 500 [...CUT...] Full log at https://fts3-cms.cern.ch:8449/fts3/ftsmon/#/job/ea854240-13a2-11f1-981f-fa163e255442']\n  <----- ASO log finish ----\n  The last failure reason is recoverable.\n- e8371d75ba17e4294f4ba7529d8006f570634c33fd315e1c92cd2d26:\n  -----> ASO log start -----\n  ['TRANSFER [5] TRANSFER ERROR: Copy failed (3rd pull). Last attempt: copy HTTP 500 : Unexpected server error: 500 [...CUT...] Full log at https://fts3-cms.cern.ch:8449/fts3/ftsmon/#/job/ea854240-13a2-11f1-981f-fa163e255442']\n  <----- ASO log finish ----\n  The last failure reason is recoverable.", {}]}, '71': {'Retries': 3, 'Restarts': 1, 'SiteHistory': ['Unknown', 'T2_US_Florida', 'T2_US_Florida', 'T2_US_UCSD', 'T2_TR_METU', 'T2_TR_METU', 'T2_TR_METU', 'T2_TR_METU'], 'ResidentSetSize': [663104, 754216, 690216, 657712], 'SubmitTimes': [1772161697.0, -1, 1772170129.0, 1772182815.0], 'StartTimes': [1772162807.0, 1772164782.0, 1772170180.0, 1772182827.0], 'EndTimes': [1772164767.0, 1772166456.0, 1772175473.0, 1772185519.0], 'TotalUserCpuTimeHistory': [2079.0, 4181, 6181, 3590], 'TotalSysCpuTimeHistory': [210.0, 738, 2005, 794], 'WallDurations': [8.0, 153.05221223831177, 1960.0, 1674.0, 8.0, 5293.0, 9.0, 2692.0], 'JobIds': ['141680205.0', '141680205.0', '141681729.0', '141686355.0'], 'State': 'transferring', 'RecordedSite': True, 'Error': [90000, "Got recoverable stageout exception:\nStageout failed with code 1.\nThere were 3 failed/killed stageout jobs.\nFailure reasons (per document) follow:\n- ee0ec4c62013cff7775aff60dfb8f70be0ebdbc67c9cd0e18ac66029:\n  -----> ASO log start -----\n  ['TRANSFER [5] TRANSFER ERROR: Copy failed (3rd pull). Last attempt: copy HTTP 500 : Unexpected server error: 500 [...CUT...] Full log at https://fts3-cms.cern.ch:8449/fts3/ftsmon/#/job/3af999c2-13aa-11f1-9f41-fa163e5dc706']\n  <----- ASO log finish ----\n  The last failure reason is recoverable.\n- 9498371bb756b99469a2d27b80af6baaa8be5317c009e72d104a6b74:\n  -----> ASO log start -----\n  ['TRANSFER [5] TRANSFER ERROR: Copy failed (3rd pull). Last attempt: copy HTTP 500 : Unexpected server error: 500 [...CUT...] Full log at https://fts3-cms.cern.ch:8449/fts3/ftsmon/#/job/3af999c2-13aa-11f1-9f41-fa163e5dc706']\n  <----- ASO log finish ----\n  The last failure reason is recoverable.\n- 8a154bf0b235b17e393e4dd38b9d68e29a3119ce2fa11c12a496c424:\n  -----> ASO log start -----\n  ['TRANSFER [5] TRANSFER ERROR: Copy failed (3rd pull). Last attempt: copy HTTP 500 : Unexpected server error: 500 [...CUT...] Full log at https://fts3-cms.cern.ch:8449/fts3/ftsmon/#/job/3af999c2-13aa-11f1-9f41-fa163e5dc706']\n  <----- ASO log finish ----\n  The last failure reason is recoverable.", {}]}, '77': {'Retries': 0, 'Restarts': 1, 'SiteHistory': ['Unknown', 'T2_US_Florida', 'T2_US_Florida', 'T2_CH_CERN'], 'ResidentSetSize': [638744, 750000], 'SubmitTimes': [1772161697.0, -1], 'StartTimes': [1772162808.0, 1772165904.0], 'EndTimes': [1772165825.0, 1772168099.0], 'TotalUserCpuTimeHistory': [2070.0, 4626], 'TotalSysCpuTimeHistory': [206.0, 1008], 'WallDurations': [8.0, 152.05221223831177, 3017.0, 2195.0], 'JobIds': ['141680206.0', '141680206.0'], 'State': 'finished', 'RecordedSite': True, 'Error': [0, 'OK', {}]}, '80': {'Retries': 1, 'Restarts': 0, 'SiteHistory': ['Unknown', 'T2_FR_IPHC', 'T2_FR_IPHC', 'Unknown', 'T2_CH_CERN', 'T2_CH_CERN'], 'ResidentSetSize': [681404, 739976], 'SubmitTimes': [1772161697.0, 1772170599.0], 'StartTimes': [1772162968.0, 1772170772.0], 'EndTimes': [1772165125.0, 1772173237.0], 'TotalUserCpuTimeHistory': [2734, 2726], 'TotalSysCpuTimeHistory': [783, 791], 'WallDurations': [8.0, 292.4985866546631, 2157.0, 10.0, 236.44514417648315, 2465.0], 'JobIds': ['141680207.0', '141681805.0'], 'State': 'transferring', 'RecordedSite': True, 'Error': [90000, "Got recoverable stageout exception:\nStageout failed with code 1.\nThere were 3 failed/killed stageout jobs.\nFailure reasons (per document) follow:\n- e9d01192099b1d2136d2cf06ee754df2f2706d02683eef6abab3c516:\n  -----> ASO log start -----\n  ['TRANSFER [5] TRANSFER ERROR: Copy failed (3rd pull). Last attempt: copy HTTP 500 : Unexpected server error: 500 [...CUT...] Full log at https://fts3-cms.cern.ch:8449/fts3/ftsmon/#/job/2088bd56-1392-11f1-b0a1-fa163e5dc706']\n  <----- ASO log finish ----\n  The last failure reason is recoverable.\n- b3a98410ecbd939b9cc08d53c3d26813a1fbbd5d8bf66170025acb1e:\n  -----> ASO log start -----\n  ['TRANSFER [5] TRANSFER ERROR: Copy failed (3rd pull). Last attempt: copy HTTP 500 : Unexpected server error: 500 [...CUT...] Full log at https://fts3-cms.cern.ch:8449/fts3/ftsmon/#/job/2088bd56-1392-11f1-b0a1-fa163e5dc706']\n  <----- ASO log finish ----\n  The last failure reason is recoverable.\n- aca3c6332043f06139d3eba35bc3c2bc0cdecf7aec966dd68d05923a:\n  -----> ASO log start -----\n  ['TRANSFER [5] TRANSFER ERROR: Copy failed (3rd pull). Last attempt: copy HTTP 500 : Unexpected server error: 500 [...CUT...] Full log at https://fts3-cms.cern.ch:8449/fts3/ftsmon/#/job/2088bd56-1392-11f1-b0a1-fa163e5dc706']\n  <----- ASO log finish ----\n  The last failure reason is recoverable.", {}]}, '83': {'Retries': 0, 'Restarts': 0, 'SiteHistory': ['Unknown', 'T2_US_Florida', 'T2_US_Florida'], 'ResidentSetSize': [715688], 'SubmitTimes': [1772161697.0], 'StartTimes': [1772162807.0], 'EndTimes': [1772164921.0], 'TotalUserCpuTimeHistory': [2999], 'TotalSysCpuTimeHistory': [377], 'WallDurations': [8.0, 153.05221223831177, 2114.0], 'JobIds': ['141680208.0'], 'State': 'finished', 'RecordedSite': True, 'Error': [0, 'OK', {}]}, '79': {'Retries': 0, 'Restarts': 0, 'SiteHistory': ['Unknown', 'T2_US_UCSD', 'T2_US_UCSD'], 'ResidentSetSize': [610880], 'SubmitTimes': [1772161697.0], 'StartTimes': [1772162811.0], 'EndTimes': [1772164790.0], 'TotalUserCpuTimeHistory': [2232], 'TotalSysCpuTimeHistory': [560], 'WallDurations': [9.0, 149.05221223831177, 1979.0], 'JobIds': ['141680209.0'], 'State': 'finished', 'RecordedSite': True, 'Error': [0, 'OK', {}]}, '82': {'Retries': 0, 'Restarts': 0, 'SiteHistory': ['Unknown', 'T2_US_Florida', 'T2_US_Florida'], 'ResidentSetSize': [638808], 'SubmitTimes': [1772161697.0], 'StartTimes': [1772162808.0], 'EndTimes': [1772164331.0], 'TotalUserCpuTimeHistory': [2180], 'TotalSysCpuTimeHistory': [228], 'WallDurations': [8.0, 152.05221223831177, 1523.0], 'JobIds': ['141680210.0'], 'State': 'finished', 'RecordedSite': True, 'Error': [0, 'OK', {}]}, '88': {'Retries': 2, 'Restarts': 0, 'SiteHistory': ['Unknown', 'T2_US_Wisconsin', 'T2_US_Wisconsin', 'T2_TR_METU', 'T2_TR_METU', 'T2_CH_CERN', 'T2_CH_CERN'], 'ResidentSetSize': [713500, 685288, 688676], 'SubmitTimes': [1772161697.0, 1772170124.0, 1772193678.0], 'StartTimes': [1772162809.0, 1772170162.0, 1772193689.0], 'EndTimes': [1772166448.0, 1772175526.0, 1772198091.0], 'TotalUserCpuTimeHistory': [4772, 6309, 5446], 'TotalSysCpuTimeHistory': [1293, 2021, 1292], 'WallDurations': [9.0, 151.05221223831177, 3639.0, 10.0, 5364.0, 8.0, 4402.0], 'JobIds': ['141680211.0', '141681727.0', '141698468.0'], 'State': 'transferring', 'RecordedSite': True, 'Error': [90000, "Got recoverable stageout exception:\nStageout failed with code 1.\nThere were 3 failed/killed stageout jobs.\nFailure reasons (per document) follow:\n- 411e1e5fc50c96a7d157b57cde67907cd9c92e355f56a0c7015cd95e:\n  -----> ASO log start -----\n  ['TRANSFER [5] TRANSFER ERROR: Copy failed (3rd pull). Last attempt: copy HTTP 500 : Unexpected server error: 500 [...CUT...] Full log at https://fts3-cms.cern.ch:8449/fts3/ftsmon/#/job/3af999c2-13aa-11f1-9f41-fa163e5dc706']\n  <----- ASO log finish ----\n  The last failure reason is recoverable.\n- 0f802fa5fc2a8534acd9e6717c44a66e93bc32bb5a07735a0a4b721c:\n  -----> ASO log start -----\n  ['TRANSFER [5] TRANSFER ERROR: Copy failed (3rd pull). Last attempt: copy HTTP 500 : Unexpected server error: 500 [...CUT...] Full log at https://fts3-cms.cern.ch:8449/fts3/ftsmon/#/job/3af999c2-13aa-11f1-9f41-fa163e5dc706']\n  <----- ASO log finish ----\n  The last failure reason is recoverable.\n- a977b844d0f49ceec8149c7db3e34627ccbc6851dfa102071d0dd548:\n  -----> ASO log start -----\n  ['TRANSFER [5] TRANSFER ERROR: Copy failed (3rd pull). Last attempt: copy HTTP 500 : Unexpected server error: 500 [...CUT...] Full log at https://fts3-cms.cern.ch:8449/fts3/ftsmon/#/job/3af999c2-13aa-11f1-9f41-fa163e5dc706']\n  <----- ASO log finish ----\n  The last failure reason is recoverable.", {}]}, '81': {'Retries': 0, 'Restarts': 0, 'SiteHistory': ['Unknown', 'T2_US_Nebraska', 'T2_US_Nebraska'], 'ResidentSetSize': [663848], 'SubmitTimes': [1772161697.0], 'StartTimes': [1772162810.0], 'EndTimes': [1772165804.0], 'TotalUserCpuTimeHistory': [3952], 'TotalSysCpuTimeHistory': [727], 'WallDurations': [8.0, 150.05221223831177, 2994.0], 'JobIds': ['141680212.0'], 'State': 'finished', 'RecordedSite': True, 'Error': [0, 'OK', {}]}, '86': {'Retries': 0, 'Restarts': 0, 'SiteHistory': ['Unknown', 'T2_US_Nebraska', 'T2_US_Nebraska'], 'ResidentSetSize': [787272], 'SubmitTimes': [1772161697.0], 'StartTimes': [1772162808.0], 'EndTimes': [1772167035.0], 'TotalUserCpuTimeHistory': [5723], 'TotalSysCpuTimeHistory': [829], 'WallDurations': [10.0, 152.05221223831177, 4227.0], 'JobIds': ['141680213.0'], 'State': 'finished', 'RecordedSite': True, 'Error': [0, 'OK', {}]}, '84': {'Retries': 2, 'Restarts': 1, 'SiteHistory': ['Unknown', 'T2_US_Florida', 'T2_US_Florida', 'T2_FR_IPHC', 'Unknown', 'T2_CH_CSCS', 'T2_CH_CSCS'], 'ResidentSetSize': [670664, 750000, 688596], 'SubmitTimes': [1772161697.0, -1, 1772172457.0], 'StartTimes': [1772162807.0, 1772165576.0, 1772172636.0], 'EndTimes': [1772165542.0, 1772166982.0, 1772174591.0], 'TotalUserCpuTimeHistory': [3437.0, 5223, 2424], 'TotalSysCpuTimeHistory': [454.0, 883, 670], 'WallDurations': [8.0, 153.05221223831177, 2735.0, 1406.0, 9.0, 251.35983395576477, 1955.0], 'JobIds': ['141680214.0', '141680214.0', '141682318.0'], 'State': 'finished', 'RecordedSite': True, 'Error': [0, 'OK', {}]}, '87': {'Retries': 0, 'Restarts': 0, 'SiteHistory': ['Unknown', 'T2_US_MIT', 'T2_US_MIT'], 'ResidentSetSize': [3420312], 'SubmitTimes': [1772161697.0], 'StartTimes': [1772162806.0], 'EndTimes': [1772166353.0], 'TotalUserCpuTimeHistory': [4289], 'TotalSysCpuTimeHistory': [1177], 'WallDurations': [9.0, 154.05221223831177, 3547.0], 'JobIds': ['141680215.0'], 'State': 'finished', 'RecordedSite': True, 'Error': [0, 'OK', {}]}, '89': {'Retries': 0, 'Restarts': 0, 'SiteHistory': ['Unknown', 'T2_US_Florida', 'T2_US_Florida'], 'ResidentSetSize': [663240], 'SubmitTimes': [1772161703.0], 'StartTimes': [1772162807.0], 'EndTimes': [1772164238.0], 'TotalUserCpuTimeHistory': [1973], 'TotalSysCpuTimeHistory': [194], 'WallDurations': [9.0, 153.05221223831177, 1431.0], 'JobIds': ['141680216.0'], 'State': 'finished', 'RecordedSite': True, 'Error': [0, 'OK', {}]}, '90': {'Retries': 0, 'Restarts': 0, 'SiteHistory': ['Unknown', 'T2_US_Florida', 'T2_US_Florida'], 'ResidentSetSize': [634380], 'SubmitTimes': [1772161703.0], 'StartTimes': [1772162807.0], 'EndTimes': [1772164290.0], 'TotalUserCpuTimeHistory': [2078], 'TotalSysCpuTimeHistory': [204], 'WallDurations': [8.0, 153.05221223831177, 1483.0], 'JobIds': ['141680217.0'], 'State': 'finished', 'RecordedSite': True, 'Error': [0, 'OK', {}]}, '91': {'Retries': 0, 'Restarts': 0, 'SiteHistory': ['Unknown', 'T2_US_Nebraska', 'T2_US_Nebraska'], 'ResidentSetSize': [683244], 'SubmitTimes': [1772161703.0], 'StartTimes': [1772162808.0], 'EndTimes': [1772166364.0], 'TotalUserCpuTimeHistory': [4797], 'TotalSysCpuTimeHistory': [1011], 'WallDurations': [9.0, 152.05221223831177, 3556.0], 'JobIds': ['141680218.0'], 'State': 'finished', 'RecordedSite': True, 'Error': [0, 'OK', {}]}, '92': {'Retries': 1, 'Restarts': 0, 'SiteHistory': ['Unknown', 'T2_EE_Estonia', 'T2_EE_Estonia', 'T2_CH_CERN', 'T2_CH_CERN'], 'ResidentSetSize': [882196, 648600], 'SubmitTimes': [1772161703.0, 1772181416.0], 'StartTimes': [1772162970.0, 1772181429.0], 'EndTimes': [1772168735.0, 1772184653.0], 'TotalUserCpuTimeHistory': [7027, 3291], 'TotalSysCpuTimeHistory': [2447, 1028], 'WallDurations': [9.0, 290.4985866546631, 5765.0, 9.0, 3224.0], 'JobIds': ['141680219.0', '141686188.0'], 'State': 'transferring', 'RecordedSite': True, 'Error': [90000, "Got recoverable stageout exception:\nStageout failed with code 1.\nThere were 3 failed/killed stageout jobs.\nFailure reasons (per document) follow:\n- c46671fe1116bcccbcbe18ba0e03d316ac683fca51aebcd0bbd9c6c7:\n  -----> ASO log start -----\n  ['TRANSFER [5] TRANSFER ERROR: Copy failed (3rd pull). Last attempt: copy HTTP 500 : Unexpected server error: 500 [...CUT...] Full log at https://fts3-cms.cern.ch:8449/fts3/ftsmon/#/job/247c61e4-139a-11f1-9d8d-fa163eaa97bf']\n  <----- ASO log finish ----\n  The last failure reason is recoverable.\n- 3af4d7640aa9dccba4955a6ea0b435a401634e6dd7c6c37d72ec87c7:\n  -----> ASO log start -----\n  ['TRANSFER [5] TRANSFER ERROR: Copy failed (3rd pull). Last attempt: copy HTTP 500 : Unexpected server error: 500 [...CUT...] Full log at https://fts3-cms.cern.ch:8449/fts3/ftsmon/#/job/247c61e4-139a-11f1-9d8d-fa163eaa97bf']\n  <----- ASO log finish ----\n  The last failure reason is recoverable.\n- 6762f316b6735dc0ccb86d3a112bf416c2a109e9c4dd2687efee3d67:\n  -----> ASO log start -----\n  ['TRANSFER [5] TRANSFER ERROR: Copy failed (3rd pull). Last attempt: copy HTTP 500 : Unexpected server error: 500 [...CUT...] Full log at https://fts3-cms.cern.ch:8449/fts3/ftsmon/#/job/247c61e4-139a-11f1-9d8d-fa163eaa97bf']\n  <----- ASO log finish ----\n  The last failure reason is recoverable.", {}]}, '93': {'Retries': 2, 'Restarts': 0, 'SiteHistory': ['Unknown', 'T2_FR_GRIF', 'T2_FR_GRIF', 'Unknown', 'T2_BE_UCL', 'T2_BE_UCL', 'T2_CH_CERN', 'T2_CH_CERN'], 'ResidentSetSize': [717120, 1782920, 584612], 'SubmitTimes': [1772161703.0, 1772173067.0, 1772181406.0], 'StartTimes': [1772162969.0, 1772173240.0, 1772181430.0], 'EndTimes': [1772167593.0, 1772175868.0, 1772182634.0], 'TotalUserCpuTimeHistory': [5730, 1574, 1944], 'TotalSysCpuTimeHistory': [816, 83, 242], 'WallDurations': [9.0, 291.4985866546631, 4624.0, 9.0, 273.95208525657654, 2628.0, 8.0, 1204.0], 'JobIds': ['141680220.0', '141682540.0', '141686183.0'], 'State': 'transferring', 'RecordedSite': True, 'Error': [90000, "Got recoverable stageout exception:\nStageout failed with code 1.\nThere were 3 failed/killed stageout jobs.\nFailure reasons (per document) follow:\n- 36cae4efa9c3b6b42c8698b3e71ecb02d9e499977149ad4492228327:\n  -----> ASO log start -----\n  ['TRANSFER [5] TRANSFER ERROR: Copy failed (3rd pull). Last attempt: copy HTTP 500 : Unexpected server error: 500 [...CUT...] Full log at https://fts3-cms.cern.ch:8449/fts3/ftsmon/#/job/f681550e-13aa-11f1-9cc0-fa163e255442']\n  <----- ASO log finish ----\n  The last failure reason is recoverable.\n- 8565afb81f1af30ff52685a418ae42e8b579be477178560222940add:\n  -----> ASO log start -----\n  ['TRANSFER [5] TRANSFER ERROR: Copy failed (3rd pull). Last attempt: copy HTTP 500 : Unexpected server error: 500 [...CUT...] Full log at https://fts3-cms.cern.ch:8449/fts3/ftsmon/#/job/f681550e-13aa-11f1-9cc0-fa163e255442']\n  <----- ASO log finish ----\n  The last failure reason is recoverable.\n- 7910903b3d9c7523404e9c79f6e8599cef6f80c2b1aeab5efb4df102:\n  -----> ASO log start -----\n  ['TRANSFER [5] TRANSFER ERROR: Copy failed (3rd pull). Last attempt: copy HTTP 500 : Unexpected server error: 500 [...CUT...] Full log at https://fts3-cms.cern.ch:8449/fts3/ftsmon/#/job/f681550e-13aa-11f1-9cc0-fa163e255442']\n  <----- ASO log finish ----\n  The last failure reason is recoverable.", {}]}, '94': {'Retries': 2, 'Restarts': 0, 'SiteHistory': ['Unknown', 'T2_HU_Budapest', 'T2_HU_Budapest', 'Unknown', 'T2_CH_CERN', 'T2_CH_CERN', 'T3_KR_KNU', 'T3_KR_KNU'], 'ResidentSetSize': [713224, 872608, 3686920], 'SubmitTimes': [1772161703.0, 1772170691.0, 1772172310.0], 'StartTimes': [1772162970.0, 1772170842.0, 1772172349.0], 'EndTimes': [1772167019.0, 1772172182.0, 1772176777.0], 'TotalUserCpuTimeHistory': [5674, 1447, 5999], 'TotalSysCpuTimeHistory': [1219, 574, 1447], 'WallDurations': [8.0, 290.4985866546631, 4049.0, 9.0, 166.44514417648315, 1340.0, 8.0, 4428.0], 'JobIds': ['141680221.0', '141681820.0', '141682297.0'], 'State': 'finished', 'RecordedSite': True, 'Error': [0, 'OK', {}]}, '95': {'Retries': 2, 'Restarts': 0, 'SiteHistory': ['Unknown', 'T2_BE_UCL', 'T2_BE_UCL', 'Unknown', 'T2_FR_GRIF', 'T2_FR_GRIF', 'T2_TR_METU', 'T2_TR_METU'], 'ResidentSetSize': [2533296, 774008, 676640], 'SubmitTimes': [1772161703.0, 1772169375.0, 1772196274.0], 'StartTimes': [1772162969.0, 1772169568.0, 1772196335.0], 'EndTimes': [1772165700.0, 1772174512.0, 1772198374.0], 'TotalUserCpuTimeHistory': [1755, 6654, 2709], 'TotalSysCpuTimeHistory': [111, 1306, 467], 'WallDurations': [9.0, 291.4985866546631, 2731.0, 9.0, 180.87106704711914, 4944.0, 9.0, 2039.0], 'JobIds': ['141680222.0', '141681643.0', '141701066.0'], 'State': 'transferring', 'RecordedSite': True, 'Error': [90000, "Got recoverable stageout exception:\nStageout failed with code 1.\nThere were 3 failed/killed stageout jobs.\nFailure reasons (per document) follow:\n- 9c89abfa32e832b82e5be4040ff41835e05f191f01ffbb02c5f81854:\n  -----> ASO log start -----\n  ['TRANSFER [5] TRANSFER ERROR: Copy failed (3rd pull). Last attempt: copy HTTP 500 : Unexpected server error: 500 [...CUT...] Full log at https://fts3-cms.cern.ch:8449/fts3/ftsmon/#/job/0787cbd8-13a8-11f1-aa6a-fa163e5dc706']\n  <----- ASO log finish ----\n  The last failure reason is recoverable.\n- 9a4e0a684a7a8d88a62d88ef77b3a29354579321452b4c32d88a8a1e:\n  -----> ASO log start -----\n  ['TRANSFER [5] TRANSFER ERROR: Copy failed (3rd pull). Last attempt: copy HTTP 500 : Unexpected server error: 500 [...CUT...] Full log at https://fts3-cms.cern.ch:8449/fts3/ftsmon/#/job/0787cbd8-13a8-11f1-aa6a-fa163e5dc706']\n  <----- ASO log finish ----\n  The last failure reason is recoverable.\n- 7814a303aa6c1f4ba2e567ec6888b7af7c8aa0eb8148772079fde1de:\n  -----> ASO log start -----\n  ['TRANSFER [5] TRANSFER ERROR: Copy failed (3rd pull). Last attempt: copy HTTP 500 : Unexpected server error: 500 [...CUT...] Full log at https://fts3-cms.cern.ch:8449/fts3/ftsmon/#/job/0787cbd8-13a8-11f1-aa6a-fa163e5dc706']\n  <----- ASO log finish ----\n  The last failure reason is recoverable.", {}]}, '96': {'Retries': 2, 'Restarts': 0, 'SiteHistory': ['Unknown', 'T2_FR_IPHC', 'T2_FR_IPHC', 'T2_FR_GRIF', 'T2_FR_GRIF', 'Unknown', 'T2_CH_CERN', 'T2_CH_CERN'], 'ResidentSetSize': [702708, 682808, 3349384], 'SubmitTimes': [1772161703.0, 1772168595.0, 1772200397.0], 'StartTimes': [1772162967.0, 1772168611.0, 1772200491.0], 'EndTimes': [1772164919.0, 1772173233.0], 'TotalUserCpuTimeHistory': [2447, 5324, 973.0], 'TotalSysCpuTimeHistory': [662, 1028, 595.0], 'WallDurations': [9.0, 293.4985866546631, 1952.0, 9.0, 4622.0, 9.0, 296.934366941452, 912.0], 'JobIds': ['141680223.0', '141681539.0', '141706556.0'], 'State': 'running', 'RecordedSite': True, 'Error': [90000, "Got recoverable stageout exception:\nStageout failed with code 1.\nThere were 3 failed/killed stageout jobs.\nFailure reasons (per document) follow:\n- 21a273b40ea53a58f0681ef4d9df6ba0cce9be0775a54050afcec064:\n  -----> ASO log start -----\n  ['TRANSFER [5] TRANSFER ERROR: Copy failed (3rd pull). Last attempt: copy HTTP 500 : Unexpected server error: 500 [...CUT...] Full log at https://fts3-cms.cern.ch:8449/fts3/ftsmon/#/job/1b3e1a9a-13a5-11f1-9f41-fa163e5dc706']\n  <----- ASO log finish ----\n  The last failure reason is recoverable.\n- e47c98fd18bfae334c2ca2f9cde1520b0d45eb18d365c71e0bbfc4f9:\n  -----> ASO log start -----\n  ['TRANSFER [5] TRANSFER ERROR: Copy failed (3rd pull). Last attempt: copy HTTP 500 : Unexpected server error: 500 [...CUT...] Full log at https://fts3-cms.cern.ch:8449/fts3/ftsmon/#/job/1b3e1a9a-13a5-11f1-9f41-fa163e5dc706']\n  <----- ASO log finish ----\n  The last failure reason is recoverable.\n- 03fe3a874795aa0ce858aa454374375c1ce997993e111ca279ccf114:\n  -----> ASO log start -----\n  ['TRANSFER [5] TRANSFER ERROR: Copy failed (3rd pull). Last attempt: copy HTTP 500 : Unexpected server error: 500 [...CUT...] Full log at https://fts3-cms.cern.ch:8449/fts3/ftsmon/#/job/1b3e1a9a-13a5-11f1-9f41-fa163e5dc706']\n  <----- ASO log finish ----\n  The last failure reason is recoverable.", {}]}, '97': {'Retries': 2, 'Restarts': 0, 'SiteHistory': ['Unknown', 'T2_FR_IPHC', 'T2_FR_IPHC', 'Unknown', 'T2_DE_RWTH', 'T2_DE_RWTH', 'T2_CH_CERN', 'T2_CH_CERN'], 'ResidentSetSize': [751688, 3677700, 749400], 'SubmitTimes': [1772161703.0, 1772170254.0, 1772181581.0], 'StartTimes': [1772162969.0, 1772170404.0, 1772181589.0], 'EndTimes': [1772164777.0, 1772177843.0, 1772185007.0], 'TotalUserCpuTimeHistory': [2159, 9891, 3671], 'TotalSysCpuTimeHistory': [631, 3066, 1333], 'WallDurations': [9.0, 291.4985866546631, 1808.0, 9.0, 288.63993883132935, 7439.0, 8.0, 3418.0], 'JobIds': ['141680224.0', '141681751.0', '141686205.0'], 'State': 'transferring', 'RecordedSite': True, 'Error': [90000, "Got recoverable stageout exception:\nStageout failed with code 1.\nThere were 1 failed/killed stageout jobs.\nFailure reasons (per document) follow:\n- 75c8b459713a709e733790c4b90af3a9fbc7814452359f3014a226e0:\n  -----> ASO log start -----\n  ['TRANSFER [112] TRANSFER ERROR: Copy failed (3rd pull). Last attempt: copy HTTP 400 : Server Error [...CUT...] Full log at https://fts3-cms.cern.ch:8449/fts3/ftsmon/#/job/62beed9a-13af-11f1-83d5-fa163e172462']\n  <----- ASO log finish ----\n  The last failure reason is recoverable.", {}]}, '98': {'Retries': 0, 'Restarts': 0, 'SiteHistory': ['Unknown', 'T2_US_Florida', 'T2_US_Florida'], 'ResidentSetSize': [684716], 'SubmitTimes': [1772161703.0], 'StartTimes': [1772162807.0], 'EndTimes': [1772164327.0], 'TotalUserCpuTimeHistory': [2121], 'TotalSysCpuTimeHistory': [208], 'WallDurations': [8.0, 153.05221223831177, 1520.0], 'JobIds': ['141680225.0'], 'State': 'finished', 'RecordedSite': True, 'Error': [0, 'OK', {}]}, '99': {'Retries': 2, 'Restarts': 0, 'SiteHistory': ['Unknown', 'T2_BE_UCL', 'T2_BE_UCL', 'Unknown', 'T2_TR_METU', 'T2_TR_METU', 'Unknown', 'T2_CH_CERN', 'T2_CH_CERN'], 'ResidentSetSize': [684272, 726948, 640320], 'SubmitTimes': [1772161703.0, 1772169310.0, 1772191732.0], 'StartTimes': [1772162968.0, 1772169497.0, 1772191810.0], 'EndTimes': [1772165635.0, 1772173575.0, 1772195742.0], 'TotalUserCpuTimeHistory': [1543, 5003, 5269], 'TotalSysCpuTimeHistory': [82, 1552, 1128], 'WallDurations': [8.0, 292.4985866546631, 2667.0, 9.0, 251.87106704711914, 4078.0, 9.0, 266.4325466156006, 3932.0], 'JobIds': ['141680226.0', '141681630.0', '141696029.0'], 'State': 'transferring', 'RecordedSite': True, 'Error': [90000, "Got recoverable stageout exception:\nStageout failed with code 1.\nThere were 3 failed/killed stageout jobs.\nFailure reasons (per document) follow:\n- 74aaa5cd7a6cfec2e4898d2be2c76b845c555af666b4d715e17226b4:\n  -----> ASO log start -----\n  ['TRANSFER [5] TRANSFER ERROR: Copy failed (3rd pull). Last attempt: copy HTTP 500 : Unexpected server error: 500 [...CUT...] Full log at https://fts3-cms.cern.ch:8449/fts3/ftsmon/#/job/d721afe2-13a5-11f1-8492-fa163e255442']\n  <----- ASO log finish ----\n  The last failure reason is recoverable.\n- 2056f415d998c013cbac7d342bbf5cde27d752530553f1ca632199b5:\n  -----> ASO log start -----\n  ['TRANSFER [5] TRANSFER ERROR: Copy failed (3rd pull). Last attempt: copy HTTP 500 : Unexpected server error: 500 [...CUT...] Full log at https://fts3-cms.cern.ch:8449/fts3/ftsmon/#/job/d721afe2-13a5-11f1-8492-fa163e255442']\n  <----- ASO log finish ----\n  The last failure reason is recoverable.\n- fee02daebe9d3121ae896c228a188e88a2943dea449fffdc282c6b77:\n  -----> ASO log start -----\n  ['TRANSFER [5] TRANSFER ERROR: Copy failed (3rd pull). Last attempt: copy HTTP 500 : Unexpected server error: 500 [...CUT...] Full log at https://fts3-cms.cern.ch:8449/fts3/ftsmon/#/job/d721afe2-13a5-11f1-8492-fa163e255442']\n  <----- ASO log finish ----\n  The last failure reason is recoverable.", {}]}, '100': {'Retries': 0, 'Restarts': 1, 'SiteHistory': ['Unknown', 'T2_US_Florida', 'T2_US_Florida', 'T2_UK_SGrid_RALPP'], 'ResidentSetSize': [3640688, 3750000], 'SubmitTimes': [1772161703.0, -1], 'StartTimes': [1772162810.0, 1772165449.0], 'EndTimes': [1772165436.0, 1772168113.0], 'TotalUserCpuTimeHistory': [3209.0, 6528], 'TotalSysCpuTimeHistory': [454.0, 1383], 'WallDurations': [8.0, 150.05221223831177, 2626.0, 2664.0], 'JobIds': ['141680227.0', '141680227.0'], 'State': 'finished', 'RecordedSite': True, 'Error': [0, 'OK', {}]}, '101': {'Retries': 0, 'Restarts': 0, 'SiteHistory': ['Unknown', 'T2_US_Nebraska', 'T2_US_Nebraska'], 'ResidentSetSize': [3654864], 'SubmitTimes': [1772161703.0], 'StartTimes': [1772162810.0], 'EndTimes': [1772166061.0], 'TotalUserCpuTimeHistory': [4293], 'TotalSysCpuTimeHistory': [790], 'WallDurations': [8.0, 150.05221223831177, 3251.0], 'JobIds': ['141680228.0'], 'State': 'finished', 'RecordedSite': True, 'Error': [0, 'OK', {}]}, '102': {'Retries': 0, 'Restarts': 0, 'SiteHistory': ['Unknown', 'T2_US_Florida', 'T2_US_Florida'], 'ResidentSetSize': [662688], 'SubmitTimes': [1772161703.0], 'StartTimes': [1772162810.0], 'EndTimes': [1772164364.0], 'TotalUserCpuTimeHistory': [2297], 'TotalSysCpuTimeHistory': [245], 'WallDurations': [8.0, 150.05221223831177, 1554.0], 'JobIds': ['141680229.0'], 'State': 'finished', 'RecordedSite': True, 'Error': [0, 'OK', {}]}, '103': {'Retries': 0, 'Restarts': 1, 'SiteHistory': ['Unknown', 'T2_US_Florida', 'T2_US_Florida', 'T2_UK_SGrid_RALPP'], 'ResidentSetSize': [657192, 750000], 'SubmitTimes': [1772161703.0, -1], 'StartTimes': [1772162808.0, 1772164910.0], 'EndTimes': [1772164871.0, 1772166802.0], 'TotalUserCpuTimeHistory': [2274.0, 4653], 'TotalSysCpuTimeHistory': [247.0, 893], 'WallDurations': [8.0, 152.05221223831177, 2063.0, 1892.0], 'JobIds': ['141680230.0', '141680230.0'], 'State': 'finished', 'RecordedSite': True, 'Error': [0, 'OK', {}]}, '104': {'Retries': 2, 'Restarts': 1, 'SiteHistory': ['Unknown', 'T2_US_Florida', 'T2_US_Florida', 'T2_FR_IPHC', 'T2_BE_IIHE', 'T2_BE_IIHE'], 'ResidentSetSize': [750780, 1000000, 587848], 'SubmitTimes': [1772161703.0, -1, 1772182037.0], 'StartTimes': [1772162810.0, 1772165453.0, 1772182049.0], 'EndTimes': [1772165435.0, 1772167550.0, 1772183358.0], 'TotalUserCpuTimeHistory': [3333.0, 5796, 1623], 'TotalSysCpuTimeHistory': [457.0, 881, 428], 'WallDurations': [8.0, 150.05221223831177, 2625.0, 2097.0, 9.0, 1309.0], 'JobIds': ['141680231.0', '141680231.0', '141686269.0'], 'State': 'transferring', 'RecordedSite': True, 'Error': [90000, "Got recoverable stageout exception:\nStageout failed with code 1.\nThere were 3 failed/killed stageout jobs.\nFailure reasons (per document) follow:\n- cd050b4a1dd0ae9c59f7d1d7fd703a2ad6fdce49ef576eba8c069363:\n  -----> ASO log start -----\n  ['TRANSFER [5] TRANSFER ERROR: Copy failed (3rd pull). Last attempt: copy HTTP 500 : Unexpected server error: 500 [...CUT...] Full log at https://fts3-cms.cern.ch:8449/fts3/ftsmon/#/job/ed45f8b8-1397-11f1-858c-fa163e65d4d2']\n  <----- ASO log finish ----\n  The last failure reason is recoverable.\n- b9c15b0efd82a7e0c9d603d3bbd7cfe81e41308364da4f3ceb75c42b:\n  -----> ASO log start -----\n  ['DESTINATION [110] timeout of 900s [...CUT...] Full log at https://fts3-cms.cern.ch:8449/fts3/ftsmon/#/job/ed45f8b8-1397-11f1-858c-fa163e65d4d2']\n  <----- ASO log finish ----\n  The last failure reason is recoverable.\n- 42cfa6d24a7838f8a0b6da443b03d5a44cb4c20316a5d9c8457d183d:\n  -----> ASO log start -----\n  ['TRANSFER [5] TRANSFER ERROR: Copy failed (3rd pull). Last attempt: copy HTTP 500 : Unexpected server error: 500 [...CUT...] Full log at https://fts3-cms.cern.ch:8449/fts3/ftsmon/#/job/ed45f8b8-1397-11f1-858c-fa163e65d4d2']\n  <----- ASO log finish ----\n  The last failure reason is recoverable.", {}]}, '105': {'Retries': 0, 'Restarts': 0, 'SiteHistory': ['Unknown', 'T2_US_Nebraska', 'T2_US_Nebraska'], 'ResidentSetSize': [703500], 'SubmitTimes': [1772161703.0], 'StartTimes': [1772162810.0], 'EndTimes': [1772165704.0], 'TotalUserCpuTimeHistory': [3681], 'TotalSysCpuTimeHistory': [640], 'WallDurations': [9.0, 150.05221223831177, 2894.0], 'JobIds': ['141680232.0'], 'State': 'finished', 'RecordedSite': True, 'Error': [0, 'OK', {}]}, '106': {'Retries': 0, 'Restarts': 0, 'SiteHistory': ['Unknown', 'T2_US_Nebraska', 'T2_US_Nebraska'], 'ResidentSetSize': [1798312], 'SubmitTimes': [1772161703.0], 'StartTimes': [1772162810.0], 'EndTimes': [1772166245.0], 'TotalUserCpuTimeHistory': [4861], 'TotalSysCpuTimeHistory': [1185], 'WallDurations': [8.0, 150.05221223831177, 3435.0], 'JobIds': ['141680233.0'], 'State': 'finished', 'RecordedSite': True, 'Error': [0, 'OK', {}]}, '107': {'Retries': 3, 'Restarts': 1, 'SiteHistory': ['Unknown', 'T2_US_Florida', 'T2_US_Florida', 'T2_CH_CERN', 'Unknown', 'T2_FR_GRIF', 'T2_FR_GRIF', 'T2_CH_CERN', 'T2_CH_CERN'], 'ResidentSetSize': [659312, 750000, 703600, 1670008], 'SubmitTimes': [1772161703.0, -1, 1772173040.0, 1772201035.0], 'StartTimes': [1772162810.0, 1772165904.0, 1772173234.0, 1772201085.0], 'EndTimes': [1772165821.0, 1772167562.0, 1772177485.0], 'TotalUserCpuTimeHistory': [2374.0, 4412, 5475, 1028.0], 'TotalSysCpuTimeHistory': [248.0, 818, 1042, 484.0], 'WallDurations': [8.0, 150.05221223831177, 3011.0, 1658.0, 9.0, 279.95208525657654, 4251.0, 8.0, 909.0], 'JobIds': ['141680234.0', '141680234.0', '141682539.0', '141706855.0'], 'State': 'running', 'RecordedSite': True, 'Error': [90000, "Got recoverable stageout exception:\nStageout failed with code 1.\nThere were 3 failed/killed stageout jobs.\nFailure reasons (per document) follow:\n- 0d06ec4179808be0abe89895beaf01a73a6990b00c51b7b9a57132df:\n  -----> ASO log start -----\n  ['TRANSFER [5] TRANSFER ERROR: Copy failed (3rd pull). Last attempt: copy HTTP 500 : Unexpected server error: 500 [...CUT...] Full log at https://fts3-cms.cern.ch:8449/fts3/ftsmon/#/job/a5c8023a-13ae-11f1-8ba7-fa163e1db714']\n  <----- ASO log finish ----\n  The last failure reason is recoverable.\n- 7fcf099ce61e09827c659390825f3953deedad2600f94bc85a85e7e9:\n  -----> ASO log start -----\n  ['TRANSFER [5] TRANSFER ERROR: Copy failed (3rd pull). Last attempt: copy HTTP 500 : Unexpected server error: 500 [...CUT...] Full log at https://fts3-cms.cern.ch:8449/fts3/ftsmon/#/job/a5c8023a-13ae-11f1-8ba7-fa163e1db714']\n  <----- ASO log finish ----\n  The last failure reason is recoverable.\n- 3dd5bf56e98b78d13fa9daf6994e5442163d5beef889c62abf586c14:\n  -----> ASO log start -----\n  ['TRANSFER [5] TRANSFER ERROR: Copy failed (3rd pull). Last attempt: copy HTTP 500 : Unexpected server error: 500 [...CUT...] Full log at https://fts3-cms.cern.ch:8449/fts3/ftsmon/#/job/a5c8023a-13ae-11f1-8ba7-fa163e1db714']\n  <----- ASO log finish ----\n  The last failure reason is recoverable.", {}]}, '108': {'Retries': 0, 'Restarts': 0, 'SiteHistory': ['Unknown', 'T2_UK_SGrid_RALPP', 'T2_UK_SGrid_RALPP'], 'ResidentSetSize': [710992], 'SubmitTimes': [1772161703.0], 'StartTimes': [1772162968.0], 'EndTimes': [1772166193.0], 'TotalUserCpuTimeHistory': [3925], 'TotalSysCpuTimeHistory': [1273], 'WallDurations': [8.0, 292.4985866546631, 3225.0], 'JobIds': ['141680235.0'], 'State': 'finished', 'RecordedSite': True, 'Error': [0, 'OK', {}]}, '110': {'Retries': 0, 'Restarts': 0, 'SiteHistory': ['Unknown', 'T2_US_Florida', 'T2_US_Florida'], 'ResidentSetSize': [722244], 'SubmitTimes': [1772161703.0], 'StartTimes': [1772162808.0], 'EndTimes': [1772164337.0], 'TotalUserCpuTimeHistory': [2000], 'TotalSysCpuTimeHistory': [175], 'WallDurations': [9.0, 152.05221223831177, 1529.0], 'JobIds': ['141680236.0'], 'State': 'finished', 'RecordedSite': True, 'Error': [0, 'OK', {}]}, '111': {'Retries': 2, 'Restarts': 0, 'SiteHistory': ['Unknown', 'T2_FR_IPHC', 'T2_FR_IPHC', 'T2_BE_UCL', 'T2_BE_UCL', 'Unknown', 'T2_TR_METU', 'T2_TR_METU'], 'ResidentSetSize': [768824, 703156, 714580], 'SubmitTimes': [1772161703.0, 1772168399.0, 1772179168.0], 'StartTimes': [1772162968.0, 1772168408.0, 1772179201.0], 'EndTimes': [1772164725.0, 1772171831.0, 1772183107.0], 'TotalUserCpuTimeHistory': [2177, 2857, 5333], 'TotalSysCpuTimeHistory': [550, 207, 1502], 'WallDurations': [9.0, 292.4985866546631, 1757.0, 9.0, 3423.0, 310.0, 312.98114037513733, 3906.0], 'JobIds': ['141680237.0', '141681508.0', '141685898.0'], 'State': 'failed', 'RecordedSite': True, 'Error': [90000, "Got recoverable stageout exception:\nStageout failed with code 1.\nThere were 3 failed/killed stageout jobs.\nFailure reasons (per document) follow:\n- e29b43e90ec2c4611f2e355a0fe85ec7708c26f44d68ec5aa90b98b8:\n  -----> ASO log start -----\n  ['TRANSFER [5] TRANSFER ERROR: Copy failed (3rd pull). Last attempt: copy HTTP 500 : Unexpected server error: 500 [...CUT...] Full log at https://fts3-cms.cern.ch:8449/fts3/ftsmon/#/job/d5f30b78-13bb-11f1-94c5-fa163e9e00e6']\n  <----- ASO log finish ----\n  The last failure reason is recoverable.\n- 3b14a563a974a4c232806147dab1c9a90a6b1228b5fe736a9ef2e262:\n  -----> ASO log start -----\n  ['TRANSFER [5] TRANSFER ERROR: Copy failed (3rd pull). Last attempt: copy HTTP 500 : Unexpected server error: 500 [...CUT...] Full log at https://fts3-cms.cern.ch:8449/fts3/ftsmon/#/job/d5f30b78-13bb-11f1-94c5-fa163e9e00e6']\n  <----- ASO log finish ----\n  The last failure reason is recoverable.\n- 336f05cb26e4a9e6aae411261da1d2060281fd7c1a2d98f922c2bed5:\n  -----> ASO log start -----\n  ['TRANSFER [5] TRANSFER ERROR: Copy failed (3rd pull). Last attempt: copy HTTP 500 : Unexpected server error: 500 [...CUT...] Full log at https://fts3-cms.cern.ch:8449/fts3/ftsmon/#/job/d5f30b78-13bb-11f1-94c5-fa163e9e00e6']\n  <----- ASO log finish ----\n  The last failure reason is recoverable.", {}]}, '121': {'Retries': 1, 'Restarts': 0, 'SiteHistory': ['Unknown', 'T2_BE_IIHE', 'T2_BE_IIHE', 'T2_FR_GRIF', 'T2_FR_GRIF'], 'ResidentSetSize': [720048, 2460848], 'SubmitTimes': [1772161703.0, 1772178980.0], 'StartTimes': [1772162969.0, 1772178996.0], 'EndTimes': [1772166306.0, 1772183827.0], 'TotalUserCpuTimeHistory': [4033, 5715], 'TotalSysCpuTimeHistory': [1227, 1232], 'WallDurations': [9.0, 291.4985866546631, 3337.0, 9.0, 4831.0], 'JobIds': ['141680238.0', '141685881.0'], 'State': 'transferring', 'RecordedSite': True, 'Error': [90000, "Got recoverable stageout exception:\nStageout failed with code 1.\nThere were 3 failed/killed stageout jobs.\nFailure reasons (per document) follow:\n- 5937c0db1f4abb7bcf95af6e121191cabcede6d3003a536d90b05c16:\n  -----> ASO log start -----\n  ['TRANSFER [5] TRANSFER ERROR: Copy failed (3rd pull). Last attempt: copy HTTP 500 : Unexpected server error: 500 [...CUT...] Full log at https://fts3-cms.cern.ch:8449/fts3/ftsmon/#/job/ff844e38-1394-11f1-89fc-fa163eaa97bf']\n  <----- ASO log finish ----\n  The last failure reason is recoverable.\n- 8f07080f5522dbaa5ff1882c06156a41a46da313747230bc0f01a745:\n  -----> ASO log start -----\n  ['TRANSFER [5] TRANSFER ERROR: Copy failed (3rd pull). Last attempt: copy HTTP 500 : Unexpected server error: 500 [...CUT...] Full log at https://fts3-cms.cern.ch:8449/fts3/ftsmon/#/job/ff844e38-1394-11f1-89fc-fa163eaa97bf']\n  <----- ASO log finish ----\n  The last failure reason is recoverable.\n- ef70b95ef0e117d4ac72083ffa87abb32c03ce51351cf07b316c5d18:\n  -----> ASO log start -----\n  ['TRANSFER [5] TRANSFER ERROR: Copy failed (3rd pull). Last attempt: copy HTTP 500 : Unexpected server error: 500 [...CUT...] Full log at https://fts3-cms.cern.ch:8449/fts3/ftsmon/#/job/ff844e38-1394-11f1-89fc-fa163eaa97bf']\n  <----- ASO log finish ----\n  The last failure reason is recoverable.", {}]}, '120': {'Retries': 1, 'Restarts': 0, 'SiteHistory': ['Unknown', 'T2_FR_GRIF', 'T2_FR_GRIF', 'T2_CH_CERN', 'T2_CH_CERN'], 'ResidentSetSize': [748964, 775988], 'SubmitTimes': [1772161703.0, 1772169446.0], 'StartTimes': [1772162967.0, 1772169584.0], 'EndTimes': [1772165778.0, 1772173764.0], 'TotalUserCpuTimeHistory': [3546, 5521], 'TotalSysCpuTimeHistory': [1193, 1196], 'WallDurations': [9.0, 293.4985866546631, 2811.0, 9.0, 4180.0], 'JobIds': ['141680239.0', '141681649.0'], 'State': 'transferring', 'RecordedSite': True, 'Error': [90000, "Got recoverable stageout exception:\nStageout failed with code 1.\nThere were 3 failed/killed stageout jobs.\nFailure reasons (per document) follow:\n- a80d94f5fd4f90517dca1ec3d205eacfa21b934b0e01b54b843a04de:\n  -----> ASO log start -----\n  ['TRANSFER [5] TRANSFER ERROR: Copy failed (3rd pull). Last attempt: copy HTTP 500 : Unexpected server error: 500 [...CUT...] Full log at https://fts3-cms.cern.ch:8449/fts3/ftsmon/#/job/8f051f8a-1393-11f1-bfa6-fa163e5dc706']\n  <----- ASO log finish ----\n  The last failure reason is recoverable.\n- df14381ea14dc2a2b3f537664ff2a35bd1254ad4d2ca81ac65c11b09:\n  -----> ASO log start -----\n  ['TRANSFER [5] TRANSFER ERROR: Copy failed (3rd pull). Last attempt: copy HTTP 500 : Unexpected server error: 500 [...CUT...] Full log at https://fts3-cms.cern.ch:8449/fts3/ftsmon/#/job/8f051f8a-1393-11f1-bfa6-fa163e5dc706']\n  <----- ASO log finish ----\n  The last failure reason is recoverable.\n- f359b4a59bed9515fc2b72b4d80d31e424408524f9d05ea2953cf3dc:\n  -----> ASO log start -----\n  ['TRANSFER [5] TRANSFER ERROR: Copy failed (3rd pull). Last attempt: copy HTTP 500 : Unexpected server error: 500 [...CUT...] Full log at https://fts3-cms.cern.ch:8449/fts3/ftsmon/#/job/8f051f8a-1393-11f1-bfa6-fa163e5dc706']\n  <----- ASO log finish ----\n  The last failure reason is recoverable.", {}]}, '126': {'Retries': 0, 'Restarts': 0, 'SiteHistory': ['Unknown', 'T2_BE_IIHE', 'T2_BE_IIHE'], 'ResidentSetSize': [3029620], 'SubmitTimes': [1772161703.0], 'StartTimes': [1772162969.0], 'EndTimes': [], 'TotalUserCpuTimeHistory': [9438.0], 'TotalSysCpuTimeHistory': [10017.0], 'WallDurations': [9.0, 291.4985866546631, 29476.0], 'JobIds': ['141680240.0'], 'State': 'running', 'RecordedSite': True}, '118': {'Retries': 2, 'Restarts': 0, 'SiteHistory': ['Unknown', 'T2_BE_UCL', 'T2_BE_UCL', 'Unknown', 'T2_TR_METU', 'T2_TR_METU', 'T2_CH_CERN', 'T2_CH_CERN'], 'ResidentSetSize': [3686312, 720560, 720388], 'SubmitTimes': [1772161704.0, 1772169113.0, 1772184084.0], 'StartTimes': [1772162969.0, 1772169150.0, 1772184089.0], 'EndTimes': [1772165441.0, 1772173135.0, 1772186546.0], 'TotalUserCpuTimeHistory': [1561, 5452, 2780], 'TotalSysCpuTimeHistory': [105, 1595, 873], 'WallDurations': [9.0, 291.4985866546631, 2472.0, 8.0, 284.47942638397217, 3985.0, 9.0, 2457.0], 'JobIds': ['141680241.0', '141681604.0', '141686486.0'], 'State': 'transferring', 'RecordedSite': True, 'Error': [90000, "Got recoverable stageout exception:\nStageout failed with code 1.\nThere were 3 failed/killed stageout jobs.\nFailure reasons (per document) follow:\n- a09bfb3ba58f7813f36d6826e18ab10e354cc9a30c12ffdbf03fd297:\n  -----> ASO log start -----\n  ['TRANSFER [5] TRANSFER ERROR: Copy failed (3rd pull). Last attempt: copy HTTP 500 : Unexpected server error: 500 [...CUT...] Full log at https://fts3-cms.cern.ch:8449/fts3/ftsmon/#/job/5fd70690-13a4-11f1-a0d4-fa163e4409e3']\n  <----- ASO log finish ----\n  The last failure reason is recoverable.\n- d1e10e8f7c9cadb68cfdcd5f6184950563c1607f8d460bb6a422c021:\n  -----> ASO log start -----\n  ['TRANSFER [5] TRANSFER ERROR: Copy failed (3rd pull). Last attempt: copy HTTP 500 : Unexpected server error: 500 [...CUT...] Full log at https://fts3-cms.cern.ch:8449/fts3/ftsmon/#/job/5fd70690-13a4-11f1-a0d4-fa163e4409e3']\n  <----- ASO log finish ----\n  The last failure reason is recoverable.\n- b45d5bdb211810cf571be04e4438290648d9c00e0c8c4ea4b4b834cc:\n  -----> ASO log start -----\n  ['TRANSFER [5] TRANSFER ERROR: Copy failed (3rd pull). Last attempt: copy HTTP 500 : Unexpected server error: 500 [...CUT...] Full log at https://fts3-cms.cern.ch:8449/fts3/ftsmon/#/job/5fd70690-13a4-11f1-a0d4-fa163e4409e3']\n  <----- ASO log finish ----\n  The last failure reason is recoverable.", {}]}, '122': {'Retries': 0, 'Restarts': 1, 'SiteHistory': ['Unknown', 'T2_US_Florida', 'T2_US_Florida', 'T2_US_UCSD'], 'ResidentSetSize': [657064, 750000], 'SubmitTimes': [1772161704.0, -1], 'StartTimes': [1772164262.0, 1772167482.0], 'EndTimes': [1772167461.0, 1772170099.0], 'TotalUserCpuTimeHistory': [3166.0, 6930], 'TotalSysCpuTimeHistory': [417.0, 1154], 'WallDurations': [9.0, 199.84561252593994, 3199.0, 2617.0], 'JobIds': ['141680242.0', '141680242.0'], 'State': 'finished', 'RecordedSite': True, 'Error': [0, 'OK', {}]}, '124': {'Retries': 3, 'Restarts': 1, 'SiteHistory': ['Unknown', 'T2_US_Florida', 'T2_US_Florida', 'T2_CH_CERN', 'Unknown', 'T2_BE_UCL', 'T2_BE_UCL', 'T2_CH_CERN', 'T2_CH_CERN'], 'ResidentSetSize': [633676, 3276872, 788460, 579416], 'SubmitTimes': [1772161704.0, -1, 1772170836.0, 1772181153.0], 'StartTimes': [1772162811.0, 1772165904.0, 1772171050.0, 1772181171.0], 'EndTimes': [1772165821.0, 1772167162.0, 1772173810.0, 1772182604.0], 'TotalUserCpuTimeHistory': [2159.0, 4219, 3027, 2138], 'TotalSysCpuTimeHistory': [214.0, 478, 242, 429], 'WallDurations': [8.0, 149.05221223831177, 3010.0, 1258.0, 9.0, 276.53299283981323, 2760.0, 9.0, 1433.0], 'JobIds': ['141680243.0', '141680243.0', '141681847.0', '141686150.0'], 'State': 'transferring', 'RecordedSite': True, 'Error': [90000, "Got recoverable stageout exception:\nStageout failed with code 1.\nThere were 3 failed/killed stageout jobs.\nFailure reasons (per document) follow:\n- 3a9bc43493696b6f5c0be426e6e9b841bd98634c62efd62d3283ed9e:\n  -----> ASO log start -----\n  ['TRANSFER [5] TRANSFER ERROR: Copy failed (3rd pull). Last attempt: copy HTTP 500 : Unexpected server error: 500 [...CUT...] Full log at https://fts3-cms.cern.ch:8449/fts3/ftsmon/#/job/d751cbc8-13a5-11f1-ad6f-fa163e1db714']\n  <----- ASO log finish ----\n  The last failure reason is recoverable.\n- 89ef3cbca9fb52b35f06a3104bff0844af78c07bd04baa9d1cb3877b:\n  -----> ASO log start -----\n  ['TRANSFER [5] TRANSFER ERROR: Copy failed (3rd pull). Last attempt: copy HTTP 500 : Unexpected server error: 500 [...CUT...] Full log at https://fts3-cms.cern.ch:8449/fts3/ftsmon/#/job/d751cbc8-13a5-11f1-ad6f-fa163e1db714']\n  <----- ASO log finish ----\n  The last failure reason is recoverable.\n- ac0665f6227dfe052523cae65e2a0d3b4d04bf273591a7d53dc7e4a1:\n  -----> ASO log start -----\n  ['TRANSFER [5] TRANSFER ERROR: Copy failed (3rd pull). Last attempt: copy HTTP 500 : Unexpected server error: 500 [...CUT...] Full log at https://fts3-cms.cern.ch:8449/fts3/ftsmon/#/job/d751cbc8-13a5-11f1-ad6f-fa163e1db714']\n  <----- ASO log finish ----\n  The last failure reason is recoverable.", {}]}, '123': {'Retries': 3, 'Restarts': 1, 'SiteHistory': ['Unknown', 'T2_US_Florida', 'T2_US_Florida', 'T2_FR_IPHC', 'T2_TR_METU', 'T2_TR_METU', 'Unknown', 'T2_CH_CERN', 'T2_CH_CERN'], 'ResidentSetSize': [680736, 750000, 3679564, 642608], 'SubmitTimes': [1772161704.0, -1, 1772170139.0, 1772182936.0], 'StartTimes': [1772162809.0, 1772164786.0, 1772170251.0, 1772182978.0], 'EndTimes': [1772164779.0, 1772166465.0, 1772175594.0, 1772185256.0], 'TotalUserCpuTimeHistory': [2173.0, 4299, 6178, 2660], 'TotalSysCpuTimeHistory': [216.0, 738, 2073, 838], 'WallDurations': [9.0, 151.05221223831177, 1970.0, 1679.0, 10.0, 5343.0, 8.0, 299.7400197982788, 2278.0], 'JobIds': ['141680244.0', '141680244.0', '141681731.0', '141686365.0'], 'State': 'transferring', 'RecordedSite': True, 'Error': [90000, "Got recoverable stageout exception:\nStageout failed with code 1.\nThere were 3 failed/killed stageout jobs.\nFailure reasons (per document) follow:\n- 2ac76f6adb45b38f98b64b1c6c69b9fb912287538d2b0e4bf168e43f:\n  -----> ASO log start -----\n  ['TRANSFER [5] TRANSFER ERROR: Copy failed (3rd pull). Last attempt: copy HTTP 500 : Unexpected server error: 500 [...CUT...] Full log at https://fts3-cms.cern.ch:8449/fts3/ftsmon/#/job/3af999c2-13aa-11f1-9f41-fa163e5dc706']\n  <----- ASO log finish ----\n  The last failure reason is recoverable.\n- ddf606e6348996d381fe6dfe7d46cd2e6e45c3cae74d5b084ce41960:\n  -----> ASO log start -----\n  ['TRANSFER [5] TRANSFER ERROR: Copy failed (3rd pull). Last attempt: copy HTTP 500 : Unexpected server error: 500 [...CUT...] Full log at https://fts3-cms.cern.ch:8449/fts3/ftsmon/#/job/3af999c2-13aa-11f1-9f41-fa163e5dc706']\n  <----- ASO log finish ----\n  The last failure reason is recoverable.\n- 9627d9998328f4f0d6a77fbb70748736a8a587a05c601875b3e4cbdc:\n  -----> ASO log start -----\n  ['TRANSFER [5] TRANSFER ERROR: Copy failed (3rd pull). Last attempt: copy HTTP 500 : Unexpected server error: 500 [...CUT...] Full log at https://fts3-cms.cern.ch:8449/fts3/ftsmon/#/job/3af999c2-13aa-11f1-9f41-fa163e5dc706']\n  <----- ASO log finish ----\n  The last failure reason is recoverable.", {}]}, '119': {'Retries': 1, 'Restarts': 0, 'SiteHistory': ['Unknown', 'T2_US_Florida', 'T2_US_Florida', 'T2_CH_CERN', 'T2_CH_CERN'], 'ResidentSetSize': [660756, 688296], 'SubmitTimes': [1772161704.0, 1772167962.0], 'StartTimes': [1772162830.0, 1772167968.0], 'EndTimes': [1772164289.0, 1772170041.0], 'TotalUserCpuTimeHistory': [1979, 2463], 'TotalSysCpuTimeHistory': [180, 783], 'WallDurations': [9.0, 130.05221223831177, 1459.0, 9.0, 2073.0], 'JobIds': ['141680245.0', '141681446.0'], 'State': 'finished', 'RecordedSite': True, 'Error': [0, 'OK', {}]}, '114': {'Retries': 0, 'Restarts': 0, 'SiteHistory': ['Unknown', 'T2_US_Florida', 'T2_US_Florida'], 'ResidentSetSize': [758104], 'SubmitTimes': [1772161704.0], 'StartTimes': [1772164292.0], 'EndTimes': [1772165647.0], 'TotalUserCpuTimeHistory': [1946], 'TotalSysCpuTimeHistory': [177], 'WallDurations': [9.0, 169.84561252593994, 1355.0], 'JobIds': ['141680246.0'], 'State': 'finished', 'RecordedSite': True, 'Error': [0, 'OK', {}]}, '129': {'Retries': 0, 'Restarts': 0, 'SiteHistory': ['Unknown', 'T2_US_Florida', 'T2_US_Florida'], 'ResidentSetSize': [748684], 'SubmitTimes': [1772161704.0], 'StartTimes': [1772162810.0], 'EndTimes': [1772164912.0], 'TotalUserCpuTimeHistory': [2648], 'TotalSysCpuTimeHistory': [277], 'WallDurations': [8.0, 150.05221223831177, 2102.0], 'JobIds': ['141680247.0'], 'State': 'finished', 'RecordedSite': True, 'Error': [0, 'OK', {}]}, '113': {'Retries': 3, 'Restarts': 1, 'SiteHistory': ['Unknown', 'T2_US_Florida', 'T2_US_Florida', 'T2_BE_IIHE', 'T2_TR_METU', 'T2_TR_METU', 'T2_CH_CSCS', 'T2_CH_CSCS'], 'ResidentSetSize': [632936, 750000, 3676948, 598300], 'SubmitTimes': [1772161704.0, -1, 1772179214.0, 1772191899.0], 'StartTimes': [1772162811.0, 1772164789.0, 1772179264.0, 1772191948.0], 'EndTimes': [1772164771.0, 1772166521.0, 1772182758.0, 1772194097.0], 'TotalUserCpuTimeHistory': [2315.0, 4555, 4562, 2476], 'TotalSysCpuTimeHistory': [308.0, 1033, 1286, 698], 'WallDurations': [9.0, 149.05221223831177, 1960.0, 1732.0, 8.0, 3494.0, 9.0, 2149.0], 'JobIds': ['141680248.0', '141680248.0', '141685903.0', '141696073.0'], 'State': 'finished', 'RecordedSite': True, 'Error': [0, 'OK', {}]}, '116': {'Retries': 0, 'Restarts': 0, 'SiteHistory': ['Unknown', 'T2_US_Nebraska', 'T2_US_Nebraska'], 'ResidentSetSize': [3660444], 'SubmitTimes': [1772161704.0], 'StartTimes': [1772162812.0], 'EndTimes': [1772165998.0], 'TotalUserCpuTimeHistory': [4250], 'TotalSysCpuTimeHistory': [798], 'WallDurations': [8.0, 148.05221223831177, 3186.0], 'JobIds': ['141680249.0'], 'State': 'finished', 'RecordedSite': True, 'Error': [0, 'OK', {}]}, '112': {'Retries': 0, 'Restarts': 0, 'SiteHistory': ['Unknown', 'T2_US_Wisconsin', 'T2_US_Wisconsin'], 'ResidentSetSize': [2494148], 'SubmitTimes': [1772161704.0], 'StartTimes': [1772162810.0], 'EndTimes': [1772166664.0], 'TotalUserCpuTimeHistory': [5061], 'TotalSysCpuTimeHistory': [1347], 'WallDurations': [8.0, 150.05221223831177, 3854.0], 'JobIds': ['141680250.0'], 'State': 'finished', 'RecordedSite': True, 'Error': [0, 'OK', {}]}, '128': {'Retries': 0, 'Restarts': 0, 'SiteHistory': ['Unknown', 'T2_US_Florida', 'T2_US_Florida'], 'ResidentSetSize': [629280], 'SubmitTimes': [1772161704.0], 'StartTimes': [1772162811.0], 'EndTimes': [1772164346.0], 'TotalUserCpuTimeHistory': [2086], 'TotalSysCpuTimeHistory': [200], 'WallDurations': [8.0, 149.05221223831177, 1535.0], 'JobIds': ['141680251.0'], 'State': 'finished', 'RecordedSite': True, 'Error': [0, 'OK', {}]}, '127': {'Retries': 0, 'Restarts': 0, 'SiteHistory': ['Unknown', 'T2_US_Florida', 'T2_US_Florida'], 'ResidentSetSize': [685972], 'SubmitTimes': [1772161704.0], 'StartTimes': [1772162808.0], 'EndTimes': [1772164375.0], 'TotalUserCpuTimeHistory': [2169], 'TotalSysCpuTimeHistory': [210], 'WallDurations': [10.0, 152.05221223831177, 1567.0], 'JobIds': ['141680252.0'], 'State': 'finished', 'RecordedSite': True, 'Error': [0, 'OK', {}]}, '117': {'Retries': 0, 'Restarts': 0, 'SiteHistory': ['Unknown', 'T2_US_Florida', 'T2_US_Florida'], 'ResidentSetSize': [738924], 'SubmitTimes': [1772161704.0], 'StartTimes': [1772162829.0], 'EndTimes': [1772164262.0], 'TotalUserCpuTimeHistory': [1909], 'TotalSysCpuTimeHistory': [173], 'WallDurations': [8.0, 131.05221223831177, 1433.0], 'JobIds': ['141680253.0'], 'State': 'finished', 'RecordedSite': True, 'Error': [0, 'OK', {}]}, '125': {'Retries': 0, 'Restarts': 0, 'SiteHistory': ['Unknown', 'T2_CH_CSCS', 'T2_CH_CSCS'], 'ResidentSetSize': [688480], 'SubmitTimes': [1772161704.0], 'StartTimes': [1772162969.0], 'EndTimes': [1772164964.0], 'TotalUserCpuTimeHistory': [2487], 'TotalSysCpuTimeHistory': [670], 'WallDurations': [9.0, 291.4985866546631, 1995.0], 'JobIds': ['141680254.0'], 'State': 'finished', 'RecordedSite': True, 'Error': [0, 'OK', {}]}, '115': {'Retries': 2, 'Restarts': 0, 'SiteHistory': ['Unknown', 'T2_IT_Rome', 'T2_IT_Rome', 'T3_KR_KNU', 'T3_KR_KNU', 'T2_TR_METU', 'T2_TR_METU'], 'ResidentSetSize': [585124, 685364, 723148], 'SubmitTimes': [1772161704.0, 1772168263.0, 1772176485.0], 'StartTimes': [1772162969.0, 1772168281.0, 1772176496.0], 'EndTimes': [1772164591.0, 1772170950.0, 1772179718.0], 'TotalUserCpuTimeHistory': [2453, 3765, 4297], 'TotalSysCpuTimeHistory': [323, 1183, 1033], 'WallDurations': [9.0, 291.4985866546631, 1622.0, 10.0, 2669.0, 9.0, 3222.0], 'JobIds': ['141680255.0', '141681485.0', '141685656.0'], 'State': 'failed', 'RecordedSite': True, 'Error': [90000, "Got recoverable stageout exception:\nStageout failed with code 1.\nThere were 3 failed/killed stageout jobs.\nFailure reasons (per document) follow:\n- c72af5873970278e4263f2f438eb640328f2235f04b744b71aacfbc3:\n  -----> ASO log start -----\n  ['TRANSFER [5] TRANSFER ERROR: Copy failed (3rd pull). Last attempt: copy HTTP 500 : Unexpected server error: 500 [...CUT...] Full log at https://fts3-cms.cern.ch:8449/fts3/ftsmon/#/job/d597608c-13b3-11f1-a50d-fa163e5dc706']\n  <----- ASO log finish ----\n  The last failure reason is recoverable.\n- bbaabdd35d85ea0ff8bf4cb8bdc1560dd7b5f3fc5b54d5a024071bba:\n  -----> ASO log start -----\n  ['TRANSFER [5] TRANSFER ERROR: Copy failed (3rd pull). Last attempt: copy HTTP 500 : Unexpected server error: 500 [...CUT...] Full log at https://fts3-cms.cern.ch:8449/fts3/ftsmon/#/job/d597608c-13b3-11f1-a50d-fa163e5dc706']\n  <----- ASO log finish ----\n  The last failure reason is recoverable.\n- 7487874c43053b6c4cb221af9d1efb532dd326d522318a441a4a556c:\n  -----> ASO log start -----\n  ['TRANSFER [5] TRANSFER ERROR: Copy failed (3rd pull). Last attempt: copy HTTP 500 : Unexpected server error: 500 [...CUT...] Full log at https://fts3-cms.cern.ch:8449/fts3/ftsmon/#/job/d597608c-13b3-11f1-a50d-fa163e5dc706']\n  <----- ASO log finish ----\n  The last failure reason is recoverable.", {}]}, '132': {'Retries': 2, 'Restarts': 0, 'SiteHistory': ['Unknown', 'T2_FR_IPHC', 'T2_FR_IPHC', 'Unknown', 'T2_LV_HPCNET', 'T2_LV_HPCNET', 'T3_KR_KNU', 'T3_KR_KNU'], 'ResidentSetSize': [736804, 510640, 2867372], 'SubmitTimes': [1772161704.0, 1772172794.0, 1772182307.0], 'StartTimes': [1772162968.0, 1772172929.0, 1772182341.0], 'EndTimes': [1772165517.0, 1772174968.0, 1772185866.0], 'TotalUserCpuTimeHistory': [3062, 2655, 5085], 'TotalSysCpuTimeHistory': [990, 298, 1290], 'WallDurations': [8.0, 292.4985866546631, 2549.0, 9.0, 269.63973736763, 2039.0, 0, 3525.0], 'JobIds': ['141680256.0', '141682463.0', '141686307.0'], 'State': 'finished', 'RecordedSite': True, 'Error': [0, 'OK', {}]}, '131': {'Retries': 1, 'Restarts': 0, 'SiteHistory': ['Unknown', 'T2_BE_UCL', 'T2_BE_UCL', 'Unknown', 'T2_US_UCSD', 'T2_US_UCSD'], 'ResidentSetSize': [672860, 2009784], 'SubmitTimes': [1772161704.0, 1772169385.0], 'StartTimes': [1772162969.0, 1772169574.0], 'EndTimes': [1772165713.0, 1772171856.0], 'TotalUserCpuTimeHistory': [2490, 3152], 'TotalSysCpuTimeHistory': [108, 577], 'WallDurations': [9.0, 291.4985866546631, 2744.0, 9.0, 174.87106704711914, 2282.0], 'JobIds': ['141680257.0', '141681644.0'], 'State': 'finished', 'RecordedSite': True, 'Error': [0, 'OK', {}]}, '140': {'Retries': 1, 'Restarts': 0, 'SiteHistory': ['Unknown', 'T2_BE_UCL', 'T2_BE_UCL', 'T2_EE_Estonia', 'T2_EE_Estonia'], 'ResidentSetSize': [729612, 687984], 'SubmitTimes': [1772161704.0, 1772170544.0], 'StartTimes': [1772162969.0, 1772170679.0], 'EndTimes': [1772166872.0, 1772178399.0], 'TotalUserCpuTimeHistory': [2839, 8002], 'TotalSysCpuTimeHistory': [177, 2480], 'WallDurations': [9.0, 291.4985866546631, 3903.0, 9.0, 7720.0], 'JobIds': ['141680258.0', '141681799.0'], 'State': 'transferring', 'RecordedSite': True, 'Error': [90000, "Got recoverable stageout exception:\nStageout failed with code 1.\nThere were 3 failed/killed stageout jobs.\nFailure reasons (per document) follow:\n- 0aa685bc595d4a68095c9d2cb08e6ef7b56cead11f44dc65fcd48ab8:\n  -----> ASO log start -----\n  ['TRANSFER [5] TRANSFER ERROR: Copy failed (3rd pull). Last attempt: copy HTTP 500 : Unexpected server error: 500 [...CUT...] Full log at https://fts3-cms.cern.ch:8449/fts3/ftsmon/#/job/ba52efda-1395-11f1-ac72-fa163eaa97bf']\n  <----- ASO log finish ----\n  The last failure reason is recoverable.\n- 4672d6d648663b28db02d15f5d6a22ad6653c3f32a62ff73e91b8256:\n  -----> ASO log start -----\n  ['TRANSFER [5] TRANSFER ERROR: Copy failed (3rd pull). Last attempt: copy HTTP 500 : Unexpected server error: 500 [...CUT...] Full log at https://fts3-cms.cern.ch:8449/fts3/ftsmon/#/job/ba52efda-1395-11f1-ac72-fa163eaa97bf']\n  <----- ASO log finish ----\n  The last failure reason is recoverable.\n- 1aecfcdffad98aee65a9499870b4b4fdd43242d0c8293c379ada54a4:\n  -----> ASO log start -----\n  ['TRANSFER [5] TRANSFER ERROR: Copy failed (3rd pull). Last attempt: copy HTTP 500 : Unexpected server error: 500 [...CUT...] Full log at https://fts3-cms.cern.ch:8449/fts3/ftsmon/#/job/ba52efda-1395-11f1-ac72-fa163eaa97bf']\n  <----- ASO log finish ----\n  The last failure reason is recoverable.", {}]}, '133': {'Retries': 2, 'Restarts': 0, 'SiteHistory': ['Unknown', 'T2_BE_IIHE', 'T2_BE_IIHE', 'T2_BE_UCL', 'T2_BE_UCL', 'T2_CH_CERN', 'T2_CH_CERN'], 'ResidentSetSize': [3606596, 2306848, 687684], 'SubmitTimes': [1772161704.0, 1772175830.0, 1772185872.0], 'StartTimes': [1772162969.0, 1772175870.0, 1772185904.0], 'EndTimes': [1772166744.0, 1772178535.0, 1772188635.0], 'TotalUserCpuTimeHistory': [4335, 1313, 2979], 'TotalSysCpuTimeHistory': [1437, 33, 1107], 'WallDurations': [9.0, 291.4985866546631, 3775.0, 8.0, 2665.0, 8.0, 2731.0], 'JobIds': ['141680259.0', '141685503.0', '141686807.0'], 'State': 'transferring', 'RecordedSite': True, 'Error': [90000, "Got recoverable stageout exception:\nStageout failed with code 1.\nThere were 3 failed/killed stageout jobs.\nFailure reasons (per document) follow:\n- ce3bbe11c108e6bbc613facc86cfe9ab5be7b935337b152ffe435401:\n  -----> ASO log start -----\n  ['TRANSFER [5] TRANSFER ERROR: Copy failed (3rd pull). Last attempt: copy HTTP 500 : Unexpected server error: 500 [...CUT...] Full log at https://fts3-cms.cern.ch:8449/fts3/ftsmon/#/job/dd78ae12-13b0-11f1-8c2c-fa163e65d4d2']\n  <----- ASO log finish ----\n  The last failure reason is recoverable.\n- 00a66e40dbdd967923f22720d0686fb22a0cb4998fb782c409c9b517:\n  -----> ASO log start -----\n  ['TRANSFER [5] TRANSFER ERROR: Copy failed (3rd pull). Last attempt: copy HTTP 500 : Unexpected server error: 500 [...CUT...] Full log at https://fts3-cms.cern.ch:8449/fts3/ftsmon/#/job/dd78ae12-13b0-11f1-8c2c-fa163e65d4d2']\n  <----- ASO log finish ----\n  The last failure reason is recoverable.\n- 67b2fbb24d747ef2f802ac8a95a6bbb3b8b11ef026b8edd4906a4f90:\n  -----> ASO log start -----\n  ['TRANSFER [5] TRANSFER ERROR: Copy failed (3rd pull). Last attempt: copy HTTP 500 : Unexpected server error: 500 [...CUT...] Full log at https://fts3-cms.cern.ch:8449/fts3/ftsmon/#/job/dd78ae12-13b0-11f1-8c2c-fa163e65d4d2']\n  <----- ASO log finish ----\n  The last failure reason is recoverable.", {}]}, '130': {'Retries': 0, 'Restarts': 0, 'SiteHistory': ['Unknown', 'T3_UK_ScotGrid_GLA', 'T3_UK_ScotGrid_GLA'], 'ResidentSetSize': [625588], 'SubmitTimes': [1772161704.0], 'StartTimes': [1772162969.0], 'EndTimes': [1772166531.0], 'TotalUserCpuTimeHistory': [4165], 'TotalSysCpuTimeHistory': [1288], 'WallDurations': [9.0, 291.4985866546631, 3562.0], 'JobIds': ['141680260.0'], 'State': 'finished', 'RecordedSite': True, 'Error': [0, 'OK', {}]}, '138': {'Retries': 0, 'Restarts': 0, 'SiteHistory': ['Unknown', 'T2_UK_SGrid_RALPP', 'T2_UK_SGrid_RALPP'], 'ResidentSetSize': [665308], 'SubmitTimes': [1772161704.0], 'StartTimes': [1772162969.0], 'EndTimes': [1772166426.0], 'TotalUserCpuTimeHistory': [3943], 'TotalSysCpuTimeHistory': [1172], 'WallDurations': [9.0, 291.4985866546631, 3457.0], 'JobIds': ['141680261.0'], 'State': 'finished', 'RecordedSite': True, 'Error': [0, 'OK', {}]}, '145': {'Retries': 1, 'Restarts': 0, 'SiteHistory': ['Unknown', 'T2_IT_Rome', 'T2_IT_Rome', 'T2_CH_CERN', 'T2_CH_CERN'], 'ResidentSetSize': [534264, 724408], 'SubmitTimes': [1772161704.0, 1772168666.0], 'StartTimes': [1772162968.0, 1772168701.0], 'EndTimes': [1772164992.0, 1772171487.0], 'TotalUserCpuTimeHistory': [3041, 3043], 'TotalSysCpuTimeHistory': [478, 890], 'WallDurations': [9.0, 292.4985866546631, 2024.0, 8.0, 2786.0], 'JobIds': ['141680262.0', '141681549.0'], 'State': 'transferring', 'RecordedSite': True, 'Error': [90000, "Got recoverable stageout exception:\nStageout failed with code 1.\nThere were 3 failed/killed stageout jobs.\nFailure reasons (per document) follow:\n- c52bc34a5a6bc1d92fabcefdbc29a6dfd4eefb5f1b7e8b5f13dbabf2:\n  -----> ASO log start -----\n  ['TRANSFER [5] TRANSFER ERROR: Copy failed (3rd pull). Last attempt: copy HTTP 500 : Unexpected server error: 500 [...CUT...] Full log at https://fts3-cms.cern.ch:8449/fts3/ftsmon/#/job/6ab18bca-1391-11f1-86ad-fa163e255442']\n  <----- ASO log finish ----\n  The last failure reason is recoverable.\n- b66f4e32a3b8a09af2d21b9653bec9fddc03689ca6a0f0253e526b02:\n  -----> ASO log start -----\n  ['TRANSFER [5] TRANSFER ERROR: Copy failed (3rd pull). Last attempt: copy HTTP 500 : Unexpected server error: 500 [...CUT...] Full log at https://fts3-cms.cern.ch:8449/fts3/ftsmon/#/job/6ab18bca-1391-11f1-86ad-fa163e255442']\n  <----- ASO log finish ----\n  The last failure reason is recoverable.\n- 9018496bd8df3797918e5e5f0d3606737fe605fd2fcb643e49c4e67a:\n  -----> ASO log start -----\n  ['TRANSFER [5] TRANSFER ERROR: Copy failed (3rd pull). Last attempt: copy HTTP 500 : Unexpected server error: 500 [...CUT...] Full log at https://fts3-cms.cern.ch:8449/fts3/ftsmon/#/job/6ab18bca-1391-11f1-86ad-fa163e255442']\n  <----- ASO log finish ----\n  The last failure reason is recoverable.", {}]}, '134': {'Retries': 2, 'Restarts': 0, 'SiteHistory': ['Unknown', 'T2_BE_UCL', 'T2_BE_UCL', 'T2_CH_CERN', 'T2_CH_CERN', 'T2_CH_CERN', 'T2_CH_CERN'], 'ResidentSetSize': [2182356, 3631512, 635932], 'SubmitTimes': [1772161704.0, 1772168736.0, 1772200241.0], 'StartTimes': [1772162969.0, 1772168746.0, 1772200306.0], 'EndTimes': [1772165066.0, 1772171275.0], 'TotalUserCpuTimeHistory': [1270, 2997, 892.0], 'TotalSysCpuTimeHistory': [28, 930, 582.0], 'WallDurations': [9.0, 291.4985866546631, 2097.0, 8.0, 2529.0, 8.0, 909.0], 'JobIds': ['141680263.0', '141681562.0', '141706334.0'], 'State': 'running', 'RecordedSite': True, 'Error': [90000, "Got recoverable stageout exception:\nStageout failed with code 1.\nThere were 1 failed/killed stageout jobs.\nFailure reasons (per document) follow:\n- fed0041fbfd5b8e2885953d2a5b0ba0ca1f819b8d8edf3e6f7e37184:\n  -----> ASO log start -----\n  ['DESTINATION [5] HTTP 500 : Unexpected server error: 500 [...CUT...] Full log at https://fts3-cms.cern.ch:8449/fts3/ftsmon/#/job/02a9dd70-13a0-11f1-865b-fa163e65d4d2']\n  <----- ASO log finish ----\n  The last failure reason is recoverable.", {}]}, '139': {'Retries': 0, 'Restarts': 0, 'SiteHistory': ['Unknown', 'T2_UK_SGrid_RALPP', 'T2_UK_SGrid_RALPP'], 'ResidentSetSize': [633484], 'SubmitTimes': [1772161704.0], 'StartTimes': [1772162969.0], 'EndTimes': [1772166018.0], 'TotalUserCpuTimeHistory': [3628], 'TotalSysCpuTimeHistory': [979], 'WallDurations': [9.0, 291.4985866546631, 3049.0], 'JobIds': ['141680264.0'], 'State': 'finished', 'RecordedSite': True, 'Error': [0, 'OK', {}]}, '137': {'Retries': 0, 'Restarts': 0, 'SiteHistory': ['Unknown', 'T2_UK_SGrid_RALPP', 'T2_UK_SGrid_RALPP'], 'ResidentSetSize': [631584], 'SubmitTimes': [1772161704.0], 'StartTimes': [1772162970.0], 'EndTimes': [1772165968.0], 'TotalUserCpuTimeHistory': [3635], 'TotalSysCpuTimeHistory': [1008], 'WallDurations': [8.0, 290.4985866546631, 2998.0], 'JobIds': ['141680265.0'], 'State': 'finished', 'RecordedSite': True, 'Error': [0, 'OK', {}]}, '142': {'Retries': 2, 'Restarts': 0, 'SiteHistory': ['Unknown', 'T2_IT_Rome', 'T2_IT_Rome', 'T2_TR_METU', 'T2_TR_METU', 'T2_CH_CERN', 'T2_CH_CERN'], 'ResidentSetSize': [532372, 718832, 735564], 'SubmitTimes': [1772161704.0, 1772169189.0, 1772185958.0], 'StartTimes': [1772162969.0, 1772169224.0, 1772185982.0], 'EndTimes': [1772165516.0, 1772173207.0, 1772189286.0], 'TotalUserCpuTimeHistory': [3855, 5416, 4504], 'TotalSysCpuTimeHistory': [715, 1585, 1121], 'WallDurations': [9.0, 291.4985866546631, 2547.0, 9.0, 3983.0, 9.0, 3304.0], 'JobIds': ['141680266.0', '141681615.0', '141686815.0'], 'State': 'transferring', 'RecordedSite': True, 'Error': [90000, "Got recoverable stageout exception:\nStageout failed with code 1.\nThere were 3 failed/killed stageout jobs.\nFailure reasons (per document) follow:\n- 16dc7bcc140abf9717ca4115c298509ef15dc9cf1712c5bda9b76533:\n  -----> ASO log start -----\n  ['TRANSFER [5] TRANSFER ERROR: Copy failed (3rd pull). Last attempt: copy HTTP 500 : Unexpected server error: 500 [...CUT...] Full log at https://fts3-cms.cern.ch:8449/fts3/ftsmon/#/job/1b0aeaf8-13a5-11f1-9ac5-fa163e1db714']\n  <----- ASO log finish ----\n  The last failure reason is recoverable.\n- d87faaebf6ea071dd5e8b47c1055f135d09fb8d6e1ca58621ec8115a:\n  -----> ASO log start -----\n  ['TRANSFER [5] TRANSFER ERROR: Copy failed (3rd pull). Last attempt: copy HTTP 500 : Unexpected server error: 500 [...CUT...] Full log at https://fts3-cms.cern.ch:8449/fts3/ftsmon/#/job/1b0aeaf8-13a5-11f1-9ac5-fa163e1db714']\n  <----- ASO log finish ----\n  The last failure reason is recoverable.\n- d5347e9f8117a9e56fb4ee0eeacc23ddb3c76dc330fd8e69e2400858:\n  -----> ASO log start -----\n  ['TRANSFER [5] TRANSFER ERROR: Copy failed (3rd pull). Last attempt: copy HTTP 500 : Unexpected server error: 500 [...CUT...] Full log at https://fts3-cms.cern.ch:8449/fts3/ftsmon/#/job/1b0aeaf8-13a5-11f1-9ac5-fa163e1db714']\n  <----- ASO log finish ----\n  The last failure reason is recoverable.", {}]}, '136': {'Retries': 2, 'Restarts': 0, 'SiteHistory': ['Unknown', 'T2_EE_Estonia', 'T2_EE_Estonia', 'T2_EE_Estonia', 'T2_EE_Estonia', 'T2_US_Florida', 'T2_US_Florida'], 'ResidentSetSize': [646928, 678792, 669412], 'SubmitTimes': [1772161704.0, 1772167978.0, 1772182257.0], 'StartTimes': [1772162970.0, 1772168005.0, 1772182279.0], 'EndTimes': [1772164309.0, 1772171310.0, 1772184231.0], 'TotalUserCpuTimeHistory': [1581, 4659, 2918], 'TotalSysCpuTimeHistory': [511, 1131, 346], 'WallDurations': [8.0, 290.4985866546631, 1339.0, 9.0, 3305.0, 9.0, 1952.0], 'JobIds': ['141680267.0', '141681448.0', '141686299.0'], 'State': 'finished', 'RecordedSite': True, 'Error': [0, 'OK', {}]}, '147': {'Retries': 1, 'Restarts': 0, 'SiteHistory': ['Unknown', 'T2_BE_UCL', 'T2_BE_UCL', 'Unknown', 'T2_US_Nebraska', 'T2_US_Nebraska'], 'ResidentSetSize': [667908, 642860], 'SubmitTimes': [1772161704.0, 1772169350.0], 'StartTimes': [1772162969.0, 1772169558.0], 'EndTimes': [1772165677.0, 1772173171.0], 'TotalUserCpuTimeHistory': [2989, 5055], 'TotalSysCpuTimeHistory': [221, 1249], 'WallDurations': [9.0, 291.4985866546631, 2708.0, 10.0, 190.87106704711914, 3613.0], 'JobIds': ['141680268.0', '141681640.0'], 'State': 'finished', 'RecordedSite': True, 'Error': [0, 'OK', {}]}, '141': {'Retries': 2, 'Restarts': 0, 'SiteHistory': ['Unknown', 'T2_BE_UCL', 'T2_BE_UCL', 'T3_KR_KNU', 'T3_KR_KNU', 'T2_CH_CERN', 'T2_CH_CERN'], 'ResidentSetSize': [702360, 695120, 761260], 'SubmitTimes': [1772161704.0, 1772169663.0, 1772179978.0], 'StartTimes': [1772162970.0, 1772169707.0, 1772179999.0], 'EndTimes': [1772165995.0, 1772174440.0, 1772183379.0], 'TotalUserCpuTimeHistory': [1528, 6555, 4573], 'TotalSysCpuTimeHistory': [87, 1902, 1207], 'WallDurations': [8.0, 290.4985866546631, 3025.0, 10.0, 4733.0, 8.0, 3380.0], 'JobIds': ['141680269.0', '141681670.0', '141685993.0'], 'State': 'transferring', 'RecordedSite': True, 'Error': [90000, "Got recoverable stageout exception:\nStageout failed with code 1.\nThere were 1 failed/killed stageout jobs.\nFailure reasons (per document) follow:\n- 238977f5aa7a28c731d74c011a1b7f0ca2facd4a1f3126e473efe930:\n  -----> ASO log start -----\n  ['DESTINATION [5] HTTP 500 : Unexpected server error: 500 [...CUT...] Full log at https://fts3-cms.cern.ch:8449/fts3/ftsmon/#/job/4c4636ac-13a7-11f1-8e8a-fa163e255442']\n  <----- ASO log finish ----\n  The last failure reason is recoverable.", {}]}, '143': {'Retries': 2, 'Restarts': 0, 'SiteHistory': ['Unknown', 'T2_BE_UCL', 'T2_BE_UCL', 'T2_BE_UCL', 'T2_BE_UCL', 'Unknown', 'T2_CH_CERN', 'T2_CH_CERN'], 'ResidentSetSize': [702828, 711112, 680036], 'SubmitTimes': [1772161704.0, 1772169647.0, 1772181083.0], 'StartTimes': [1772162970.0, 1772169688.0, 1772181103.0], 'EndTimes': [1772165973.0, 1772171941.0, 1772183407.0], 'TotalUserCpuTimeHistory': [2635, 1636, 2619], 'TotalSysCpuTimeHistory': [159, 84, 885], 'WallDurations': [8.0, 290.4985866546631, 3003.0, 9.0, 2253.0, 9.0, 300.79079818725586, 2304.0], 'JobIds': ['141680270.0', '141681668.0', '141686137.0'], 'State': 'transferring', 'RecordedSite': True, 'Error': [90000, "Got recoverable stageout exception:\nStageout failed with code 1.\nThere were 3 failed/killed stageout jobs.\nFailure reasons (per document) follow:\n- 0c9b106926395fd9bd0d2d4f40bbf9ed52c704446eeaf5dea1a9c3c0:\n  -----> ASO log start -----\n  ['TRANSFER [5] TRANSFER ERROR: Copy failed (3rd pull). Last attempt: copy HTTP 500 : Unexpected server error: 500 [...CUT...] Full log at https://fts3-cms.cern.ch:8449/fts3/ftsmon/#/job/75ac2dea-13a1-11f1-91ca-fa163e5dc706']\n  <----- ASO log finish ----\n  The last failure reason is recoverable.\n- d3fb7e4ba612921213a288e0dfa73ec681780e7736d076b97cef7603:\n  -----> ASO log start -----\n  ['TRANSFER [5] TRANSFER ERROR: Copy failed (3rd pull). Last attempt: copy HTTP 500 : Unexpected server error: 500 [...CUT...] Full log at https://fts3-cms.cern.ch:8449/fts3/ftsmon/#/job/75ac2dea-13a1-11f1-91ca-fa163e5dc706']\n  <----- ASO log finish ----\n  The last failure reason is recoverable.\n- 7a29e8fa1850b83758d6a609e2ba35acd5d29d4693d723edf81dc303:\n  -----> ASO log start -----\n  ['TRANSFER [5] TRANSFER ERROR: Copy failed (3rd pull). Last attempt: copy HTTP 500 : Unexpected server error: 500 [...CUT...] Full log at https://fts3-cms.cern.ch:8449/fts3/ftsmon/#/job/75ac2dea-13a1-11f1-91ca-fa163e5dc706']\n  <----- ASO log finish ----\n  The last failure reason is recoverable.", {}]}, '135': {'Retries': 2, 'Restarts': 0, 'SiteHistory': ['Unknown', 'T2_IT_Rome', 'T2_IT_Rome', 'T3_KR_KNU', 'T3_KR_KNU', 'Unknown', 'T2_CH_CERN', 'T2_CH_CERN'], 'ResidentSetSize': [600776, 694956, 663632], 'SubmitTimes': [1772161704.0, 1772169491.0, 1772179826.0], 'StartTimes': [1772162969.0, 1772169597.0, 1772179842.0], 'EndTimes': [1772165816.0, 1772174291.0, 1772184335.0], 'TotalUserCpuTimeHistory': [4203, 6403, 5254], 'TotalSysCpuTimeHistory': [840, 1914, 1226], 'WallDurations': [9.0, 291.4985866546631, 2847.0, 9.0, 4694.0, 309.0, 312.19386625289917, 4493.0], 'JobIds': ['141680271.0', '141681652.0', '141685968.0'], 'State': 'transferring', 'RecordedSite': True, 'Error': [90000, "Got recoverable stageout exception:\nStageout failed with code 1.\nThere were 1 failed/killed stageout jobs.\nFailure reasons (per document) follow:\n- 513f93be310180273128d5c12c221b71a899222dadeeac4e550d395a:\n  -----> ASO log start -----\n  ['DESTINATION [5] HTTP 500 : Unexpected server error: 500 [...CUT...] Full log at https://fts3-cms.cern.ch:8449/fts3/ftsmon/#/job/4c4636ac-13a7-11f1-8e8a-fa163e255442']\n  <----- ASO log finish ----\n  The last failure reason is recoverable.", {}]}, '149': {'Retries': 1, 'Restarts': 0, 'SiteHistory': ['Unknown', 'T2_DE_RWTH', 'T2_DE_RWTH', 'Unknown', 'T2_CH_CERN', 'T2_CH_CERN'], 'ResidentSetSize': [1147180, 693388], 'SubmitTimes': [1772161704.0, 1772179479.0], 'StartTimes': [1772162970.0, 1772179518.0], 'EndTimes': [1772170402.0, 1772180699.0], 'TotalUserCpuTimeHistory': [9849, 1946], 'TotalSysCpuTimeHistory': [3059, 241], 'WallDurations': [8.0, 290.4985866546631, 7432.0, 309.0, 320.47639656066895, 1181.0], 'JobIds': ['141680272.0', '141685931.0'], 'State': 'transferring', 'RecordedSite': True, 'Error': [90000, "Got recoverable stageout exception:\nStageout failed with code 1.\nThere were 1 failed/killed stageout jobs.\nFailure reasons (per document) follow:\n- 693a0b58002c2f058b74685fd256db861b58748b1ab52ac6161c36ca:\n  -----> ASO log start -----\n  ['TRANSFER [112] TRANSFER ERROR: Copy failed (3rd pull). Last attempt: copy HTTP 400 : Server Error [...CUT...] Full log at https://fts3-cms.cern.ch:8449/fts3/ftsmon/#/job/8a236a3e-139e-11f1-bb39-fa163e172462']\n  <----- ASO log finish ----\n  The last failure reason is recoverable.", {}]}, '146': {'Retries': 1, 'Restarts': 0, 'SiteHistory': ['Unknown', 'T2_BE_UCL', 'T2_BE_UCL', 'T2_US_Nebraska', 'T2_US_Nebraska'], 'ResidentSetSize': [669576, 661080], 'SubmitTimes': [1772161704.0, 1772168068.0], 'StartTimes': [1772162970.0, 1772168077.0], 'EndTimes': [1772164397.0, 1772170799.0], 'TotalUserCpuTimeHistory': [1262, 4034], 'TotalSysCpuTimeHistory': [30, 913], 'WallDurations': [9.0, 290.4985866546631, 1427.0, 10.0, 2722.0], 'JobIds': ['141680273.0', '141681459.0'], 'State': 'finished', 'RecordedSite': True, 'Error': [0, 'OK', {}]}, '144': {'Retries': 0, 'Restarts': 0, 'SiteHistory': ['Unknown', 'T2_CH_CSCS', 'T2_CH_CSCS'], 'ResidentSetSize': [3684600], 'SubmitTimes': [1772161704.0], 'StartTimes': [1772162969.0], 'EndTimes': [1772165279.0], 'TotalUserCpuTimeHistory': [2338], 'TotalSysCpuTimeHistory': [451], 'WallDurations': [9.0, 291.4985866546631, 2310.0], 'JobIds': ['141680274.0'], 'State': 'finished', 'RecordedSite': True, 'Error': [0, 'OK', {}]}, '151': {'Retries': 1, 'Restarts': 0, 'SiteHistory': ['Unknown', 'T2_BE_IIHE', 'T2_BE_IIHE', 'T2_US_UCSD', 'T2_US_UCSD'], 'ResidentSetSize': [695580, 743084], 'SubmitTimes': [1772161704.0, 1772171724.0], 'StartTimes': [1772162969.0, 1772171861.0], 'EndTimes': [1772166247.0, 1772174044.0], 'TotalUserCpuTimeHistory': [3958, 3026], 'TotalSysCpuTimeHistory': [1225, 515], 'WallDurations': [10.0, 291.4985866546631, 3278.0, 9.0, 2183.0], 'JobIds': ['141680275.0', '141681939.0'], 'State': 'finished', 'RecordedSite': True, 'Error': [0, 'OK', {}]}, '150': {'Retries': 2, 'Restarts': 0, 'SiteHistory': ['Unknown', 'T2_BE_UCL', 'T2_BE_UCL', 'T3_KR_KNU', 'T3_KR_KNU', 'T2_TR_METU', 'T2_TR_METU'], 'ResidentSetSize': [675792, 695448, 3678228], 'SubmitTimes': [1772161704.0, 1772168656.0, 1772178817.0], 'StartTimes': [1772162970.0, 1772168682.0, 1772178861.0], 'EndTimes': [1772164979.0, 1772171478.0, 1772183211.0], 'TotalUserCpuTimeHistory': [1428, 3908, 5526], 'TotalSysCpuTimeHistory': [119, 1177, 1639], 'WallDurations': [8.0, 290.4985866546631, 2009.0, 9.0, 2796.0, 8.0, 4350.0], 'JobIds': ['141680276.0', '141681546.0', '141685860.0'], 'State': 'failed', 'RecordedSite': True, 'Error': [90000, "Got recoverable stageout exception:\nStageout failed with code 1.\nThere were 3 failed/killed stageout jobs.\nFailure reasons (per document) follow:\n- 15b05e2b4aa20e75a9901d0102390338c6d94d97560b005e709ab176:\n  -----> ASO log start -----\n  ['TRANSFER [5] TRANSFER ERROR: Copy failed (3rd pull). Last attempt: copy HTTP 500 : Unexpected server error: 500 [...CUT...] Full log at https://fts3-cms.cern.ch:8449/fts3/ftsmon/#/job/d5f30b78-13bb-11f1-94c5-fa163e9e00e6']\n  <----- ASO log finish ----\n  The last failure reason is recoverable.\n- b7e89cfc3baf9f8290b61f5959494a1ec2fa1fa477b77a644847f6ea:\n  -----> ASO log start -----\n  ['TRANSFER [5] TRANSFER ERROR: Copy failed (3rd pull). Last attempt: copy HTTP 500 : Unexpected server error: 500 [...CUT...] Full log at https://fts3-cms.cern.ch:8449/fts3/ftsmon/#/job/d5f30b78-13bb-11f1-94c5-fa163e9e00e6']\n  <----- ASO log finish ----\n  The last failure reason is recoverable.\n- 134e1e7c889114a9a86d6452d1acafb2bf8a9beab0669751ecff4b4c:\n  -----> ASO log start -----\n  ['TRANSFER [5] TRANSFER ERROR: Copy failed (3rd pull). Last attempt: copy HTTP 500 : Unexpected server error: 500 [...CUT...] Full log at https://fts3-cms.cern.ch:8449/fts3/ftsmon/#/job/d5f30b78-13bb-11f1-94c5-fa163e9e00e6']\n  <----- ASO log finish ----\n  The last failure reason is recoverable.", {}]}, '148': {'Retries': 1, 'Restarts': 0, 'SiteHistory': ['Unknown', 'T2_PT_NCG_Lisbon', 'T2_PT_NCG_Lisbon', 'T2_CH_CERN', 'T2_CH_CERN'], 'ResidentSetSize': [1420140, 607904], 'SubmitTimes': [1772161704.0, 1772169888.0], 'StartTimes': [1772162969.0, 1772169935.0], 'EndTimes': [1772166210.0, 1772171584.0], 'TotalUserCpuTimeHistory': [4829, 2368], 'TotalSysCpuTimeHistory': [992, 536], 'WallDurations': [9.0, 291.4985866546631, 3241.0, 8.0, 1649.0], 'JobIds': ['141680277.0', '141681697.0'], 'State': 'finished', 'RecordedSite': True, 'Error': [0, 'OK', {}]}, '152': {'Retries': 1, 'Restarts': 0, 'SiteHistory': ['Unknown', 'T2_FR_IPHC', 'T2_FR_IPHC', 'T3_KR_KNU', 'T3_KR_KNU'], 'ResidentSetSize': [713932, 753688], 'SubmitTimes': [1772161704.0, 1772168354.0], 'StartTimes': [1772162971.0, 1772168368.0], 'EndTimes': [1772164686.0, 1772171362.0], 'TotalUserCpuTimeHistory': [2056, 4229], 'TotalSysCpuTimeHistory': [587, 1320], 'WallDurations': [8.0, 289.4985866546631, 1715.0, 9.0, 2994.0], 'JobIds': ['141680278.0', '141681498.0'], 'State': 'finished', 'RecordedSite': True, 'Error': [0, 'OK', {}]}, '154': {'Retries': 1, 'Restarts': 0, 'SiteHistory': ['Unknown', 'T2_HU_Budapest', 'T2_HU_Budapest', 'T2_DE_RWTH', 'T2_DE_RWTH'], 'ResidentSetSize': [691716, 693056], 'SubmitTimes': [1772161704.0, 1772170229.0], 'StartTimes': [1772162970.0, 1772170374.0], 'EndTimes': [1772166556.0, 1772177559.0], 'TotalUserCpuTimeHistory': [4914, 9507], 'TotalSysCpuTimeHistory': [902, 2859], 'WallDurations': [8.0, 290.4985866546631, 3586.0, 0, 7185.0], 'JobIds': ['141680279.0', '141681747.0'], 'State': 'finished', 'RecordedSite': True, 'Error': [0, 'OK', {}]}, '162': {'Retries': 1, 'Restarts': 0, 'SiteHistory': ['Unknown', 'T2_BE_IIHE', 'T2_BE_IIHE', 'T2_FR_GRIF', 'T2_FR_GRIF'], 'ResidentSetSize': [628608, 676952], 'SubmitTimes': [1772161704.0, 1772168258.0], 'StartTimes': [1772162972.0, 1772168274.0], 'EndTimes': [1772164583.0, 1772174526.0], 'TotalUserCpuTimeHistory': [2010, 6281], 'TotalSysCpuTimeHistory': [548, 1060], 'WallDurations': [9.0, 288.4985866546631, 1611.0, 8.0, 6252.0], 'JobIds': ['141680280.0', '141681484.0'], 'State': 'transferring', 'RecordedSite': True, 'Error': [90000, "Got recoverable stageout exception:\nStageout failed with code 1.\nThere were 3 failed/killed stageout jobs.\nFailure reasons (per document) follow:\n- 5668554f4de282fc8f7a5b0d7739392158b554fe38624bb12c5600fd:\n  -----> ASO log start -----\n  ['TRANSFER [5] TRANSFER ERROR: Copy failed (3rd pull). Last attempt: copy HTTP 500 : Unexpected server error: 500 [...CUT...] Full log at https://fts3-cms.cern.ch:8449/fts3/ftsmon/#/job/b514be36-1390-11f1-9c93-fa163e255442']\n  <----- ASO log finish ----\n  The last failure reason is recoverable.\n- 77917d1f11701e8a1fa6e99bfdf6eca8f25442e0f68d68366683a419:\n  -----> ASO log start -----\n  ['TRANSFER [5] TRANSFER ERROR: Copy failed (3rd pull). Last attempt: copy HTTP 500 : Unexpected server error: 500 [...CUT...] Full log at https://fts3-cms.cern.ch:8449/fts3/ftsmon/#/job/b514be36-1390-11f1-9c93-fa163e255442']\n  <----- ASO log finish ----\n  The last failure reason is recoverable.\n- c3154ddf074ff8bafaa336aee9994ab5db523fb9136873318929b419:\n  -----> ASO log start -----\n  ['TRANSFER [5] TRANSFER ERROR: Copy failed (3rd pull). Last attempt: copy HTTP 500 : Unexpected server error: 500 [...CUT...] Full log at https://fts3-cms.cern.ch:8449/fts3/ftsmon/#/job/b514be36-1390-11f1-9c93-fa163e255442']\n  <----- ASO log finish ----\n  The last failure reason is recoverable.", {}]}, '153': {'Retries': 1, 'Restarts': 0, 'SiteHistory': ['Unknown', 'T2_CN_Beijing', 'T2_CN_Beijing', 'T3_KR_KNU', 'T3_KR_KNU'], 'ResidentSetSize': [635708, 692100], 'SubmitTimes': [1772161704.0, 1772168861.0], 'StartTimes': [1772162979.0, 1772168912.0], 'EndTimes': [1772165189.0, 1772172288.0], 'TotalUserCpuTimeHistory': [1687, 4741], 'TotalSysCpuTimeHistory': [355, 1490], 'WallDurations': [9.0, 281.4985866546631, 2210.0, 9.0, 3376.0], 'JobIds': ['141680281.0', '141681575.0'], 'State': 'finished', 'RecordedSite': True, 'Error': [0, 'OK', {}]}, '155': {'Retries': 1, 'Restarts': 0, 'SiteHistory': ['Unknown', 'T2_EE_Estonia', 'T2_EE_Estonia', 'Unknown', 'T2_CH_CERN', 'T2_CH_CERN'], 'ResidentSetSize': [1017444, 688508], 'SubmitTimes': [1772161704.0, 1772171137.0], 'StartTimes': [1772162973.0, 1772171489.0], 'EndTimes': [1772167464.0, 1772174132.0], 'TotalUserCpuTimeHistory': [5623, 2949], 'TotalSysCpuTimeHistory': [980, 856], 'WallDurations': [9.0, 287.4985866546631, 4491.0, 9.0, 150.47571229934692, 2643.0], 'JobIds': ['141680282.0', '141681887.0'], 'State': 'transferring', 'RecordedSite': True, 'Error': [90000, "Got recoverable stageout exception:\nStageout failed with code 1.\nThere were 3 failed/killed stageout jobs.\nFailure reasons (per document) follow:\n- 859326c03b46eb8349c3d02f7fda76d840b6a89383dbbf29adc148df:\n  -----> ASO log start -----\n  ['TRANSFER [5] TRANSFER ERROR: Copy failed (3rd pull). Last attempt: copy HTTP 500 : Unexpected server error: 500 [...CUT...] Full log at https://fts3-cms.cern.ch:8449/fts3/ftsmon/#/job/30e81b74-1397-11f1-83f2-fa163e65d4d2']\n  <----- ASO log finish ----\n  The last failure reason is recoverable.\n- 2d4ad93b51a931d9c07cd397ad89f7cbd62b3b8c5fd0ab4cc63a5fcb:\n  -----> ASO log start -----\n  ['TRANSFER [5] TRANSFER ERROR: Copy failed (3rd pull). Last attempt: copy HTTP 500 : Unexpected server error: 500 [...CUT...] Full log at https://fts3-cms.cern.ch:8449/fts3/ftsmon/#/job/30e81b74-1397-11f1-83f2-fa163e65d4d2']\n  <----- ASO log finish ----\n  The last failure reason is recoverable.\n- e8650368dcc7d8407f9564a43c782f2eda253dae060955c4466e3044:\n  -----> ASO log start -----\n  ['TRANSFER [5] TRANSFER ERROR: Copy failed (3rd pull). Last attempt: copy HTTP 500 : Unexpected server error: 500 [...CUT...] Full log at https://fts3-cms.cern.ch:8449/fts3/ftsmon/#/job/30e81b74-1397-11f1-83f2-fa163e65d4d2']\n  <----- ASO log finish ----\n  The last failure reason is recoverable.", {}]}, '160': {'Retries': 2, 'Restarts': 0, 'SiteHistory': ['Unknown', 'T2_FR_IPHC', 'T2_FR_IPHC', 'T2_LV_HPCNET', 'T2_LV_HPCNET', 'T2_CH_CERN', 'T2_CH_CERN'], 'ResidentSetSize': [770352, 508972, 687572], 'SubmitTimes': [1772161704.0, 1772168997.0, 1772180130.0], 'StartTimes': [1772162969.0, 1772169009.0, 1772180150.0], 'EndTimes': [1772165324.0, 1772170988.0, 1772183506.0], 'TotalUserCpuTimeHistory': [2920, 2653, 4473], 'TotalSysCpuTimeHistory': [677, 313, 1101], 'WallDurations': [9.0, 291.4985866546631, 2355.0, 9.0, 1979.0, 0, 3356.0], 'JobIds': ['141680283.0', '141681590.0', '141686013.0'], 'State': 'transferring', 'RecordedSite': True, 'Error': [90000, "Got recoverable stageout exception:\nStageout failed with code 1.\nThere were 3 failed/killed stageout jobs.\nFailure reasons (per document) follow:\n- bfed8a2790e154e4b8c30b10493bf7fa8c2ad722bb0c3c5035f8f4aa:\n  -----> ASO log start -----\n  ['TRANSFER [5] TRANSFER ERROR: Copy failed (3rd pull). Last attempt: copy HTTP 500 : Unexpected server error: 500 [...CUT...] Full log at https://fts3-cms.cern.ch:8449/fts3/ftsmon/#/job/47e5a67c-139f-11f1-abdb-fa163e6c8d57']\n  <----- ASO log finish ----\n  The last failure reason is recoverable.\n- c5383652b4351c5c2d678b00d1106d4cf858f03d0a082ad39e2f3f59:\n  -----> ASO log start -----\n  ['TRANSFER [5] TRANSFER ERROR: Copy failed (3rd pull). Last attempt: copy HTTP 500 : Unexpected server error: 500 [...CUT...] Full log at https://fts3-cms.cern.ch:8449/fts3/ftsmon/#/job/47e5a67c-139f-11f1-abdb-fa163e6c8d57']\n  <----- ASO log finish ----\n  The last failure reason is recoverable.\n- 5e3d62122aacef815476185404362863926562f4956feb7fdd6a22b6:\n  -----> ASO log start -----\n  ['TRANSFER [5] TRANSFER ERROR: Copy failed (3rd pull). Last attempt: copy HTTP 500 : Unexpected server error: 500 [...CUT...] Full log at https://fts3-cms.cern.ch:8449/fts3/ftsmon/#/job/47e5a67c-139f-11f1-abdb-fa163e6c8d57']\n  <----- ASO log finish ----\n  The last failure reason is recoverable.", {}]}, '165': {'Retries': 1, 'Restarts': 0, 'SiteHistory': ['Unknown', 'T2_IT_Rome', 'T2_IT_Rome', 'Unknown', 'T2_CH_CERN', 'T2_CH_CERN'], 'ResidentSetSize': [508832, 1141952], 'SubmitTimes': [1772161705.0, 1772170554.0], 'StartTimes': [1772162969.0, 1772170696.0], 'EndTimes': [1772165080.0, 1772174929.0], 'TotalUserCpuTimeHistory': [3160, 5487], 'TotalSysCpuTimeHistory': [520, 1200], 'WallDurations': [9.0, 291.4985866546631, 2111.0, 310.0, 312.44514417648315, 4233.0], 'JobIds': ['141680284.0', '141681800.0'], 'State': 'transferring', 'RecordedSite': True, 'Error': [90000, "Got recoverable stageout exception:\nStageout failed with code 1.\nThere were 3 failed/killed stageout jobs.\nFailure reasons (per document) follow:\n- 87808e2e2b55acce838070f37cef20be5dad5091ca147cdb082f204c:\n  -----> ASO log start -----\n  ['TRANSFER [5] TRANSFER ERROR: Copy failed (3rd pull). Last attempt: copy HTTP 500 : Unexpected server error: 500 [...CUT...] Full log at https://fts3-cms.cern.ch:8449/fts3/ftsmon/#/job/206bcb42-1392-11f1-a8e6-fa163e6c8d57']\n  <----- ASO log finish ----\n  The last failure reason is recoverable.\n- 9dae2a0c5def170bd57f8596a69c7183512cca8a2f1dda5541b905e6:\n  -----> ASO log start -----\n  ['TRANSFER [5] TRANSFER ERROR: Copy failed (3rd pull). Last attempt: copy HTTP 500 : Unexpected server error: 500 [...CUT...] Full log at https://fts3-cms.cern.ch:8449/fts3/ftsmon/#/job/206bcb42-1392-11f1-a8e6-fa163e6c8d57']\n  <----- ASO log finish ----\n  The last failure reason is recoverable.\n- 98b4b970a36963540836a56b97085bc6f7214c693eceb1049db326bc:\n  -----> ASO log start -----\n  ['TRANSFER [5] TRANSFER ERROR: Copy failed (3rd pull). Last attempt: copy HTTP 500 : Unexpected server error: 500 [...CUT...] Full log at https://fts3-cms.cern.ch:8449/fts3/ftsmon/#/job/206bcb42-1392-11f1-a8e6-fa163e6c8d57']\n  <----- ASO log finish ----\n  The last failure reason is recoverable.", {}]}, '156': {'Retries': 1, 'Restarts': 0, 'SiteHistory': ['Unknown', 'T2_EE_Estonia', 'T2_EE_Estonia', 'T2_CH_CERN', 'T2_CH_CERN'], 'ResidentSetSize': [657924, 691284], 'SubmitTimes': [1772161705.0, 1772181947.0], 'StartTimes': [1772162970.0, 1772181979.0], 'EndTimes': [1772171061.0, 1772184087.0], 'TotalUserCpuTimeHistory': [8397, 2512], 'TotalSysCpuTimeHistory': [2604, 759], 'WallDurations': [10.0, 290.4985866546631, 8091.0, 8.0, 2108.0], 'JobIds': ['141680285.0', '141686257.0'], 'State': 'transferring', 'RecordedSite': True, 'Error': [90000, "Got recoverable stageout exception:\nStageout failed with code 1.\nThere were 3 failed/killed stageout jobs.\nFailure reasons (per document) follow:\n- 11edc20bf0a42b4922a09b4c4082cae579e20798409db4cda39784b0:\n  -----> ASO log start -----\n  ['TRANSFER [5] TRANSFER ERROR: Copy failed (3rd pull). Last attempt: copy HTTP 500 : Unexpected server error: 500 [...CUT...] Full log at https://fts3-cms.cern.ch:8449/fts3/ftsmon/#/job/020022bc-13a0-11f1-83a8-fa163eaa97bf']\n  <----- ASO log finish ----\n  The last failure reason is recoverable.\n- 7bd924d08f0a8bd062fd333608ec5f379f5fae8e5a6e6ed9b4eb9267:\n  -----> ASO log start -----\n  ['TRANSFER [5] TRANSFER ERROR: Copy failed (3rd pull). Last attempt: copy HTTP 500 : Unexpected server error: 500 [...CUT...] Full log at https://fts3-cms.cern.ch:8449/fts3/ftsmon/#/job/020022bc-13a0-11f1-83a8-fa163eaa97bf']\n  <----- ASO log finish ----\n  The last failure reason is recoverable.\n- 330f728b9a2f1f15240eeaf672c4aa1d52cce308b256f98c3575d7c9:\n  -----> ASO log start -----\n  ['TRANSFER [5] TRANSFER ERROR: Copy failed (3rd pull). Last attempt: copy HTTP 500 : Unexpected server error: 500 [...CUT...] Full log at https://fts3-cms.cern.ch:8449/fts3/ftsmon/#/job/020022bc-13a0-11f1-83a8-fa163eaa97bf']\n  <----- ASO log finish ----\n  The last failure reason is recoverable.", {}]}, '159': {'Retries': 2, 'Restarts': 0, 'SiteHistory': ['Unknown', 'T2_BE_UCL', 'T2_BE_UCL', 'Unknown', 'T2_TR_METU', 'T2_TR_METU', 'T2_TR_METU', 'T2_TR_METU'], 'ResidentSetSize': [3152696, 697348, 1838852], 'SubmitTimes': [1772161705.0, 1772169723.0, 1772184029.0], 'StartTimes': [1772162970.0, 1772169806.0, 1772184037.0], 'EndTimes': [1772166047.0, 1772174883.0, 1772186364.0], 'TotalUserCpuTimeHistory': [2416, 6061, 3412], 'TotalSysCpuTimeHistory': [66, 1931, 803], 'WallDurations': [8.0, 290.4985866546631, 3077.0, 9.0, 257.5890464782715, 5077.0, 8.0, 2327.0], 'JobIds': ['141680286.0', '141681679.0', '141686478.0'], 'State': 'failed', 'RecordedSite': True, 'Error': [90000, "Got recoverable stageout exception:\nStageout failed with code 1.\nThere were 3 failed/killed stageout jobs.\nFailure reasons (per document) follow:\n- a534b3e42183877b49d6aa19df62d9d8b6bdf93e0b0779e03883d464:\n  -----> ASO log start -----\n  ['TRANSFER [5] TRANSFER ERROR: Copy failed (3rd pull). Last attempt: copy HTTP 500 : Unexpected server error: 500 [...CUT...] Full log at https://fts3-cms.cern.ch:8449/fts3/ftsmon/#/job/20fc6180-13c3-11f1-9187-fa163eaa97bf']\n  <----- ASO log finish ----\n  The last failure reason is recoverable.\n- 40c5eef9c18ce0fc5caecd87a18198c73f8f44a99072f184b78b6c27:\n  -----> ASO log start -----\n  ['TRANSFER [5] TRANSFER ERROR: Copy failed (3rd pull). Last attempt: copy HTTP 500 : Unexpected server error: 500 [...CUT...] Full log at https://fts3-cms.cern.ch:8449/fts3/ftsmon/#/job/20fc6180-13c3-11f1-9187-fa163eaa97bf']\n  <----- ASO log finish ----\n  The last failure reason is recoverable.\n- e9d94c77471359337a9b5e0e160d69033e84a551e0a74a1e75adbe03:\n  -----> ASO log start -----\n  ['TRANSFER [5] TRANSFER ERROR: Copy failed (3rd pull). Last attempt: copy HTTP 500 : Unexpected server error: 500 [...CUT...] Full log at https://fts3-cms.cern.ch:8449/fts3/ftsmon/#/job/20fc6180-13c3-11f1-9187-fa163eaa97bf']\n  <----- ASO log finish ----\n  The last failure reason is recoverable.", {}]}, '166': {'Retries': 1, 'Restarts': 0, 'SiteHistory': ['Unknown', 'T2_IT_Rome', 'T2_IT_Rome', 'T3_KR_KNU', 'T3_KR_KNU'], 'ResidentSetSize': [557032, 753488], 'SubmitTimes': [1772161705.0, 1772168952.0], 'StartTimes': [1772162970.0, 1772168981.0], 'EndTimes': [1772165283.0, 1772171850.0], 'TotalUserCpuTimeHistory': [3395, 4068], 'TotalSysCpuTimeHistory': [571, 1273], 'WallDurations': [8.0, 290.4985866546631, 2313.0, 9.0, 2869.0], 'JobIds': ['141680287.0', '141681582.0'], 'State': 'finished', 'RecordedSite': True, 'Error': [0, 'OK', {}]}, '163': {'Retries': 2, 'Restarts': 0, 'SiteHistory': ['Unknown', 'T2_BE_IIHE', 'T2_BE_IIHE', 'T2_FR_IPHC', 'T2_FR_IPHC', 'T2_CH_CERN', 'T2_CH_CERN'], 'ResidentSetSize': [675748, 688428, 587416], 'SubmitTimes': [1772161705.0, 1772168013.0, 1772201343.0], 'StartTimes': [1772162969.0, 1772168047.0, 1772201400.0], 'EndTimes': [1772164337.0, 1772170579.0], 'TotalUserCpuTimeHistory': [1691, 3016, 1005.0], 'TotalSysCpuTimeHistory': [437, 1044, 538.0], 'WallDurations': [9.0, 291.4985866546631, 1368.0, 8.0, 2532.0, 8.0, 912.0], 'JobIds': ['141680288.0', '141681453.0', '141706909.0'], 'State': 'running', 'RecordedSite': True, 'Error': [90000, "Got recoverable stageout exception:\nStageout failed with code 1.\nThere were 3 failed/killed stageout jobs.\nFailure reasons (per document) follow:\n- 104a3033d82f2c4188a678b898f2c8a2764f8d98ae7494fff358cfd8:\n  -----> ASO log start -----\n  ['TRANSFER [5] TRANSFER ERROR: Copy failed (3rd pull). Last attempt: copy HTTP 500 : Unexpected server error: 500 [...CUT...] Full log at https://fts3-cms.cern.ch:8449/fts3/ftsmon/#/job/8ac3341a-139e-11f1-9ff0-fa163eaa97bf']\n  <----- ASO log finish ----\n  The last failure reason is recoverable.\n- b13db7191a859cb1e14f76a2562e38289326cc4085ed1cac3a04099d:\n  -----> ASO log start -----\n  ['TRANSFER [5] TRANSFER ERROR: Copy failed (3rd pull). Last attempt: copy HTTP 500 : Unexpected server error: 500 [...CUT...] Full log at https://fts3-cms.cern.ch:8449/fts3/ftsmon/#/job/8ac3341a-139e-11f1-9ff0-fa163eaa97bf']\n  <----- ASO log finish ----\n  The last failure reason is recoverable.\n- 94ee04fce205b2da5a1b4bccc6ccc157f8626cdab28aab1266248462:\n  -----> ASO log start -----\n  ['DESTINATION [110] curl error (28): Timeout was reached [...CUT...] Full log at https://fts3-cms.cern.ch:8449/fts3/ftsmon/#/job/8ac3341a-139e-11f1-9ff0-fa163eaa97bf']\n  <----- ASO log finish ----\n  The last failure reason is recoverable.", {}]}, '161': {'Retries': 1, 'Restarts': 0, 'SiteHistory': ['Unknown', 'T2_FR_GRIF', 'T2_FR_GRIF', 'T2_TR_METU', 'T2_TR_METU'], 'ResidentSetSize': [680972, 691808], 'SubmitTimes': [1772161705.0, 1772177356.0], 'StartTimes': [1772162969.0, 1772177377.0], 'EndTimes': [1772168270.0, 1772181181.0], 'TotalUserCpuTimeHistory': [5890, 5012], 'TotalSysCpuTimeHistory': [847, 1455], 'WallDurations': [9.0, 291.4985866546631, 5301.0, 8.0, 3804.0], 'JobIds': ['141680289.0', '141685716.0'], 'State': 'transferring', 'RecordedSite': True, 'Error': [90000, "Got recoverable stageout exception:\nStageout failed with code 1.\nThere were 3 failed/killed stageout jobs.\nFailure reasons (per document) follow:\n- 59131f61d07352a79b6f7b7bcf255fa7e37eb96bf60a782228a795a2:\n  -----> ASO log start -----\n  ['DESTINATION [110] timeout of 900s [...CUT...] Full log at https://fts3-cms.cern.ch:8449/fts3/ftsmon/#/job/65f8da18-1399-11f1-9ec8-fa163e1db714']\n  <----- ASO log finish ----\n  The last failure reason is recoverable.\n- 947e89e8ba862312de1eb29946827be48b94a0d8666ebf7b4b1221c9:\n  -----> ASO log start -----\n  ['DESTINATION [110] timeout of 900s [...CUT...] Full log at https://fts3-cms.cern.ch:8449/fts3/ftsmon/#/job/65f8da18-1399-11f1-9ec8-fa163e1db714']\n  <----- ASO log finish ----\n  The last failure reason is recoverable.\n- 3d1ce2cffa91957cc5d173d230c0427700c2ac5bbd47586d669191fd:\n  -----> ASO log start -----\n  ['TRANSFER [5] TRANSFER ERROR: Copy failed (3rd pull). Last attempt: copy HTTP 500 : Unexpected server error: 500 [...CUT...] Full log at https://fts3-cms.cern.ch:8449/fts3/ftsmon/#/job/65f8da18-1399-11f1-9ec8-fa163e1db714']\n  <----- ASO log finish ----\n  The last failure reason is recoverable.", {}]}, '158': {'Retries': 2, 'Restarts': 0, 'SiteHistory': ['Unknown', 'T2_BE_IIHE', 'T2_BE_IIHE', 'T3_UK_ScotGrid_GLA', 'T3_UK_ScotGrid_GLA', 'Unknown', 'T2_CH_CERN', 'T2_CH_CERN'], 'ResidentSetSize': [655244, 674100, 604900], 'SubmitTimes': [1772161705.0, 1772178642.0, 1772189772.0], 'StartTimes': [1772162972.0, 1772178682.0, 1772189916.0], 'EndTimes': [1772165961.0, 1772182427.0, 1772191838.0], 'TotalUserCpuTimeHistory': [3678, 4419, 3055], 'TotalSysCpuTimeHistory': [1126, 1313, 498], 'WallDurations': [9.0, 288.4985866546631, 2989.0, 8.0, 3745.0, 8.0, 253.5204200744629, 1922.0], 'JobIds': ['141680290.0', '141685849.0', '141695372.0'], 'State': 'transferring', 'RecordedSite': True, 'Error': [90000, "Got recoverable stageout exception:\nStageout failed with code 1.\nThere were 1 failed/killed stageout jobs.\nFailure reasons (per document) follow:\n- 166c0b2eedf72d5f507adae4141c51f3e498489265734db4048d935c:\n  -----> ASO log start -----\n  ['DESTINATION [5] HTTP 500 : Unexpected server error: 500 [...CUT...] Full log at https://fts3-cms.cern.ch:8449/fts3/ftsmon/#/job/62744686-13ba-11f1-89d8-fa163e4409e3']\n  <----- ASO log finish ----\n  The last failure reason is recoverable.", {}]}, '167': {'Retries': 2, 'Restarts': 0, 'SiteHistory': ['Unknown', 'T2_BE_IIHE', 'T2_BE_IIHE', 'Unknown', 'T2_TR_METU', 'T2_TR_METU', 'T2_CH_CERN', 'T2_CH_CERN'], 'ResidentSetSize': [715652, 685720, 676284], 'SubmitTimes': [1772161705.0, 1772170239.0, 1772183154.0], 'StartTimes': [1772162969.0, 1772170407.0, 1772183191.0], 'EndTimes': [1772164765.0, 1772175811.0, 1772185369.0], 'TotalUserCpuTimeHistory': [2276, 6021, 2585], 'TotalSysCpuTimeHistory': [714, 1988, 804], 'WallDurations': [9.0, 291.4985866546631, 1796.0, 11.0, 285.63993883132935, 5404.0, 9.0, 2178.0], 'JobIds': ['141680291.0', '141681748.0', '141686383.0'], 'State': 'transferring', 'RecordedSite': True, 'Error': [90000, "Got recoverable stageout exception:\nStageout failed with code 1.\nThere were 3 failed/killed stageout jobs.\nFailure reasons (per document) follow:\n- 8c8113fff660d8b6e0ab99b64ab772350fe23b9d1ffc7fe03770ef56:\n  -----> ASO log start -----\n  ['TRANSFER [5] TRANSFER ERROR: Copy failed (3rd pull). Last attempt: copy HTTP 500 : Unexpected server error: 500 [...CUT...] Full log at https://fts3-cms.cern.ch:8449/fts3/ftsmon/#/job/f6667450-13aa-11f1-b039-fa163e4409e3']\n  <----- ASO log finish ----\n  The last failure reason is recoverable.\n- 56e2eb199dcaf04517588e413497a295797cf62916efcd066fd6d064:\n  -----> ASO log start -----\n  ['TRANSFER [5] TRANSFER ERROR: Copy failed (3rd pull). Last attempt: copy HTTP 500 : Unexpected server error: 500 [...CUT...] Full log at https://fts3-cms.cern.ch:8449/fts3/ftsmon/#/job/f6667450-13aa-11f1-b039-fa163e4409e3']\n  <----- ASO log finish ----\n  The last failure reason is recoverable.\n- a6c40fdc2c94b854e67e491abefac05d0c07292db08c4a40bc43dbca:\n  -----> ASO log start -----\n  ['TRANSFER [5] TRANSFER ERROR: Copy failed (3rd pull). Last attempt: copy HTTP 500 : Unexpected server error: 500 [...CUT...] Full log at https://fts3-cms.cern.ch:8449/fts3/ftsmon/#/job/f6667450-13aa-11f1-b039-fa163e4409e3']\n  <----- ASO log finish ----\n  The last failure reason is recoverable.", {}]}, '169': {'Retries': 2, 'Restarts': 0, 'SiteHistory': ['Unknown', 'T2_HU_Budapest', 'T2_HU_Budapest', 'T2_TR_METU', 'T2_TR_METU', 'T2_TR_METU', 'T2_TR_METU'], 'ResidentSetSize': [677220, 742912, 690960], 'SubmitTimes': [1772161705.0, 1772169688.0, 1772183713.0], 'StartTimes': [1772162969.0, 1772169739.0, 1772183745.0], 'EndTimes': [1772166015.0, 1772174576.0, 1772187466.0], 'TotalUserCpuTimeHistory': [4282, 5753, 5148], 'TotalSysCpuTimeHistory': [814, 1846, 1358], 'WallDurations': [9.0, 291.4985866546631, 3046.0, 8.0, 4837.0, 10.0, 3721.0], 'JobIds': ['141680292.0', '141681672.0', '141686442.0'], 'State': 'transferring', 'RecordedSite': True, 'Error': [90000, "Got recoverable stageout exception:\nStageout failed with code 1.\nThere were 3 failed/killed stageout jobs.\nFailure reasons (per document) follow:\n- 976a36e1143b460ced092f2b3694de31bc30b31225bcfd8769fccdb9:\n  -----> ASO log start -----\n  ['TRANSFER [5] TRANSFER ERROR: Copy failed (3rd pull). Last attempt: copy HTTP 500 : Unexpected server error: 500 [...CUT...] Full log at https://fts3-cms.cern.ch:8449/fts3/ftsmon/#/job/07b5bee4-13a8-11f1-a279-fa163e5dc706']\n  <----- ASO log finish ----\n  The last failure reason is recoverable.\n- 0a9d390ba385aeecee8340d4a9194e18c0e42eb3d0b64ff0a8881308:\n  -----> ASO log start -----\n  ['TRANSFER [5] TRANSFER ERROR: Copy failed (3rd pull). Last attempt: copy HTTP 500 : Unexpected server error: 500 [...CUT...] Full log at https://fts3-cms.cern.ch:8449/fts3/ftsmon/#/job/07b5bee4-13a8-11f1-a279-fa163e5dc706']\n  <----- ASO log finish ----\n  The last failure reason is recoverable.\n- aeed236a0b37e891d71b180e8ba9c4e7e2cf35a7cf334c6695e45b97:\n  -----> ASO log start -----\n  ['TRANSFER [5] TRANSFER ERROR: Copy failed (3rd pull). Last attempt: copy HTTP 500 : Unexpected server error: 500 [...CUT...] Full log at https://fts3-cms.cern.ch:8449/fts3/ftsmon/#/job/07b5bee4-13a8-11f1-a279-fa163e5dc706']\n  <----- ASO log finish ----\n  The last failure reason is recoverable.", {}]}, '157': {'Retries': 1, 'Restarts': 0, 'SiteHistory': ['Unknown', 'T2_BE_IIHE', 'T2_BE_IIHE', 'T2_CH_CERN', 'T2_CH_CERN'], 'ResidentSetSize': [665064, 681636], 'SubmitTimes': [1772161705.0, 1772168258.0], 'StartTimes': [1772162970.0, 1772168261.0], 'EndTimes': [1772164584.0, 1772170793.0], 'TotalUserCpuTimeHistory': [2069, 2886], 'TotalSysCpuTimeHistory': [612, 1019], 'WallDurations': [9.0, 290.4985866546631, 1614.0, 9.0, 2532.0], 'JobIds': ['141680293.0', '141681483.0'], 'State': 'finished', 'RecordedSite': True, 'Error': [0, 'OK', {}]}, '164': {'Retries': 1, 'Restarts': 0, 'SiteHistory': ['Unknown', 'T2_IT_Rome', 'T2_IT_Rome', 'T3_KR_KNU', 'T3_KR_KNU'], 'ResidentSetSize': [505716, 693260], 'SubmitTimes': [1772161705.0, 1772168836.0], 'StartTimes': [1772162970.0, 1772168867.0], 'EndTimes': [1772165161.0, 1772174115.0], 'TotalUserCpuTimeHistory': [2985, 7317], 'TotalSysCpuTimeHistory': [456, 2240], 'WallDurations': [8.0, 290.4985866546631, 2191.0, 9.0, 5248.0], 'JobIds': ['141680294.0', '141681571.0'], 'State': 'finished', 'RecordedSite': True, 'Error': [0, 'OK', {}]}, '170': {'Retries': 2, 'Restarts': 0, 'SiteHistory': ['Unknown', 'T2_BE_UCL', 'T2_BE_UCL', 'T2_FR_GRIF', 'T2_FR_GRIF', 'T2_CH_CERN', 'T2_CH_CERN'], 'ResidentSetSize': [687216, 693332, 631528], 'SubmitTimes': [1772161705.0, 1772168273.0, 1772199733.0], 'StartTimes': [1772162971.0, 1772168277.0, 1772199778.0], 'EndTimes': [1772164597.0, 1772172582.0, 1772201498.0], 'TotalUserCpuTimeHistory': [1586, 5754, 2716], 'TotalSysCpuTimeHistory': [84, 976, 413], 'WallDurations': [8.0, 289.4985866546631, 1626.0, 8.0, 4305.0, 9.0, 1720.0], 'JobIds': ['141680295.0', '141681487.0', '141706243.0'], 'State': 'transferring', 'RecordedSite': True, 'Error': [90000, "Got recoverable stageout exception:\nStageout failed with code 1.\nThere were 3 failed/killed stageout jobs.\nFailure reasons (per document) follow:\n- 5e254de35ead28183b8dd0ae9105356e06a131a175f9e32663343da7:\n  -----> ASO log start -----\n  ['TRANSFER [5] TRANSFER ERROR: Copy failed (3rd pull). Last attempt: copy HTTP 500 : Unexpected server error: 500 [...CUT...] Full log at https://fts3-cms.cern.ch:8449/fts3/ftsmon/#/job/ea9e1662-13a2-11f1-aad3-fa163e172462']\n  <----- ASO log finish ----\n  The last failure reason is recoverable.\n- aec74cb01545292c2ad0881518b7e1794bba1d8cb36ec1c3b75790dc:\n  -----> ASO log start -----\n  ['TRANSFER [5] TRANSFER ERROR: Copy failed (3rd pull). Last attempt: copy HTTP 500 : Unexpected server error: 500 [...CUT...] Full log at https://fts3-cms.cern.ch:8449/fts3/ftsmon/#/job/ea9e1662-13a2-11f1-aad3-fa163e172462']\n  <----- ASO log finish ----\n  The last failure reason is recoverable.\n- 81c88b3c9b4c61fa9ed61bfa57f68f306532f9b6721f58981510099b:\n  -----> ASO log start -----\n  ['TRANSFER [5] TRANSFER ERROR: Copy failed (3rd pull). Last attempt: copy HTTP 500 : Unexpected server error: 500 [...CUT...] Full log at https://fts3-cms.cern.ch:8449/fts3/ftsmon/#/job/a45e2268-13a3-11f1-9892-fa163e65d4d2']\n  <----- ASO log finish ----\n  The last failure reason is recoverable.", {}]}, '171': {'Retries': 2, 'Restarts': 0, 'SiteHistory': ['Unknown', 'T2_HU_Budapest', 'T2_HU_Budapest', 'Unknown', 'T2_BE_UCL', 'T2_BE_UCL', 'T2_CH_CERN', 'T2_CH_CERN'], 'ResidentSetSize': [696332, 1591948, 780352], 'SubmitTimes': [1772161705.0, 1772170329.0, 1772180574.0], 'StartTimes': [1772162971.0, 1772170577.0, 1772180622.0], 'EndTimes': [1772166652.0, 1772173238.0, 1772182234.0], 'TotalUserCpuTimeHistory': [5070, 1317, 1969], 'TotalSysCpuTimeHistory': [920, 39, 563], 'WallDurations': [8.0, 289.4985866546631, 3681.0, 8.0, 115.63993883132935, 2661.0, 8.0, 1612.0], 'JobIds': ['141680296.0', '141681769.0', '141686066.0'], 'State': 'transferring', 'RecordedSite': True, 'Error': [90000, "Got recoverable stageout exception:\nStageout failed with code 1.\nThere were 3 failed/killed stageout jobs.\nFailure reasons (per document) follow:\n- 03194ec43cdc88515d57d673881e724f3220eb31f5483be644f4fa96:\n  -----> ASO log start -----\n  ['TRANSFER [5] TRANSFER ERROR: Copy failed (3rd pull). Last attempt: copy HTTP 500 : Unexpected server error: 500 [...CUT...] Full log at https://fts3-cms.cern.ch:8449/fts3/ftsmon/#/job/1b22f6a2-13a5-11f1-8528-fa163e9e00e6']\n  <----- ASO log finish ----\n  The last failure reason is recoverable.\n- 5b90b3756e5ea2b9e9b0719213eac83a8345faaa344b190ed1c1bc8c:\n  -----> ASO log start -----\n  ['TRANSFER [5] TRANSFER ERROR: Copy failed (3rd pull). Last attempt: copy HTTP 500 : Unexpected server error: 500 [...CUT...] Full log at https://fts3-cms.cern.ch:8449/fts3/ftsmon/#/job/1b22f6a2-13a5-11f1-8528-fa163e9e00e6']\n  <----- ASO log finish ----\n  The last failure reason is recoverable.\n- 051e298d8fa01950d5ed6dc3b7e52c4d0e8c2ceff12fb02487e1dfe9:\n  -----> ASO log start -----\n  ['TRANSFER [5] TRANSFER ERROR: Copy failed (3rd pull). Last attempt: copy HTTP 500 : Unexpected server error: 500 [...CUT...] Full log at https://fts3-cms.cern.ch:8449/fts3/ftsmon/#/job/1b22f6a2-13a5-11f1-8528-fa163e9e00e6']\n  <----- ASO log finish ----\n  The last failure reason is recoverable.", {}]}, '179': {'Retries': 0, 'Restarts': 0, 'SiteHistory': ['Unknown', 'T2_UK_SGrid_RALPP', 'T2_UK_SGrid_RALPP'], 'ResidentSetSize': [751028], 'SubmitTimes': [1772161705.0], 'StartTimes': [1772162972.0], 'EndTimes': [1772165961.0], 'TotalUserCpuTimeHistory': [3666], 'TotalSysCpuTimeHistory': [1024], 'WallDurations': [9.0, 288.4985866546631, 2989.0], 'JobIds': ['141680297.0'], 'State': 'finished', 'RecordedSite': True, 'Error': [0, 'OK', {}]}, '168': {'Retries': 2, 'Restarts': 0, 'SiteHistory': ['Unknown', 'T2_TR_METU', 'T2_TR_METU', 'Unknown', 'T2_IT_Bari', 'T2_IT_Bari', 'T2_FR_GRIF', 'T2_FR_GRIF'], 'ResidentSetSize': [1747452, 2129468, 2710024], 'SubmitTimes': [1772161705.0, 1772171157.0, 1772183803.0], 'StartTimes': [1772162973.0, 1772171496.0, 1772183830.0], 'EndTimes': [1772167481.0, 1772178266.0, 1772189017.0], 'TotalUserCpuTimeHistory': [6153, 5222, 5861], 'TotalSysCpuTimeHistory': [1931, 2472, 1165], 'WallDurations': [9.0, 287.4985866546631, 4508.0, 9.0, 143.47571229934692, 6770.0, 8.0, 5187.0], 'JobIds': ['141680298.0', '141681893.0', '141686453.0'], 'State': 'transferring', 'RecordedSite': True, 'Error': [90000, "Got recoverable stageout exception:\nStageout failed with code 1.\nThere were 3 failed/killed stageout jobs.\nFailure reasons (per document) follow:\n- 3f6d598c35aabaf16ebc7c3e7eef8e657ca2bed23d67a4b983f95162:\n  -----> ASO log start -----\n  ['TRANSFER [5] TRANSFER ERROR: Copy failed (3rd pull). Last attempt: copy HTTP 500 : Unexpected server error: 500 [...CUT...] Full log at https://fts3-cms.cern.ch:8449/fts3/ftsmon/#/job/ddbcdf06-13b0-11f1-818d-fa163e172462']\n  <----- ASO log finish ----\n  The last failure reason is recoverable.\n- 5d54c53f767a440c2895401a5ee2b95149f643fae1caea41092e8332:\n  -----> ASO log start -----\n  ['TRANSFER [5] TRANSFER ERROR: Copy failed (3rd pull). Last attempt: copy HTTP 500 : Unexpected server error: 500 [...CUT...] Full log at https://fts3-cms.cern.ch:8449/fts3/ftsmon/#/job/ddbcdf06-13b0-11f1-818d-fa163e172462']\n  <----- ASO log finish ----\n  The last failure reason is recoverable.\n- 726be3806c20c5d3a7c1e7fb4c32912c6a864a166b7dbbcce6df2a0e:\n  -----> ASO log start -----\n  ['TRANSFER [5] TRANSFER ERROR: Copy failed (3rd pull). Last attempt: copy HTTP 500 : Unexpected server error: 500 [...CUT...] Full log at https://fts3-cms.cern.ch:8449/fts3/ftsmon/#/job/ddbcdf06-13b0-11f1-818d-fa163e172462']\n  <----- ASO log finish ----\n  The last failure reason is recoverable.", {}]}, '173': {'Retries': 1, 'Restarts': 0, 'SiteHistory': ['Unknown', 'T2_EE_Estonia', 'T2_EE_Estonia', 'T2_CH_CERN', 'T2_CH_CERN'], 'ResidentSetSize': [702080, 731700], 'SubmitTimes': [1772161705.0, 1772183361.0], 'StartTimes': [1772162971.0, 1772183370.0], 'EndTimes': [1772170676.0, 1772187906.0], 'TotalUserCpuTimeHistory': [7933, 5571], 'TotalSysCpuTimeHistory': [2452, 1230], 'WallDurations': [8.0, 289.4985866546631, 7705.0, 8.0, 4536.0], 'JobIds': ['141680299.0', '141686409.0'], 'State': 'transferring', 'RecordedSite': True, 'Error': [90000, "Got recoverable stageout exception:\nStageout failed with code 1.\nThere were 3 failed/killed stageout jobs.\nFailure reasons (per document) follow:\n- 9a99c9fc970ceab3c48a0130cc8769c86472382d91125f7a457fdc68:\n  -----> ASO log start -----\n  ['TRANSFER [5] TRANSFER ERROR: Copy failed (3rd pull). Last attempt: copy HTTP 500 : Unexpected server error: 500 [...CUT...] Full log at https://fts3-cms.cern.ch:8449/fts3/ftsmon/#/job/8a4517f6-139e-11f1-9223-fa163e65d4d2']\n  <----- ASO log finish ----\n  The last failure reason is recoverable.\n- 23c9f6233a3f14ce06c52ab5dad6094a7e559a62a51f05349b4fc63d:\n  -----> ASO log start -----\n  ['TRANSFER [5] TRANSFER ERROR: Copy failed (3rd pull). Last attempt: copy HTTP 500 : Unexpected server error: 500 [...CUT...] Full log at https://fts3-cms.cern.ch:8449/fts3/ftsmon/#/job/8a4517f6-139e-11f1-9223-fa163e65d4d2']\n  <----- ASO log finish ----\n  The last failure reason is recoverable.\n- fc1253291fa05ae2185bdcb00693ca693dea1a68f142cf2fadf0a69e:\n  -----> ASO log start -----\n  ['TRANSFER [5] TRANSFER ERROR: Copy failed (3rd pull). Last attempt: copy HTTP 500 : Unexpected server error: 500 [...CUT...] Full log at https://fts3-cms.cern.ch:8449/fts3/ftsmon/#/job/8a4517f6-139e-11f1-9223-fa163e65d4d2']\n  <----- ASO log finish ----\n  The last failure reason is recoverable.", {}]}, '177': {'Retries': 2, 'Restarts': 0, 'SiteHistory': ['Unknown', 'T2_IT_Rome', 'T2_IT_Rome', 'T2_IT_Rome', 'T2_IT_Rome', 'T2_CH_CERN', 'T2_CH_CERN'], 'ResidentSetSize': [505152, 532904, 3627272], 'SubmitTimes': [1772161705.0, 1772169033.0, 1772183093.0], 'StartTimes': [1772162972.0, 1772169062.0, 1772183105.0], 'EndTimes': [1772165360.0, 1772172148.0, 1772185613.0], 'TotalUserCpuTimeHistory': [3453, 4375, 2936], 'TotalSysCpuTimeHistory': [540, 916, 987], 'WallDurations': [8.0, 288.4985866546631, 2388.0, 8.0, 3086.0, 9.0, 2508.0], 'JobIds': ['141680300.0', '141681596.0', '141686377.0'], 'State': 'transferring', 'RecordedSite': True, 'Error': [90000, "Got recoverable stageout exception:\nStageout failed with code 1.\nThere were 3 failed/killed stageout jobs.\nFailure reasons (per document) follow:\n- f530a9bff6b09fded65249345fee91ea56b7fcceb00fc1cffa999205:\n  -----> ASO log start -----\n  ['TRANSFER [5] TRANSFER ERROR: Copy failed (3rd pull). Last attempt: copy HTTP 500 : Unexpected server error: 500 [...CUT...] Full log at https://fts3-cms.cern.ch:8449/fts3/ftsmon/#/job/30d35062-13a2-11f1-a747-fa163e255442']\n  <----- ASO log finish ----\n  The last failure reason is recoverable.\n- b59c89052704931885454e83a0348d6b210fc5d23d40a457b2ebda70:\n  -----> ASO log start -----\n  ['TRANSFER [5] TRANSFER ERROR: Copy failed (3rd pull). Last attempt: copy HTTP 500 : Unexpected server error: 500 [...CUT...] Full log at https://fts3-cms.cern.ch:8449/fts3/ftsmon/#/job/30d35062-13a2-11f1-a747-fa163e255442']\n  <----- ASO log finish ----\n  The last failure reason is recoverable.\n- 893704847c199328ade9631a6879abcc286e4135b2f7979de152f38c:\n  -----> ASO log start -----\n  ['TRANSFER [5] TRANSFER ERROR: Copy failed (3rd pull). Last attempt: copy HTTP 500 : Unexpected server error: 500 [...CUT...] Full log at https://fts3-cms.cern.ch:8449/fts3/ftsmon/#/job/30d35062-13a2-11f1-a747-fa163e255442']\n  <----- ASO log finish ----\n  The last failure reason is recoverable.", {}]}, '175': {'Retries': 1, 'Restarts': 0, 'SiteHistory': ['Unknown', 'T2_HU_Budapest', 'T2_HU_Budapest', 'T2_CH_CERN', 'T2_CH_CERN'], 'ResidentSetSize': [710408, 799764], 'SubmitTimes': [1772161705.0, 1772170199.0], 'StartTimes': [1772162972.0, 1772170325.0], 'EndTimes': [1772166527.0, 1772172613.0], 'TotalUserCpuTimeHistory': [5035, 2724], 'TotalSysCpuTimeHistory': [941, 767], 'WallDurations': [9.0, 288.4985866546631, 3555.0, 8.0, 2288.0], 'JobIds': ['141680301.0', '141681742.0'], 'State': 'transferring', 'RecordedSite': True, 'Error': [90000, "Got recoverable stageout exception:\nStageout failed with code 1.\nThere were 3 failed/killed stageout jobs.\nFailure reasons (per document) follow:\n- d22cb401947be15591820e5c27f38d5e65cab18cf635c0988c42948c:\n  -----> ASO log start -----\n  ['TRANSFER [5] TRANSFER ERROR: Copy failed (3rd pull). Last attempt: copy HTTP 500 : Unexpected server error: 500 [...CUT...] Full log at https://fts3-cms.cern.ch:8449/fts3/ftsmon/#/job/00074b8a-1395-11f1-a8e6-fa163e6c8d57']\n  <----- ASO log finish ----\n  The last failure reason is recoverable.\n- 99606edcc089dc1cff3d53bdd735f79558e49ad2ce54919e845f69a8:\n  -----> ASO log start -----\n  ['TRANSFER [5] TRANSFER ERROR: Copy failed (3rd pull). Last attempt: copy HTTP 500 : Unexpected server error: 500 [...CUT...] Full log at https://fts3-cms.cern.ch:8449/fts3/ftsmon/#/job/00074b8a-1395-11f1-a8e6-fa163e6c8d57']\n  <----- ASO log finish ----\n  The last failure reason is recoverable.\n- 11510141e1b0adf14abfeacff478805c1cc8766a191b9137c8b6e6c8:\n  -----> ASO log start -----\n  ['TRANSFER [5] TRANSFER ERROR: Copy failed (3rd pull). Last attempt: copy HTTP 500 : Unexpected server error: 500 [...CUT...] Full log at https://fts3-cms.cern.ch:8449/fts3/ftsmon/#/job/00074b8a-1395-11f1-a8e6-fa163e6c8d57']\n  <----- ASO log finish ----\n  The last failure reason is recoverable.", {}]}, '181': {'Retries': 2, 'Restarts': 0, 'SiteHistory': ['Unknown', 'T2_IT_Rome', 'T2_IT_Rome', 'Unknown', 'T2_US_Florida', 'T2_US_Florida', 'T2_UK_London_IC', 'T2_UK_London_IC'], 'ResidentSetSize': [507228, 688652, 780732], 'SubmitTimes': [1772161705.0, 1772171497.0, 1772178590.0], 'StartTimes': [1772162972.0, 1772171675.0, 1772178624.0], 'EndTimes': [1772166016.0, 1772173057.0, 1772180854.0], 'TotalUserCpuTimeHistory': [4729, 2101, 2640], 'TotalSysCpuTimeHistory': [603, 216, 254], 'WallDurations': [8.0, 288.4985866546631, 3044.0, 9.0, 276.1406033039093, 1382.0, 9.0, 2230.0], 'JobIds': ['141680302.0', '141681921.0', '141685841.0'], 'State': 'finished', 'RecordedSite': True, 'Error': [0, 'OK', {}]}, '174': {'Retries': 2, 'Restarts': 0, 'SiteHistory': ['Unknown', 'T2_FR_IPHC', 'T2_FR_IPHC', 'T2_FR_GRIF', 'T2_FR_GRIF', 'T2_DE_RWTH', 'T2_DE_RWTH'], 'ResidentSetSize': [685976, 688596, 2891088], 'SubmitTimes': [1772161705.0, 1772169028.0, 1772182800.0], 'StartTimes': [1772162971.0, 1772169059.0, 1772182810.0], 'EndTimes': [1772165353.0, 1772173654.0, 1772191113.0], 'TotalUserCpuTimeHistory': [2693, 5204, 10533], 'TotalSysCpuTimeHistory': [426, 794, 3174], 'WallDurations': [8.0, 289.4985866546631, 2382.0, 9.0, 4595.0, 9.0, 8303.0], 'JobIds': ['141680303.0', '141681594.0', '141686351.0'], 'State': 'finished', 'RecordedSite': True, 'Error': [0, 'OK', {}]}, '183': {'Retries': 2, 'Restarts': 0, 'SiteHistory': ['Unknown', 'T2_BE_IIHE', 'T2_BE_IIHE', 'T2_TR_METU', 'T2_TR_METU', 'T2_US_Nebraska', 'T2_US_Nebraska'], 'ResidentSetSize': [754680, 702544, 2296996], 'SubmitTimes': [1772161705.0, 1772169581.0, 1772186797.0], 'StartTimes': [1772162971.0, 1772169643.0, 1772186944.0], 'EndTimes': [1772165905.0, 1772174048.0, 1772192216.0], 'TotalUserCpuTimeHistory': [3567, 5294, 7258], 'TotalSysCpuTimeHistory': [1030, 1705, 1660], 'WallDurations': [9.0, 289.4985866546631, 2934.0, 10.0, 4405.0, 9.0, 5272.0], 'JobIds': ['141680304.0', '141681661.0', '141692522.0'], 'State': 'finished', 'RecordedSite': True, 'Error': [0, 'OK', {}]}, '182': {'Retries': 2, 'Restarts': 0, 'SiteHistory': ['Unknown', 'T2_BE_IIHE', 'T2_BE_IIHE', 'Unknown', 'T2_TR_METU', 'T2_TR_METU', 'T2_CH_CERN', 'T2_CH_CERN'], 'ResidentSetSize': [729208, 720724, 3548896], 'SubmitTimes': [1772161705.0, 1772170569.0, 1772195445.0], 'StartTimes': [1772162969.0, 1772170760.0, 1772195454.0], 'EndTimes': [1772165087.0, 1772177292.0, 1772199267.0], 'TotalUserCpuTimeHistory': [2599, 6821, 3291], 'TotalSysCpuTimeHistory': [821, 2343, 1124], 'WallDurations': [9.0, 291.4985866546631, 2118.0, 9.0, 248.44514417648315, 6532.0, 8.0, 3813.0], 'JobIds': ['141680305.0', '141681802.0', '141699559.0'], 'State': 'transferring', 'RecordedSite': True, 'Error': [90000, "Got recoverable stageout exception:\nStageout failed with code 1.\nThere were 3 failed/killed stageout jobs.\nFailure reasons (per document) follow:\n- d8100193b6c314c2352a58986a28ecc3835caf59556bbbcad8c118b4:\n  -----> ASO log start -----\n  ['TRANSFER [5] TRANSFER ERROR: Copy failed (3rd pull). Last attempt: copy HTTP 500 : Unexpected server error: 500 [...CUT...] Full log at https://fts3-cms.cern.ch:8449/fts3/ftsmon/#/job/e7756f66-13ad-11f1-bfb5-fa163eaa97bf']\n  <----- ASO log finish ----\n  The last failure reason is recoverable.\n- 3bacc93e8aa0d2329b8db5f09dd563917264aeb4553c6531369d1480:\n  -----> ASO log start -----\n  ['TRANSFER [5] TRANSFER ERROR: Copy failed (3rd pull). Last attempt: copy HTTP 500 : Unexpected server error: 500 [...CUT...] Full log at https://fts3-cms.cern.ch:8449/fts3/ftsmon/#/job/e7756f66-13ad-11f1-bfb5-fa163eaa97bf']\n  <----- ASO log finish ----\n  The last failure reason is recoverable.\n- fdb5e61405a00cf43c35ef07e05200c004381766446cb7836df5e2b7:\n  -----> ASO log start -----\n  ['TRANSFER [5] TRANSFER ERROR: Copy failed (3rd pull). Last attempt: copy HTTP 500 : Unexpected server error: 500 [...CUT...] Full log at https://fts3-cms.cern.ch:8449/fts3/ftsmon/#/job/e7756f66-13ad-11f1-bfb5-fa163eaa97bf']\n  <----- ASO log finish ----\n  The last failure reason is recoverable.", {}]}, '178': {'Retries': 1, 'Restarts': 0, 'SiteHistory': ['Unknown', 'T2_FR_GRIF', 'T2_FR_GRIF', 'T2_TR_METU', 'T2_TR_METU'], 'ResidentSetSize': [757612, 715432], 'SubmitTimes': [1772161705.0, 1772179219.0], 'StartTimes': [1772162970.0, 1772179265.0], 'EndTimes': [1772168337.0, 1772182758.0], 'TotalUserCpuTimeHistory': [6055, 4603], 'TotalSysCpuTimeHistory': [949, 1187], 'WallDurations': [8.0, 290.4985866546631, 5367.0, 9.0, 3493.0], 'JobIds': ['141680306.0', '141685904.0'], 'State': 'transferring', 'RecordedSite': True, 'Error': [90000, "Got recoverable stageout exception:\nStageout failed with code 1.\nThere were 3 failed/killed stageout jobs.\nFailure reasons (per document) follow:\n- 1dc5015b03cbdbcb4faeca586ec9d0edc73a6572da3fa0f3f18fe742:\n  -----> ASO log start -----\n  ['DESTINATION [110] timeout of 900s [...CUT...] Full log at https://fts3-cms.cern.ch:8449/fts3/ftsmon/#/job/65f8da18-1399-11f1-9ec8-fa163e1db714']\n  <----- ASO log finish ----\n  The last failure reason is recoverable.\n- d81253bd4c114f515b32e73d6e8d8e4e7a438c0e1b7c6d2c9b04c9a0:\n  -----> ASO log start -----\n  ['TRANSFER [5] TRANSFER ERROR: Copy failed (3rd pull). Last attempt: copy HTTP 500 : Unexpected server error: 500 [...CUT...] Full log at https://fts3-cms.cern.ch:8449/fts3/ftsmon/#/job/65f8da18-1399-11f1-9ec8-fa163e1db714']\n  <----- ASO log finish ----\n  The last failure reason is recoverable.\n- 39a3ef94bede6a926e88333448532afa9f6cc7a121b8ef51bd166c46:\n  -----> ASO log start -----\n  ['DESTINATION [110] timeout of 900s [...CUT...] Full log at https://fts3-cms.cern.ch:8449/fts3/ftsmon/#/job/65f8da18-1399-11f1-9ec8-fa163e1db714']\n  <----- ASO log finish ----\n  The last failure reason is recoverable.", {}]}, '184': {'Retries': 0, 'Restarts': 0, 'SiteHistory': ['Unknown', 'T2_CH_CSCS', 'T2_CH_CSCS'], 'ResidentSetSize': [660692], 'SubmitTimes': [1772161705.0], 'StartTimes': [1772162969.0], 'EndTimes': [1772164998.0], 'TotalUserCpuTimeHistory': [2485], 'TotalSysCpuTimeHistory': [630], 'WallDurations': [9.0, 291.4985866546631, 2029.0], 'JobIds': ['141680307.0'], 'State': 'finished', 'RecordedSite': True, 'Error': [0, 'OK', {}]}, '176': {'Retries': 1, 'Restarts': 0, 'SiteHistory': ['Unknown', 'T2_FR_GRIF', 'T2_FR_GRIF', 'T2_CH_CERN', 'T2_CH_CERN'], 'ResidentSetSize': [3251224, 658336], 'SubmitTimes': [1772161705.0, 1772174669.0], 'StartTimes': [1772162971.0, 1772174711.0], 'EndTimes': [1772167387.0, 1772175776.0], 'TotalUserCpuTimeHistory': [5788, 1708], 'TotalSysCpuTimeHistory': [994, 242], 'WallDurations': [8.0, 289.4985866546631, 4416.0, 8.0, 1065.0], 'JobIds': ['141680308.0', '141685400.0'], 'State': 'transferring', 'RecordedSite': True, 'Error': [90000, "Got recoverable stageout exception:\nStageout failed with code 1.\nThere were 3 failed/killed stageout jobs.\nFailure reasons (per document) follow:\n- dfb6f24014334ba34606b397400200e235a7419fd12eb87331c03195:\n  -----> ASO log start -----\n  ['DESTINATION [110] timeout of 900s [...CUT...] Full log at https://fts3-cms.cern.ch:8449/fts3/ftsmon/#/job/31b67244-1397-11f1-85e3-fa163e1db714']\n  <----- ASO log finish ----\n  The last failure reason is recoverable.\n- 0015309ac1f03342f1537bb55d5d64f1c059824eae33564475050b36:\n  -----> ASO log start -----\n  ['TRANSFER [5] TRANSFER ERROR: Copy failed (3rd pull). Last attempt: copy HTTP 500 : Unexpected server error: 500 [...CUT...] Full log at https://fts3-cms.cern.ch:8449/fts3/ftsmon/#/job/31b67244-1397-11f1-85e3-fa163e1db714']\n  <----- ASO log finish ----\n  The last failure reason is recoverable.\n- ee27336dab8e6ef4263eec38a6d94dfe860b77fff674f773e583c802:\n  -----> ASO log start -----\n  ['TRANSFER [5] TRANSFER ERROR: Copy failed (3rd pull). Last attempt: copy HTTP 500 : Unexpected server error: 500 [...CUT...] Full log at https://fts3-cms.cern.ch:8449/fts3/ftsmon/#/job/31b67244-1397-11f1-85e3-fa163e1db714']\n  <----- ASO log finish ----\n  The last failure reason is recoverable.", {}]}, '172': {'Retries': 2, 'Restarts': 0, 'SiteHistory': ['Unknown', 'T2_FR_IPHC', 'T2_FR_IPHC', 'T2_DE_RWTH', 'T2_DE_RWTH', 'T3_KR_KNU', 'T3_KR_KNU'], 'ResidentSetSize': [695028, 778036, 724596], 'SubmitTimes': [1772161705.0, 1772169239.0, 1772177963.0], 'StartTimes': [1772162971.0, 1772169255.0, 1772177989.0], 'EndTimes': [1772165570.0, 1772172426.0, 1772182331.0], 'TotalUserCpuTimeHistory': [3097, 4466, 6291], 'TotalSysCpuTimeHistory': [1053, 731, 1609], 'WallDurations': [9.0, 289.4985866546631, 2599.0, 9.0, 3171.0, 9.0, 4342.0], 'JobIds': ['141680309.0', '141681619.0', '141685766.0'], 'State': 'finished', 'RecordedSite': True, 'Error': [0, 'OK', {}]}, '180': {'Retries': 1, 'Restarts': 0, 'SiteHistory': ['Unknown', 'T2_BE_IIHE', 'T2_BE_IIHE', 'T2_IT_Rome', 'T2_IT_Rome'], 'ResidentSetSize': [638888, 531520], 'SubmitTimes': [1772161705.0, 1772178575.0], 'StartTimes': [1772162970.0, 1772178624.0], 'EndTimes': [1772165879.0, 1772180091.0], 'TotalUserCpuTimeHistory': [3598, 2248], 'TotalSysCpuTimeHistory': [1111, 287], 'WallDurations': [8.0, 290.4985866546631, 2909.0, 8.0, 1467.0], 'JobIds': ['141680310.0', '141685838.0'], 'State': 'transferring', 'RecordedSite': True, 'Error': [90000, "Got recoverable stageout exception:\nStageout failed with code 1.\nThere were 3 failed/killed stageout jobs.\nFailure reasons (per document) follow:\n- e17eca72df314b9991bf751fbafd995263ac2278326657c50ab98d70:\n  -----> ASO log start -----\n  ['TRANSFER [5] TRANSFER ERROR: Copy failed (3rd pull). Last attempt: copy HTTP 500 : Unexpected server error: 500 [...CUT...] Full log at https://fts3-cms.cern.ch:8449/fts3/ftsmon/#/job/8ed3dc4a-1393-11f1-a9c2-fa163e255442']\n  <----- ASO log finish ----\n  The last failure reason is recoverable.\n- 9031ab4237db229c30ab67f880fed4be1c40d245555469cbc4172475:\n  -----> ASO log start -----\n  ['TRANSFER [5] TRANSFER ERROR: Copy failed (3rd pull). Last attempt: copy HTTP 500 : Unexpected server error: 500 [...CUT...] Full log at https://fts3-cms.cern.ch:8449/fts3/ftsmon/#/job/8ed3dc4a-1393-11f1-a9c2-fa163e255442']\n  <----- ASO log finish ----\n  The last failure reason is recoverable.\n- 8419c8f142fc17642cc635262e2c0685c9478091841eedb11647ea09:\n  -----> ASO log start -----\n  ['TRANSFER [5] TRANSFER ERROR: Copy failed (3rd pull). Last attempt: copy HTTP 500 : Unexpected server error: 500 [...CUT...] Full log at https://fts3-cms.cern.ch:8449/fts3/ftsmon/#/job/8ed3dc4a-1393-11f1-a9c2-fa163e255442']\n  <----- ASO log finish ----\n  The last failure reason is recoverable.", {}]}, '187': {'Retries': 1, 'Restarts': 0, 'SiteHistory': ['Unknown', 'T2_BE_IIHE', 'T2_BE_IIHE', 'T2_US_UCSD', 'T2_US_UCSD'], 'ResidentSetSize': [638760, 3661384], 'SubmitTimes': [1772161705.0, 1772168078.0], 'StartTimes': [1772162969.0, 1772168085.0], 'EndTimes': [1772164403.0, 1772170437.0], 'TotalUserCpuTimeHistory': [1759, 2921], 'TotalSysCpuTimeHistory': [481, 629], 'WallDurations': [9.0, 291.4985866546631, 1434.0, 9.0, 2352.0], 'JobIds': ['141680311.0', '141681460.0'], 'State': 'finished', 'RecordedSite': True, 'Error': [0, 'OK', {}]}, '185': {'Retries': 2, 'Restarts': 0, 'SiteHistory': ['Unknown', 'T2_FR_IPHC', 'T2_FR_IPHC', 'Unknown', 'T2_RU_JINR', 'T2_RU_JINR', 'T2_PT_NCG_Lisbon', 'T2_PT_NCG_Lisbon'], 'ResidentSetSize': [3669372, 703244, 714700], 'SubmitTimes': [1772161710.0, 1772170304.0, 1772180956.0], 'StartTimes': [1772162970.0, 1772170523.0, 1772180977.0], 'EndTimes': [1772164829.0, 1772173618.0, 1772184191.0], 'TotalUserCpuTimeHistory': [2164, 4445, 4033], 'TotalSysCpuTimeHistory': [644, 1139, 581], 'WallDurations': [8.0, 290.4985866546631, 1859.0, 8.0, 169.63993883132935, 3095.0, 9.0, 3214.0], 'JobIds': ['141680312.0', '141681764.0', '141686118.0'], 'State': 'failed', 'RecordedSite': True, 'Error': [90000, "Got recoverable stageout exception:\nStageout failed with code 1.\nThere were 3 failed/killed stageout jobs.\nFailure reasons (per document) follow:\n- 0552f424b343e3bbf7e411189546bd615f18e6c737c78f9836f54b43:\n  -----> ASO log start -----\n  ['TRANSFER [5] TRANSFER ERROR: Copy failed (3rd pull). Last attempt: copy HTTP 500 : Unexpected server error: 500 [...CUT...] Full log at https://fts3-cms.cern.ch:8449/fts3/ftsmon/#/job/06772426-13be-11f1-80b0-fa163e6c8d57']\n  <----- ASO log finish ----\n  The last failure reason is recoverable.\n- b23d31dd26d5cc40c21439a768544944e8e946e3c1305d1fed612147:\n  -----> ASO log start -----\n  ['TRANSFER [5] TRANSFER ERROR: Copy failed (3rd pull). Last attempt: copy HTTP 500 : Unexpected server error: 500 [...CUT...] Full log at https://fts3-cms.cern.ch:8449/fts3/ftsmon/#/job/06772426-13be-11f1-80b0-fa163e6c8d57']\n  <----- ASO log finish ----\n  The last failure reason is recoverable.\n- 5757c08d1148f85ce746e2ea87ea3e6cf6e6d11687b5b13559cf7685:\n  -----> ASO log start -----\n  ['TRANSFER [5] TRANSFER ERROR: Copy failed (3rd pull). Last attempt: copy HTTP 500 : Unexpected server error: 500 [...CUT...] Full log at https://fts3-cms.cern.ch:8449/fts3/ftsmon/#/job/06772426-13be-11f1-80b0-fa163e6c8d57']\n  <----- ASO log finish ----\n  The last failure reason is recoverable.", {}]}, '186': {'Retries': 1, 'Restarts': 0, 'SiteHistory': ['Unknown', 'T2_EE_Estonia', 'T2_EE_Estonia', 'Unknown', 'T2_DE_RWTH', 'T2_DE_RWTH'], 'ResidentSetSize': [3654376, 3680188], 'SubmitTimes': [1772161710.0, 1772170034.0], 'StartTimes': [1772162972.0, 1772170087.0], 'EndTimes': [1772166355.0, 1772177136.0], 'TotalUserCpuTimeHistory': [4658, 9376], 'TotalSysCpuTimeHistory': [812, 3031], 'WallDurations': [10.0, 288.4985866546631, 3383.0, 9.0, 291.00271940231323, 7049.0], 'JobIds': ['141680313.0', '141681716.0'], 'State': 'finished', 'RecordedSite': True, 'Error': [0, 'OK', {}]}, '188': {'Retries': 2, 'Restarts': 0, 'SiteHistory': ['Unknown', 'T2_BE_IIHE', 'T2_BE_IIHE', 'Unknown', 'T2_TR_METU', 'T2_TR_METU', 'T2_CH_CERN', 'T2_CH_CERN'], 'ResidentSetSize': [651952, 724520, 749176], 'SubmitTimes': [1772161710.0, 1772170289.0, 1772196444.0], 'StartTimes': [1772162971.0, 1772170513.0, 1772196571.0], 'EndTimes': [1772164811.0, 1772176492.0, 1772199686.0], 'TotalUserCpuTimeHistory': [2251, 6111, 3348], 'TotalSysCpuTimeHistory': [647, 1913, 1280], 'WallDurations': [8.0, 289.4985866546631, 1840.0, 8.0, 179.63993883132935, 5979.0, 8.0, 3115.0], 'JobIds': ['141680314.0', '141681759.0', '141701293.0'], 'State': 'transferring', 'RecordedSite': True, 'Error': [90000, "Got recoverable stageout exception:\nStageout failed with code 1.\nThere were 3 failed/killed stageout jobs.\nFailure reasons (per document) follow:\n- dda519a013d27d16ba9c5aec486f4971f63ab7f5ccabf9a4eb0aecec:\n  -----> ASO log start -----\n  ['TRANSFER [5] TRANSFER ERROR: Copy failed (3rd pull). Last attempt: copy HTTP 500 : Unexpected server error: 500 [...CUT...] Full log at https://fts3-cms.cern.ch:8449/fts3/ftsmon/#/job/7103ee62-13ac-11f1-9dff-fa163e6c8d57']\n  <----- ASO log finish ----\n  The last failure reason is recoverable.\n- 1ce39619baa3afdc37edb2f6481c21c9c8953928d92b5b6c412ac01c:\n  -----> ASO log start -----\n  ['TRANSFER [5] TRANSFER ERROR: Copy failed (3rd pull). Last attempt: copy HTTP 500 : Unexpected server error: 500 [...CUT...] Full log at https://fts3-cms.cern.ch:8449/fts3/ftsmon/#/job/7103ee62-13ac-11f1-9dff-fa163e6c8d57']\n  <----- ASO log finish ----\n  The last failure reason is recoverable.\n- 021ae09086f1a9c3d25cd6305eb9096c7a96d6a1af150e40355af519:\n  -----> ASO log start -----\n  ['TRANSFER [5] TRANSFER ERROR: Copy failed (3rd pull). Last attempt: copy HTTP 500 : Unexpected server error: 500 [...CUT...] Full log at https://fts3-cms.cern.ch:8449/fts3/ftsmon/#/job/7103ee62-13ac-11f1-9dff-fa163e6c8d57']\n  <----- ASO log finish ----\n  The last failure reason is recoverable.", {}]}, '189': {'Retries': 0, 'Restarts': 0, 'SiteHistory': ['Unknown', 'T2_UK_SGrid_RALPP', 'T2_UK_SGrid_RALPP'], 'ResidentSetSize': [629008], 'SubmitTimes': [1772161710.0], 'StartTimes': [1772162970.0], 'EndTimes': [1772166030.0], 'TotalUserCpuTimeHistory': [3747], 'TotalSysCpuTimeHistory': [1052], 'WallDurations': [8.0, 290.4985866546631, 3060.0], 'JobIds': ['141680315.0'], 'State': 'finished', 'RecordedSite': True, 'Error': [0, 'OK', {}]}, '190': {'Retries': 1, 'Restarts': 0, 'SiteHistory': ['Unknown', 'T2_EE_Estonia', 'T2_EE_Estonia', 'T2_DE_RWTH', 'T2_DE_RWTH'], 'ResidentSetSize': [2045092, 720736], 'SubmitTimes': [1772161710.0, 1772170069.0], 'StartTimes': [1772162972.0, 1772170106.0], 'EndTimes': [1772166393.0, 1772173417.0], 'TotalUserCpuTimeHistory': [4684, 4588], 'TotalSysCpuTimeHistory': [795, 752], 'WallDurations': [8.0, 288.4985866546631, 3421.0, 8.0, 3311.0], 'JobIds': ['141680316.0', '141681722.0'], 'State': 'finished', 'RecordedSite': True, 'Error': [0, 'OK', {}]}, '191': {'Retries': 2, 'Restarts': 0, 'SiteHistory': ['Unknown', 'T2_IT_Pisa', 'T2_IT_Pisa', 'Unknown', 'T2_TR_METU', 'T2_TR_METU', 'Unknown'], 'ResidentSetSize': [704712, 642736, 0], 'SubmitTimes': [1772161710.0, 1772171107.0, 1772202885.0], 'StartTimes': [1772162972.0, 1772171369.0], 'EndTimes': [1772167437.0, 1772179320.0], 'TotalUserCpuTimeHistory': [6781, 7981, 0.0], 'TotalSysCpuTimeHistory': [1094, 3255, 0.0], 'WallDurations': [9.0, 288.4985866546631, 4465.0, 9.0, 270.4757122993469, 7951.0, 0], 'JobIds': ['141680317.0', '141681881.0', '141707209.0'], 'State': 'cooloff', 'RecordedSite': False, 'Error': [90000, "Got recoverable stageout exception:\nStageout failed with code 1.\nThere were 3 failed/killed stageout jobs.\nFailure reasons (per document) follow:\n- 9b6bcae41ff188013339034f79820ac2bf9078c5e784a9205ad31a67:\n  -----> ASO log start -----\n  ['TRANSFER [5] TRANSFER ERROR: Copy failed (3rd pull). Last attempt: copy HTTP 500 : Unexpected server error: 500 [...CUT...] Full log at https://fts3-cms.cern.ch:8449/fts3/ftsmon/#/job/19e72a16-13b3-11f1-86ad-fa163e255442']\n  <----- ASO log finish ----\n  The last failure reason is recoverable.\n- a65807812d61c3c94334b239f27e37a09bd6d3f9791aa90da42f9c8c:\n  -----> ASO log start -----\n  ['TRANSFER [5] TRANSFER ERROR: Copy failed (3rd pull). Last attempt: copy HTTP 500 : Unexpected server error: 500 [...CUT...] Full log at https://fts3-cms.cern.ch:8449/fts3/ftsmon/#/job/19e72a16-13b3-11f1-86ad-fa163e255442']\n  <----- ASO log finish ----\n  The last failure reason is recoverable.\n- 1fe3d49aa2c4a1e0fb32c816f67fbca126d82ab61bfd837e87ec3aa6:\n  -----> ASO log start -----\n  ['TRANSFER [5] TRANSFER ERROR: Copy failed (3rd pull). Last attempt: copy HTTP 500 : Unexpected server error: 500 [...CUT...] Full log at https://fts3-cms.cern.ch:8449/fts3/ftsmon/#/job/19e72a16-13b3-11f1-86ad-fa163e255442']\n  <----- ASO log finish ----\n  The last failure reason is recoverable.", {}]}, '192': {'Retries': 0, 'Restarts': 0, 'SiteHistory': ['Unknown', 'T2_UK_SGrid_RALPP', 'T2_UK_SGrid_RALPP'], 'ResidentSetSize': [679232], 'SubmitTimes': [1772161710.0], 'StartTimes': [1772162972.0], 'EndTimes': [1772166103.0], 'TotalUserCpuTimeHistory': [3780], 'TotalSysCpuTimeHistory': [1037], 'WallDurations': [9.0, 288.4985866546631, 3131.0], 'JobIds': ['141680318.0'], 'State': 'finished', 'RecordedSite': True, 'Error': [0, 'OK', {}]}, '193': {'Retries': 2, 'Restarts': 0, 'SiteHistory': ['Unknown', 'T2_IT_Rome', 'T2_IT_Rome', 'T2_DE_RWTH', 'T2_DE_RWTH', 'Unknown', 'T2_CH_CERN', 'T2_CH_CERN'], 'ResidentSetSize': [539012, 766708, 755384], 'SubmitTimes': [1772161710.0, 1772168841.0, 1772178873.0], 'StartTimes': [1772162970.0, 1772168862.0, 1772178935.0], 'EndTimes': [1772165168.0, 1772171535.0, 1772181060.0], 'TotalUserCpuTimeHistory': [3136, 3268, 2527], 'TotalSysCpuTimeHistory': [489, 361, 757], 'WallDurations': [8.0, 290.4985866546631, 2198.0, 9.0, 2673.0, 9.0, 261.82414054870605, 2125.0], 'JobIds': ['141680319.0', '141681572.0', '141685868.0'], 'State': 'transferring', 'RecordedSite': True, 'Error': [90000, "Got recoverable stageout exception:\nStageout failed with code 1.\nThere were 1 failed/killed stageout jobs.\nFailure reasons (per document) follow:\n- fb8020202fe147959753423fdc8b6fafa739153306f87173b9be64d5:\n  -----> ASO log start -----\n  ['DESTINATION [110] timeout of 900s [...CUT...] Full log at https://fts3-cms.cern.ch:8449/fts3/ftsmon/#/job/bbe0dec4-13a0-11f1-8f1c-fa163e4409e3']\n  <----- ASO log finish ----\n  The last failure reason is recoverable.", {}]}, '194': {'Retries': 2, 'Restarts': 0, 'SiteHistory': ['Unknown', 'T2_FR_IPHC', 'T2_FR_IPHC', 'T2_TR_METU', 'T2_TR_METU', 'T2_CH_CERN', 'T2_CH_CERN'], 'ResidentSetSize': [711788, 1307088, 751456], 'SubmitTimes': [1772161710.0, 1772169763.0, 1772183924.0], 'StartTimes': [1772162970.0, 1772169824.0, 1772183944.0], 'EndTimes': [1772166088.0, 1772174784.0, 1772186794.0], 'TotalUserCpuTimeHistory': [3204, 5860, 3138], 'TotalSysCpuTimeHistory': [884, 1895, 1084], 'WallDurations': [9.0, 290.4985866546631, 3118.0, 11.0, 4960.0, 9.0, 2850.0], 'JobIds': ['141680320.0', '141681681.0', '141686468.0'], 'State': 'transferring', 'RecordedSite': True, 'Error': [90000, "Got recoverable stageout exception:\nStageout failed with code 1.\nThere were 3 failed/killed stageout jobs.\nFailure reasons (per document) follow:\n- 25af5a3726da3fa3c3da1cf8e219dfcb526453cb7f4d57af07c6a505:\n  -----> ASO log start -----\n  ['TRANSFER [5] TRANSFER ERROR: Copy failed (3rd pull). Last attempt: copy HTTP 500 : Unexpected server error: 500 [...CUT...] Full log at https://fts3-cms.cern.ch:8449/fts3/ftsmon/#/job/c3126854-13a8-11f1-9ac5-fa163e1db714']\n  <----- ASO log finish ----\n  The last failure reason is recoverable.\n- fc9f9f4e25cd0452059b6c48cd127cc7074523ea58616385272a034c:\n  -----> ASO log start -----\n  ['TRANSFER [5] TRANSFER ERROR: Copy failed (3rd pull). Last attempt: copy HTTP 500 : Unexpected server error: 500 [...CUT...] Full log at https://fts3-cms.cern.ch:8449/fts3/ftsmon/#/job/c3126854-13a8-11f1-9ac5-fa163e1db714']\n  <----- ASO log finish ----\n  The last failure reason is recoverable.\n- 53567920b9de96254543b67e3134a5d3096bd7e5c4ec7f0e21864e33:\n  -----> ASO log start -----\n  ['TRANSFER [5] TRANSFER ERROR: Copy failed (3rd pull). Last attempt: copy HTTP 500 : Unexpected server error: 500 [...CUT...] Full log at https://fts3-cms.cern.ch:8449/fts3/ftsmon/#/job/c3126854-13a8-11f1-9ac5-fa163e1db714']\n  <----- ASO log finish ----\n  The last failure reason is recoverable.", {}]}, '195': {'Retries': 1, 'Restarts': 0, 'SiteHistory': ['Unknown', 'T2_BE_IIHE', 'T2_BE_IIHE', 'T2_US_UCSD', 'T2_US_UCSD'], 'ResidentSetSize': [632484, 716540], 'SubmitTimes': [1772161710.0, 1772167972.0], 'StartTimes': [1772162972.0, 1772168007.0], 'EndTimes': [1772164301.0, 1772169845.0], 'TotalUserCpuTimeHistory': [1613, 2306], 'TotalSysCpuTimeHistory': [426, 571], 'WallDurations': [9.0, 288.4985866546631, 1329.0, 8.0, 1838.0], 'JobIds': ['141680321.0', '141681447.0'], 'State': 'finished', 'RecordedSite': True, 'Error': [0, 'OK', {}]}, '196': {'Retries': 0, 'Restarts': 0, 'SiteHistory': ['Unknown', 'T2_UK_SGrid_RALPP', 'T2_UK_SGrid_RALPP'], 'ResidentSetSize': [2973952], 'SubmitTimes': [1772161710.0], 'StartTimes': [1772162972.0], 'EndTimes': [1772166634.0], 'TotalUserCpuTimeHistory': [4208], 'TotalSysCpuTimeHistory': [1210], 'WallDurations': [9.0, 288.4985866546631, 3662.0], 'JobIds': ['141680322.0'], 'State': 'finished', 'RecordedSite': True, 'Error': [0, 'OK', {}]}, '197': {'Retries': 2, 'Restarts': 0, 'SiteHistory': ['Unknown', 'T2_FR_GRIF', 'T2_FR_GRIF', 'Unknown', 'T2_TR_METU', 'T2_TR_METU', 'Unknown', 'T2_CH_CERN', 'T2_CH_CERN'], 'ResidentSetSize': [784884, 2201208, 619352], 'SubmitTimes': [1772161710.0, 1772176656.0, 1772186666.0], 'StartTimes': [1772162970.0, 1772176669.0, 1772186870.0], 'EndTimes': [1772167578.0, 1772179323.0, 1772191565.0], 'TotalUserCpuTimeHistory': [5841, 3560, 4568], 'TotalSysCpuTimeHistory': [1084, 791, 590], 'WallDurations': [9.0, 290.4985866546631, 4608.0, 10.0, 309.0988185405731, 2654.0, 9.0, 165.76712083816528, 4695.0], 'JobIds': ['141680323.0', '141685668.0', '141691641.0'], 'State': 'transferring', 'RecordedSite': True, 'Error': [90000, "Got recoverable stageout exception:\nStageout failed with code 1.\nThere were 3 failed/killed stageout jobs.\nFailure reasons (per document) follow:\n- 4ca7cc5233ba507f10633071332087e5753fc29bbdac4d099cc87e64:\n  -----> ASO log start -----\n  ['TRANSFER [5] TRANSFER ERROR: Copy failed (3rd pull). Last attempt: copy HTTP 500 : Unexpected server error: 500 [...CUT...] Full log at https://fts3-cms.cern.ch:8449/fts3/ftsmon/#/job/19e72a16-13b3-11f1-86ad-fa163e255442']\n  <----- ASO log finish ----\n  The last failure reason is recoverable.\n- 2bc25d8fd72d8719981c56e688582d5b520e716d9c38d4f5d251d95c:\n  -----> ASO log start -----\n  ['TRANSFER [5] TRANSFER ERROR: Copy failed (3rd pull). Last attempt: copy HTTP 500 : Unexpected server error: 500 [...CUT...] Full log at https://fts3-cms.cern.ch:8449/fts3/ftsmon/#/job/19e72a16-13b3-11f1-86ad-fa163e255442']\n  <----- ASO log finish ----\n  The last failure reason is recoverable.\n- 6c02ec7738f150019c2a701cab54a89e12771426d8facae968802117:\n  -----> ASO log start -----\n  ['TRANSFER [5] TRANSFER ERROR: Copy failed (3rd pull). Last attempt: copy HTTP 500 : Unexpected server error: 500 [...CUT...] Full log at https://fts3-cms.cern.ch:8449/fts3/ftsmon/#/job/19e72a16-13b3-11f1-86ad-fa163e255442']\n  <----- ASO log finish ----\n  The last failure reason is recoverable.", {}]}, '198': {'Retries': 2, 'Restarts': 0, 'SiteHistory': ['Unknown', 'T2_FR_GRIF', 'T2_FR_GRIF', 'T2_TR_METU', 'T2_TR_METU', 'T2_CH_CERN', 'T2_CH_CERN'], 'ResidentSetSize': [744020, 735492, 622240], 'SubmitTimes': [1772161710.0, 1772174780.0, 1772190189.0], 'StartTimes': [1772162970.0, 1772174910.0, 1772190283.0], 'EndTimes': [1772167509.0, 1772179252.0, 1772192256.0], 'TotalUserCpuTimeHistory': [5619, 5339, 2378], 'TotalSysCpuTimeHistory': [932, 1587, 743], 'WallDurations': [8.0, 290.4985866546631, 4539.0, 10.0, 4342.0, 10.0, 1973.0], 'JobIds': ['141680324.0', '141685411.0', '141695442.0'], 'State': 'transferring', 'RecordedSite': True, 'Error': [90000, "Got recoverable stageout exception:\nStageout failed with code 1.\nThere were 3 failed/killed stageout jobs.\nFailure reasons (per document) follow:\n- 619ecbccd7c2eaabd39299a8128dce3186a54c584d67e9dd37805e2a:\n  -----> ASO log start -----\n  ['TRANSFER [5] TRANSFER ERROR: Copy failed (3rd pull). Last attempt: copy HTTP 500 : Unexpected server error: 500 [...CUT...] Full log at https://fts3-cms.cern.ch:8449/fts3/ftsmon/#/job/19e72a16-13b3-11f1-86ad-fa163e255442']\n  <----- ASO log finish ----\n  The last failure reason is recoverable.\n- 6719bd27d5f8dd5ab638dc2ff8a8447858c15343f5ce6abc495ecf4a:\n  -----> ASO log start -----\n  ['TRANSFER [5] TRANSFER ERROR: Copy failed (3rd pull). Last attempt: copy HTTP 500 : Unexpected server error: 500 [...CUT...] Full log at https://fts3-cms.cern.ch:8449/fts3/ftsmon/#/job/19e72a16-13b3-11f1-86ad-fa163e255442']\n  <----- ASO log finish ----\n  The last failure reason is recoverable.\n- 9e709201534f8884e2fce74b1a9d4c73bea3b078b137b8af4c1185cf:\n  -----> ASO log start -----\n  ['TRANSFER [5] TRANSFER ERROR: Copy failed (3rd pull). Last attempt: copy HTTP 500 : Unexpected server error: 500 [...CUT...] Full log at https://fts3-cms.cern.ch:8449/fts3/ftsmon/#/job/19e72a16-13b3-11f1-86ad-fa163e255442']\n  <----- ASO log finish ----\n  The last failure reason is recoverable.", {}]}, '199': {'Retries': 1, 'Restarts': 0, 'SiteHistory': ['Unknown', 'T2_FR_IPHC', 'T2_FR_IPHC', 'T3_KR_KNU', 'T3_KR_KNU'], 'ResidentSetSize': [758288, 759752], 'SubmitTimes': [1772161710.0, 1772168278.0], 'StartTimes': [1772162972.0, 1772168294.0], 'EndTimes': [1772164604.0, 1772171259.0], 'TotalUserCpuTimeHistory': [2035, 4232], 'TotalSysCpuTimeHistory': [602, 1310], 'WallDurations': [8.0, 288.4985866546631, 1632.0, 9.0, 2965.0], 'JobIds': ['141680325.0', '141681488.0'], 'State': 'finished', 'RecordedSite': True, 'Error': [0, 'OK', {}]}, '200': {'Retries': 1, 'Restarts': 0, 'SiteHistory': ['Unknown', 'T2_BE_IIHE', 'T2_BE_IIHE', 'T3_KR_KNU', 'T3_KR_KNU'], 'ResidentSetSize': [659456, 753784], 'SubmitTimes': [1772161710.0, 1772168921.0], 'StartTimes': [1772162972.0, 1772168933.0], 'EndTimes': [1772165243.0, 1772172127.0], 'TotalUserCpuTimeHistory': [2785, 4518], 'TotalSysCpuTimeHistory': [789, 1444], 'WallDurations': [9.0, 288.4985866546631, 2271.0, 9.0, 3194.0], 'JobIds': ['141680326.0', '141681581.0'], 'State': 'finished', 'RecordedSite': True, 'Error': [0, 'OK', {}]}, '201': {'Retries': 1, 'Restarts': 0, 'SiteHistory': ['Unknown', 'T2_IT_Legnaro', 'T2_IT_Legnaro', 'T3_KR_KNU', 'T3_KR_KNU'], 'ResidentSetSize': [661628, 742868], 'SubmitTimes': [1772161710.0, 1772168183.0], 'StartTimes': [1772162972.0, 1772168199.0], 'EndTimes': [1772164511.0, 1772171000.0], 'TotalUserCpuTimeHistory': [1954, 3941], 'TotalSysCpuTimeHistory': [447, 1211], 'WallDurations': [9.0, 288.4985866546631, 1539.0, 9.0, 2801.0], 'JobIds': ['141680327.0', '141681470.0'], 'State': 'finished', 'RecordedSite': True, 'Error': [0, 'OK', {}]}, '202': {'Retries': 1, 'Restarts': 0, 'SiteHistory': ['Unknown', 'T2_IT_Rome', 'T2_IT_Rome', 'T2_BE_IIHE', 'T2_BE_IIHE'], 'ResidentSetSize': [624476, 678152], 'SubmitTimes': [1772161710.0, 1772168279.0], 'StartTimes': [1772162972.0, 1772168289.0], 'EndTimes': [1772164610.0, 1772170252.0], 'TotalUserCpuTimeHistory': [2537, 2465], 'TotalSysCpuTimeHistory': [394, 770], 'WallDurations': [8.0, 288.4985866546631, 1638.0, 9.0, 1963.0], 'JobIds': ['141680328.0', '141681489.0'], 'State': 'transferring', 'RecordedSite': True, 'Error': [90000, "Got recoverable stageout exception:\nStageout failed with code 1.\nThere were 3 failed/killed stageout jobs.\nFailure reasons (per document) follow:\n- 5b7ef7857e9a7492bd64c5c3cd4576004fcc6f407a53c75d23379248:\n  -----> ASO log start -----\n  ['TRANSFER [5] TRANSFER ERROR: Copy failed (3rd pull). Last attempt: copy HTTP 500 : Unexpected server error: 500 [...CUT...] Full log at https://fts3-cms.cern.ch:8449/fts3/ftsmon/#/job/b5b8e38a-1390-11f1-a498-fa163e4409e3']\n  <----- ASO log finish ----\n  The last failure reason is recoverable.\n- c6b79c07cb449c86e709b72315460e634e7723b3caa7b5a9cb50747e:\n  -----> ASO log start -----\n  ['TRANSFER [5] TRANSFER ERROR: Copy failed (3rd pull). Last attempt: copy HTTP 500 : Unexpected server error: 500 [...CUT...] Full log at https://fts3-cms.cern.ch:8449/fts3/ftsmon/#/job/b5b8e38a-1390-11f1-a498-fa163e4409e3']\n  <----- ASO log finish ----\n  The last failure reason is recoverable.\n- 9b0807e671af5704ebc1cc98bd663cb5662d69dd722397c4acf83c45:\n  -----> ASO log start -----\n  ['TRANSFER [5] TRANSFER ERROR: Copy failed (3rd pull). Last attempt: copy HTTP 500 : Unexpected server error: 500 [...CUT...] Full log at https://fts3-cms.cern.ch:8449/fts3/ftsmon/#/job/b5b8e38a-1390-11f1-a498-fa163e4409e3']\n  <----- ASO log finish ----\n  The last failure reason is recoverable.", {}]}, '203': {'Retries': 1, 'Restarts': 0, 'SiteHistory': ['Unknown', 'T2_FR_IPHC', 'T2_FR_IPHC', 'T2_US_Wisconsin', 'T2_US_Wisconsin'], 'ResidentSetSize': [685556, 742228], 'SubmitTimes': [1772161710.0, 1772167936.0], 'StartTimes': [1772162972.0, 1772167946.0], 'EndTimes': [1772164260.0, 1772171956.0], 'TotalUserCpuTimeHistory': [1591, 5618], 'TotalSysCpuTimeHistory': [392, 1212], 'WallDurations': [8.0, 288.4985866546631, 1288.0, 9.0, 4010.0], 'JobIds': ['141680329.0', '141681444.0'], 'State': 'finished', 'RecordedSite': True, 'Error': [0, 'OK', {}]}, '204': {'Retries': 1, 'Restarts': 0, 'SiteHistory': ['Unknown', 'T2_IT_Bari', 'T2_IT_Bari', 'T3_US_FNALLPC', 'T3_US_FNALLPC'], 'ResidentSetSize': [3642272, 2443616], 'SubmitTimes': [1772161710.0, 1772182373.0], 'StartTimes': [1772162974.0, 1772182424.0], 'EndTimes': [1772171488.0, 1772185721.0], 'TotalUserCpuTimeHistory': [6220, 4675], 'TotalSysCpuTimeHistory': [3444, 788], 'WallDurations': [10.0, 286.4985866546631, 8514.0, 9.0, 3297.0], 'JobIds': ['141680330.0', '141686312.0'], 'State': 'finished', 'RecordedSite': True, 'Error': [0, 'OK', {}]}, '205': {'Retries': 1, 'Restarts': 0, 'SiteHistory': ['Unknown', 'T2_BE_UCL', 'T2_BE_UCL', 'Unknown', 'T2_US_Wisconsin', 'T2_US_Wisconsin'], 'ResidentSetSize': [675488, 3674920], 'SubmitTimes': [1772161710.0, 1772169345.0], 'StartTimes': [1772162972.0, 1772169556.0], 'EndTimes': [1772165671.0, 1772172895.0], 'TotalUserCpuTimeHistory': [2509, 4592], 'TotalSysCpuTimeHistory': [96, 1262], 'WallDurations': [9.0, 288.4985866546631, 2699.0, 9.0, 192.87106704711914, 3339.0], 'JobIds': ['141680331.0', '141681639.0'], 'State': 'finished', 'RecordedSite': True, 'Error': [0, 'OK', {}]}, '218': {'Retries': 1, 'Restarts': 0, 'SiteHistory': ['Unknown', 'T2_FR_IPHC', 'T2_FR_IPHC', 'T2_CH_CERN', 'T2_CH_CERN'], 'ResidentSetSize': [752808, 687928], 'SubmitTimes': [1772161710.0, 1772168223.0], 'StartTimes': [1772162972.0, 1772168234.0], 'EndTimes': [1772164550.0, 1772170770.0], 'TotalUserCpuTimeHistory': [1846, 2819], 'TotalSysCpuTimeHistory': [545, 809], 'WallDurations': [9.0, 288.4985866546631, 1578.0, 10.0, 2536.0], 'JobIds': ['141680332.0', '141681478.0'], 'State': 'finished', 'RecordedSite': True, 'Error': [0, 'OK', {}]}, '225': {'Retries': 2, 'Restarts': 0, 'SiteHistory': ['Unknown', 'T2_BE_UCL', 'T2_BE_UCL', 'T2_TR_METU', 'T2_TR_METU', 'T2_CH_CERN', 'T2_CH_CERN'], 'ResidentSetSize': [3681540, 722016, 716576], 'SubmitTimes': [1772161710.0, 1772169153.0, 1772182139.0], 'StartTimes': [1772162972.0, 1772169200.0, 1772182154.0], 'EndTimes': [1772165479.0, 1772173005.0, 1772184064.0], 'TotalUserCpuTimeHistory': [1316, 5252, 2321], 'TotalSysCpuTimeHistory': [41, 1549, 689], 'WallDurations': [9.0, 288.4985866546631, 2507.0, 9.0, 3805.0, 8.0, 1910.0], 'JobIds': ['141680333.0', '141681611.0', '141686280.0'], 'State': 'transferring', 'RecordedSite': True, 'Error': [90000, "Got recoverable stageout exception:\nStageout failed with code 1.\nThere were 3 failed/killed stageout jobs.\nFailure reasons (per document) follow:\n- 22251a3dbb2a7604ba9d67da910d6277d83880dcaba9862434f61475:\n  -----> ASO log start -----\n  ['TRANSFER [5] TRANSFER ERROR: Copy failed (3rd pull). Last attempt: copy HTTP 500 : Unexpected server error: 500 [...CUT...] Full log at https://fts3-cms.cern.ch:8449/fts3/ftsmon/#/job/5fd70690-13a4-11f1-a0d4-fa163e4409e3']\n  <----- ASO log finish ----\n  The last failure reason is recoverable.\n- 3c01936a71a70003d609bf7d792c1f09c991704c172412c9d08348c7:\n  -----> ASO log start -----\n  ['TRANSFER [5] TRANSFER ERROR: Copy failed (3rd pull). Last attempt: copy HTTP 500 : Unexpected server error: 500 [...CUT...] Full log at https://fts3-cms.cern.ch:8449/fts3/ftsmon/#/job/5fd70690-13a4-11f1-a0d4-fa163e4409e3']\n  <----- ASO log finish ----\n  The last failure reason is recoverable.\n- c31e46942a86bbd0801a8e647ec1c40df08830aead734ee12bc49fbc:\n  -----> ASO log start -----\n  ['TRANSFER [5] TRANSFER ERROR: Copy failed (3rd pull). Last attempt: copy HTTP 500 : Unexpected server error: 500 [...CUT...] Full log at https://fts3-cms.cern.ch:8449/fts3/ftsmon/#/job/5fd70690-13a4-11f1-a0d4-fa163e4409e3']\n  <----- ASO log finish ----\n  The last failure reason is recoverable.", {}]}, '212': {'Retries': 0, 'Restarts': 0, 'SiteHistory': ['Unknown', 'T2_UK_SGrid_RALPP', 'T2_UK_SGrid_RALPP'], 'ResidentSetSize': [683992], 'SubmitTimes': [1772161710.0], 'StartTimes': [1772162972.0], 'EndTimes': [1772165447.0], 'TotalUserCpuTimeHistory': [3086], 'TotalSysCpuTimeHistory': [824], 'WallDurations': [9.0, 288.4985866546631, 2475.0], 'JobIds': ['141680334.0'], 'State': 'finished', 'RecordedSite': True, 'Error': [0, 'OK', {}]}, '216': {'Retries': 1, 'Restarts': 0, 'SiteHistory': ['Unknown', 'T2_BE_UCL', 'T2_BE_UCL', 'T2_CH_CERN', 'T2_CH_CERN'], 'ResidentSetSize': [1125012, 738360], 'SubmitTimes': [1772161710.0, 1772167978.0], 'StartTimes': [1772162972.0, 1772168021.0], 'EndTimes': [1772164307.0, 1772170324.0], 'TotalUserCpuTimeHistory': [1721, 2796], 'TotalSysCpuTimeHistory': [133, 848], 'WallDurations': [9.0, 288.4985866546631, 1335.0, 8.0, 2303.0], 'JobIds': ['141680335.0', '141681449.0'], 'State': 'finished', 'RecordedSite': True, 'Error': [0, 'OK', {}]}, '214': {'Retries': 2, 'Restarts': 0, 'SiteHistory': ['Unknown', 'T2_FR_IPHC', 'T2_FR_IPHC', 'T2_BE_UCL', 'T2_BE_UCL', 'T2_CH_CERN', 'T2_CH_CERN'], 'ResidentSetSize': [684116, 668676, 723376], 'SubmitTimes': [1772161710.0, 1772168379.0, 1772180195.0], 'StartTimes': [1772162972.0, 1772168384.0, 1772180256.0], 'EndTimes': [1772164706.0, 1772171048.0, 1772182192.0], 'TotalUserCpuTimeHistory': [2132, 2873, 2359], 'TotalSysCpuTimeHistory': [535, 204, 684], 'WallDurations': [8.0, 288.4985866546631, 1734.0, 8.0, 2664.0, 10.0, 1936.0], 'JobIds': ['141680336.0', '141681501.0', '141686021.0'], 'State': 'transferring', 'RecordedSite': True, 'Error': [90000, "Got recoverable stageout exception:\nStageout failed with code 1.\nThere were 3 failed/killed stageout jobs.\nFailure reasons (per document) follow:\n- e7b6490f8f3b92d98d91a8e4742f22c2a02f83192f07e5bf905450ff:\n  -----> ASO log start -----\n  ['TRANSFER [5] TRANSFER ERROR: Copy failed (3rd pull). Last attempt: copy HTTP 500 : Unexpected server error: 500 [...CUT...] Full log at https://fts3-cms.cern.ch:8449/fts3/ftsmon/#/job/0291069c-13a0-11f1-a5ac-fa163e6c8d57']\n  <----- ASO log finish ----\n  The last failure reason is recoverable.\n- 4572cfb110aad0039d316308a931e2d0fcba53d8181d43c0b7843b08:\n  -----> ASO log start -----\n  ['TRANSFER [5] TRANSFER ERROR: Copy failed (3rd pull). Last attempt: copy HTTP 500 : Unexpected server error: 500 [...CUT...] Full log at https://fts3-cms.cern.ch:8449/fts3/ftsmon/#/job/0291069c-13a0-11f1-a5ac-fa163e6c8d57']\n  <----- ASO log finish ----\n  The last failure reason is recoverable.\n- e12ef972ee0f5ede6a09bc8d43193d4f9a9e063593b4be214d339dee:\n  -----> ASO log start -----\n  ['TRANSFER [5] TRANSFER ERROR: Copy failed (3rd pull). Last attempt: copy HTTP 500 : Unexpected server error: 500 [...CUT...] Full log at https://fts3-cms.cern.ch:8449/fts3/ftsmon/#/job/0291069c-13a0-11f1-a5ac-fa163e6c8d57']\n  <----- ASO log finish ----\n  The last failure reason is recoverable.", {}]}, '209': {'Retries': 1, 'Restarts': 0, 'SiteHistory': ['Unknown', 'T2_DE_RWTH', 'T2_DE_RWTH', 'T2_CH_CERN', 'T2_CH_CERN'], 'ResidentSetSize': [776572, 664632], 'SubmitTimes': [1772161710.0, 1772178098.0], 'StartTimes': [1772162972.0, 1772178179.0], 'EndTimes': [1772170813.0, 1772180345.0], 'TotalUserCpuTimeHistory': [10215, 2643], 'TotalSysCpuTimeHistory': [3147, 806], 'WallDurations': [9.0, 288.4985866546631, 7841.0, 9.0, 2166.0], 'JobIds': ['141680337.0', '141685781.0'], 'State': 'transferring', 'RecordedSite': True, 'Error': [90000, "Got recoverable stageout exception:\nStageout failed with code 1.\nThere were 1 failed/killed stageout jobs.\nFailure reasons (per document) follow:\n- 3781261a6d22261e8692ccf0d000edaba24549396c427ab9cea74228:\n  -----> ASO log start -----\n  ['DESTINATION [110] timeout of 900s [...CUT...] Full log at https://fts3-cms.cern.ch:8449/fts3/ftsmon/#/job/48527720-139f-11f1-abdb-fa163e6c8d57']\n  <----- ASO log finish ----\n  The last failure reason is recoverable.", {}]}, '221': {'Retries': 1, 'Restarts': 0, 'SiteHistory': ['Unknown', 'T2_BE_UCL', 'T2_BE_UCL', 'T2_US_Florida', 'T2_US_Florida'], 'ResidentSetSize': [723092, 691440], 'SubmitTimes': [1772161710.0, 1772170064.0], 'StartTimes': [1772162972.0, 1772170103.0], 'EndTimes': [1772166387.0, 1772171633.0], 'TotalUserCpuTimeHistory': [2288, 2199], 'TotalSysCpuTimeHistory': [74, 232], 'WallDurations': [9.0, 288.4985866546631, 3415.0, 9.0, 1530.0], 'JobIds': ['141680338.0', '141681721.0'], 'State': 'finished', 'RecordedSite': True, 'Error': [0, 'OK', {}]}, '208': {'Retries': 2, 'Restarts': 0, 'SiteHistory': ['Unknown', 'T2_CH_CSCS', 'T2_CH_CSCS', 'Unknown', 'T3_KR_KNU', 'T3_KR_KNU', 'Unknown', 'T2_CH_CERN', 'T2_CH_CERN'], 'ResidentSetSize': [708480, 749740, 650748], 'SubmitTimes': [1772161710.0, 1772168475.0, 1772178862.0], 'StartTimes': [1772162971.0, 1772168497.0, 1772178936.0], 'EndTimes': [1772164794.0, 1772171524.0, 1772180621.0], 'TotalUserCpuTimeHistory': [2253, 4242, 2045], 'TotalSysCpuTimeHistory': [574, 1325, 601], 'WallDurations': [9.0, 289.4985866546631, 1823.0, 9.0, 306.0206069946289, 3027.0, 8.0, 260.82414054870605, 1685.0], 'JobIds': ['141680339.0', '141681529.0', '141685865.0'], 'State': 'transferring', 'RecordedSite': True, 'Error': [90000, "Got recoverable stageout exception:\nStageout failed with code 1.\nThere were 1 failed/killed stageout jobs.\nFailure reasons (per document) follow:\n- bfed49bb12910ba9f22dc3102cec33cdcb95c484914ebf582adb60cf:\n  -----> ASO log start -----\n  ['DESTINATION [110] timeout of 900s [...CUT...] Full log at https://fts3-cms.cern.ch:8449/fts3/ftsmon/#/job/bc14eb2e-13a0-11f1-8f1c-fa163e4409e3']\n  <----- ASO log finish ----\n  The last failure reason is recoverable.", {}]}, '222': {'Retries': 1, 'Restarts': 0, 'SiteHistory': ['Unknown', 'T2_FR_IPHC', 'T2_FR_IPHC', 'Unknown', 'T2_CH_CERN', 'T2_CH_CERN'], 'ResidentSetSize': [681984, 2633352], 'SubmitTimes': [1772161710.0, 1772168475.0], 'StartTimes': [1772162972.0, 1772168489.0], 'EndTimes': [1772164796.0, 1772170888.0], 'TotalUserCpuTimeHistory': [2280, 2772], 'TotalSysCpuTimeHistory': [561, 879], 'WallDurations': [9.0, 288.4985866546631, 1824.0, 308.0, 314.0206069946289, 2399.0], 'JobIds': ['141680340.0', '141681528.0'], 'State': 'finished', 'RecordedSite': True, 'Error': [0, 'OK', {}]}, '215': {'Retries': 0, 'Restarts': 0, 'SiteHistory': ['Unknown', 'T2_CH_CSCS', 'T2_CH_CSCS'], 'ResidentSetSize': [685144], 'SubmitTimes': [1772161710.0], 'StartTimes': [1772162971.0], 'EndTimes': [1772164863.0], 'TotalUserCpuTimeHistory': [2370], 'TotalSysCpuTimeHistory': [623], 'WallDurations': [8.0, 289.4985866546631, 1892.0], 'JobIds': ['141680341.0'], 'State': 'finished', 'RecordedSite': True, 'Error': [0, 'OK', {}]}, '219': {'Retries': 0, 'Restarts': 0, 'SiteHistory': ['Unknown', 'T2_CH_CSCS', 'T2_CH_CSCS'], 'ResidentSetSize': [689064], 'SubmitTimes': [1772161710.0], 'StartTimes': [1772162972.0], 'EndTimes': [1772165145.0], 'TotalUserCpuTimeHistory': [2557], 'TotalSysCpuTimeHistory': [698], 'WallDurations': [9.0, 288.4985866546631, 2173.0], 'JobIds': ['141680342.0'], 'State': 'finished', 'RecordedSite': True, 'Error': [0, 'OK', {}]}, '211': {'Retries': 2, 'Restarts': 0, 'SiteHistory': ['Unknown', 'T2_FR_IPHC', 'T2_FR_IPHC', 'T3_KR_KNU', 'T3_KR_KNU', 'T2_CH_CERN', 'T2_CH_CERN'], 'ResidentSetSize': [801404, 743680, 694884], 'SubmitTimes': [1772161710.0, 1772169128.0, 1772181742.0], 'StartTimes': [1772162971.0, 1772169164.0, 1772181745.0], 'EndTimes': [1772165452.0, 1772174403.0, 1772183948.0], 'TotalUserCpuTimeHistory': [2814, 7323, 2599], 'TotalSysCpuTimeHistory': [438, 2160, 818], 'WallDurations': [9.0, 289.4985866546631, 2481.0, 9.0, 5239.0, 8.0, 2203.0], 'JobIds': ['141680343.0', '141681606.0', '141686223.0'], 'State': 'transferring', 'RecordedSite': True, 'Error': [90000, "Got recoverable stageout exception:\nStageout failed with code 1.\nThere were 2 failed/killed stageout jobs.\nFailure reasons (per document) follow:\n- 358f0d51f624312df94c414a599eb96f855133ade56a20b94ac8c8d0:\n  -----> ASO log start -----\n  ['DESTINATION [5] HTTP 500 : Unexpected server error: 500 [...CUT...] Full log at https://fts3-cms.cern.ch:8449/fts3/ftsmon/#/job/4c4636ac-13a7-11f1-8e8a-fa163e255442']\n  <----- ASO log finish ----\n  The last failure reason is recoverable.\n- 387da9c1fa113ce3f85f1d92bb7e61143991642eeb10bc975c4e60ea:\n  -----> ASO log start -----\n  ['DESTINATION [5] HTTP 500 : Unexpected server error: 500 [...CUT...] Full log at https://fts3-cms.cern.ch:8449/fts3/ftsmon/#/job/4c4636ac-13a7-11f1-8e8a-fa163e255442']\n  <----- ASO log finish ----\n  The last failure reason is recoverable.", {}]}, '224': {'Retries': 0, 'Restarts': 0, 'SiteHistory': ['Unknown', 'T2_DE_RWTH', 'T2_DE_RWTH'], 'ResidentSetSize': [3674052], 'SubmitTimes': [1772161710.0], 'StartTimes': [1772162973.0], 'EndTimes': [1772172224.0], 'TotalUserCpuTimeHistory': [11977], 'TotalSysCpuTimeHistory': [4265], 'WallDurations': [8.0, 287.4985866546631, 9251.0], 'JobIds': ['141680344.0'], 'State': 'finished', 'RecordedSite': True, 'Error': [0, 'OK', {}]}, '217': {'Retries': 2, 'Restarts': 0, 'SiteHistory': ['Unknown', 'T2_IT_Bari', 'T2_IT_Bari', 'T2_TR_METU', 'T2_TR_METU', 'Unknown', 'T2_US_Nebraska', 'T2_US_Nebraska'], 'ResidentSetSize': [2078920, 3674748, 636400], 'SubmitTimes': [1772161710.0, 1772179659.0, 1772202300.0], 'StartTimes': [1772162973.0, 1772179721.0, 1772202360.0], 'EndTimes': [1772168777.0, 1772182339.0], 'TotalUserCpuTimeHistory': [5259, 3580, 261.0], 'TotalSysCpuTimeHistory': [2391, 797, 70.0], 'WallDurations': [9.0, 287.4985866546631, 5804.0, 9.0, 2618.0, 9.0, 294.2649745941162, 309.0], 'JobIds': ['141680345.0', '141685951.0', '141707069.0'], 'State': 'running', 'RecordedSite': True, 'Error': [90000, "Got recoverable stageout exception:\nStageout failed with code 1.\nThere were 3 failed/killed stageout jobs.\nFailure reasons (per document) follow:\n- 8a5c25da439909eaaa0841293164824802f5d4c6720387fc36990cfc:\n  -----> ASO log start -----\n  ['TRANSFER [5] TRANSFER ERROR: Copy failed (3rd pull). Last attempt: copy HTTP 500 : Unexpected server error: 500 [...CUT...] Full log at https://fts3-cms.cern.ch:8449/fts3/ftsmon/#/job/a8ece0ba-13b9-11f1-b140-fa163e9e00e6']\n  <----- ASO log finish ----\n  The last failure reason is recoverable.\n- aee40a3b8bdb10481759800d73acd04a271da2538cb3d8347c254276:\n  -----> ASO log start -----\n  ['TRANSFER [5] TRANSFER ERROR: Copy failed (3rd pull). Last attempt: copy HTTP 500 : Unexpected server error: 500 [...CUT...] Full log at https://fts3-cms.cern.ch:8449/fts3/ftsmon/#/job/a8ece0ba-13b9-11f1-b140-fa163e9e00e6']\n  <----- ASO log finish ----\n  The last failure reason is recoverable.\n- 57d91ab1cf30fec63f38e7a2438379ac65280a7e99072ba931ad70b8:\n  -----> ASO log start -----\n  ['TRANSFER [5] TRANSFER ERROR: Copy failed (3rd pull). Last attempt: copy HTTP 500 : Unexpected server error: 500 [...CUT...] Full log at https://fts3-cms.cern.ch:8449/fts3/ftsmon/#/job/a8ece0ba-13b9-11f1-b140-fa163e9e00e6']\n  <----- ASO log finish ----\n  The last failure reason is recoverable.", {}]}, '220': {'Retries': 1, 'Restarts': 0, 'SiteHistory': ['Unknown', 'T2_AT_Vienna', 'T2_AT_Vienna', 'T3_KR_KNU', 'T3_KR_KNU'], 'ResidentSetSize': [503564, 687780], 'SubmitTimes': [1772161710.0, 1772168952.0], 'StartTimes': [1772162972.0, 1772168984.0], 'EndTimes': [1772165286.0, 1772172340.0], 'TotalUserCpuTimeHistory': [3069, 4669], 'TotalSysCpuTimeHistory': [476, 961], 'WallDurations': [9.0, 288.4985866546631, 2314.0, 9.0, 3356.0], 'JobIds': ['141680346.0', '141681583.0'], 'State': 'finished', 'RecordedSite': True, 'Error': [0, 'OK', {}]}, '207': {'Retries': 2, 'Restarts': 0, 'SiteHistory': ['Unknown', 'T2_FR_IPHC', 'T2_FR_IPHC', 'T2_BE_UCL', 'T2_BE_UCL', 'T2_CH_CERN', 'T2_CH_CERN'], 'ResidentSetSize': [713928, 678948, 718404], 'SubmitTimes': [1772161711.0, 1772168434.0, 1772180291.0], 'StartTimes': [1772162972.0, 1772168468.0, 1772180303.0], 'EndTimes': [1772164757.0, 1772171143.0, 1772183229.0], 'TotalUserCpuTimeHistory': [2102, 1498, 3219], 'TotalSysCpuTimeHistory': [614, 70, 1039], 'WallDurations': [9.0, 288.4985866546631, 1785.0, 8.0, 2675.0, 8.0, 2926.0], 'JobIds': ['141680347.0', '141681521.0', '141686029.0'], 'State': 'transferring', 'RecordedSite': True, 'Error': [90000, "Got recoverable stageout exception:\nStageout failed with code 1.\nThere were 3 failed/killed stageout jobs.\nFailure reasons (per document) follow:\n- bf85097caf75d038a37e3f77dbc0e78801b0b489aee003ec2f7789e2:\n  -----> ASO log start -----\n  ['TRANSFER [5] TRANSFER ERROR: Copy failed (3rd pull). Last attempt: copy HTTP 500 : Unexpected server error: 500 [...CUT...] Full log at https://fts3-cms.cern.ch:8449/fts3/ftsmon/#/job/0291069c-13a0-11f1-a5ac-fa163e6c8d57']\n  <----- ASO log finish ----\n  The last failure reason is recoverable.\n- d31c0086a64d8146a46a47d0cead3cfa6f4391d6589fbe7af7070f6c:\n  -----> ASO log start -----\n  ['TRANSFER [5] TRANSFER ERROR: Copy failed (3rd pull). Last attempt: copy HTTP 500 : Unexpected server error: 500 [...CUT...] Full log at https://fts3-cms.cern.ch:8449/fts3/ftsmon/#/job/0291069c-13a0-11f1-a5ac-fa163e6c8d57']\n  <----- ASO log finish ----\n  The last failure reason is recoverable.\n- 7ec672e7fe7f7f944e4fbe513319e242c9b18722e2ae69346827553d:\n  -----> ASO log start -----\n  ['TRANSFER [5] TRANSFER ERROR: Copy failed (3rd pull). Last attempt: copy HTTP 500 : Unexpected server error: 500 [...CUT...] Full log at https://fts3-cms.cern.ch:8449/fts3/ftsmon/#/job/0291069c-13a0-11f1-a5ac-fa163e6c8d57']\n  <----- ASO log finish ----\n  The last failure reason is recoverable.", {}]}, '213': {'Retries': 0, 'Restarts': 0, 'SiteHistory': ['Unknown', 'T2_CH_CSCS', 'T2_CH_CSCS'], 'ResidentSetSize': [669380], 'SubmitTimes': [1772161711.0], 'StartTimes': [1772162972.0], 'EndTimes': [1772165016.0], 'TotalUserCpuTimeHistory': [2445], 'TotalSysCpuTimeHistory': [650], 'WallDurations': [9.0, 288.4985866546631, 2044.0], 'JobIds': ['141680348.0'], 'State': 'finished', 'RecordedSite': True, 'Error': [0, 'OK', {}]}, '223': {'Retries': 0, 'Restarts': 0, 'SiteHistory': ['Unknown', 'T2_DE_RWTH', 'T2_DE_RWTH'], 'ResidentSetSize': [707384], 'SubmitTimes': [1772161711.0], 'StartTimes': [1772162976.0], 'EndTimes': [1772170798.0], 'TotalUserCpuTimeHistory': [10040], 'TotalSysCpuTimeHistory': [2953], 'WallDurations': [8.0, 284.4985866546631, 7822.0], 'JobIds': ['141680349.0'], 'State': 'finished', 'RecordedSite': True, 'Error': [0, 'OK', {}]}, '226': {'Retries': 1, 'Restarts': 0, 'SiteHistory': ['Unknown', 'T2_DE_RWTH', 'T2_DE_RWTH', 'T2_CH_CERN', 'T2_CH_CERN'], 'ResidentSetSize': [3675348, 788004], 'SubmitTimes': [1772161711.0, 1772178324.0], 'StartTimes': [1772162973.0, 1772178415.0], 'EndTimes': [1772171044.0, 1772180260.0], 'TotalUserCpuTimeHistory': [9198, 2251], 'TotalSysCpuTimeHistory': [2509, 653], 'WallDurations': [9.0, 287.4985866546631, 8071.0, 9.0, 1845.0], 'JobIds': ['141680350.0', '141685813.0'], 'State': 'transferring', 'RecordedSite': True, 'Error': [90000, "Got recoverable stageout exception:\nStageout failed with code 1.\nThere were 2 failed/killed stageout jobs.\nFailure reasons (per document) follow:\n- a124a4f0658ee2047fca6d8c32e680777e4332e198ab80d45a26ce78:\n  -----> ASO log start -----\n  ['DESTINATION [110] timeout of 900s [...CUT...] Full log at https://fts3-cms.cern.ch:8449/fts3/ftsmon/#/job/0278f9d0-13a0-11f1-870f-fa163e9e00e6']\n  <----- ASO log finish ----\n  The last failure reason is recoverable.\n- a59af852d2ca1bee7f0537d7bc17e5b03a9addd32e2c2f7853a707a5:\n  -----> ASO log start -----\n  ['DESTINATION [110] timeout of 900s [...CUT...] Full log at https://fts3-cms.cern.ch:8449/fts3/ftsmon/#/job/0278f9d0-13a0-11f1-870f-fa163e9e00e6']\n  <----- ASO log finish ----\n  The last failure reason is recoverable.", {}]}, '210': {'Retries': 1, 'Restarts': 0, 'SiteHistory': ['Unknown', 'T2_FR_IPHC', 'T2_FR_IPHC', 'T2_CH_CERN', 'T2_CH_CERN'], 'ResidentSetSize': [725708, 762352], 'SubmitTimes': [1772161711.0, 1772168424.0], 'StartTimes': [1772162971.0, 1772168461.0], 'EndTimes': [1772164752.0, 1772170988.0], 'TotalUserCpuTimeHistory': [1869, 2875], 'TotalSysCpuTimeHistory': [353, 964], 'WallDurations': [9.0, 289.4985866546631, 1781.0, 8.0, 2527.0], 'JobIds': ['141680351.0', '141681515.0'], 'State': 'finished', 'RecordedSite': True, 'Error': [0, 'OK', {}]}, '227': {'Retries': 2, 'Restarts': 0, 'SiteHistory': ['Unknown', 'T2_FR_IPHC', 'T2_FR_IPHC', 'T2_BE_UCL', 'T2_BE_UCL', 'Unknown', 'T2_CH_CERN', 'T2_CH_CERN'], 'ResidentSetSize': [705020, 2711496, 703572], 'SubmitTimes': [1772161711.0, 1772169007.0, 1772181401.0], 'StartTimes': [1772162973.0, 1772169013.0, 1772181430.0], 'EndTimes': [1772165335.0, 1772172265.0, 1772183922.0], 'TotalUserCpuTimeHistory': [2921, 1727, 2923], 'TotalSysCpuTimeHistory': [829, 101, 930], 'WallDurations': [8.0, 287.4985866546631, 2362.0, 8.0, 3252.0, 8.0, 285.4778559207916, 2492.0], 'JobIds': ['141680352.0', '141681591.0', '141686182.0'], 'State': 'transferring', 'RecordedSite': True, 'Error': [90000, "Got recoverable stageout exception:\nStageout failed with code 1.\nThere were 3 failed/killed stageout jobs.\nFailure reasons (per document) follow:\n- 4479e8cdd2f004d63299f086ca7590fe90457b777fa858c0fb285472:\n  -----> ASO log start -----\n  ['TRANSFER [5] TRANSFER ERROR: Copy failed (3rd pull). Last attempt: copy HTTP 500 : Unexpected server error: 500 [...CUT...] Full log at https://fts3-cms.cern.ch:8449/fts3/ftsmon/#/job/30238f42-13a2-11f1-8880-fa163eaa97bf']\n  <----- ASO log finish ----\n  The last failure reason is recoverable.\n- efc7f364e713e6f087c6b08110ff8cfd2d17a3b3182c8112c818895d:\n  -----> ASO log start -----\n  ['TRANSFER [5] TRANSFER ERROR: Copy failed (3rd pull). Last attempt: copy HTTP 500 : Unexpected server error: 500 [...CUT...] Full log at https://fts3-cms.cern.ch:8449/fts3/ftsmon/#/job/30238f42-13a2-11f1-8880-fa163eaa97bf']\n  <----- ASO log finish ----\n  The last failure reason is recoverable.\n- c716535565e453c29a3b15fff3cd4e6211c64e003d09ba7b6d1f0aa2:\n  -----> ASO log start -----\n  ['TRANSFER [5] TRANSFER ERROR: Copy failed (3rd pull). Last attempt: copy HTTP 500 : Unexpected server error: 500 [...CUT...] Full log at https://fts3-cms.cern.ch:8449/fts3/ftsmon/#/job/30238f42-13a2-11f1-8880-fa163eaa97bf']\n  <----- ASO log finish ----\n  The last failure reason is recoverable.", {}]}, '235': {'Retries': 0, 'Restarts': 0, 'SiteHistory': ['Unknown', 'T2_DE_RWTH', 'T2_DE_RWTH'], 'ResidentSetSize': [2740984], 'SubmitTimes': [1772161711.0], 'StartTimes': [1772162972.0], 'EndTimes': [1772170333.0], 'TotalUserCpuTimeHistory': [8797], 'TotalSysCpuTimeHistory': [2462], 'WallDurations': [9.0, 288.4985866546631, 7361.0], 'JobIds': ['141680353.0'], 'State': 'finished', 'RecordedSite': True, 'Error': [0, 'OK', {}]}, '228': {'Retries': 1, 'Restarts': 0, 'SiteHistory': ['Unknown', 'T2_FR_IPHC', 'T2_FR_IPHC', 'Unknown', 'T3_KR_KNU', 'T3_KR_KNU'], 'ResidentSetSize': [707968, 760036], 'SubmitTimes': [1772161711.0, 1772168475.0], 'StartTimes': [1772162972.0, 1772168494.0], 'EndTimes': [1772164792.0, 1772171259.0], 'TotalUserCpuTimeHistory': [2112, 3875], 'TotalSysCpuTimeHistory': [624, 1142], 'WallDurations': [8.0, 288.4985866546631, 1820.0, 9.0, 309.0206069946289, 2765.0], 'JobIds': ['141680354.0', '141681527.0'], 'State': 'finished', 'RecordedSite': True, 'Error': [0, 'OK', {}]}, '234': {'Retries': 0, 'Restarts': 0, 'SiteHistory': ['Unknown', 'T2_DE_RWTH', 'T2_DE_RWTH'], 'ResidentSetSize': [721968], 'SubmitTimes': [1772161711.0], 'StartTimes': [1772162972.0], 'EndTimes': [1772167366.0], 'TotalUserCpuTimeHistory': [6106], 'TotalSysCpuTimeHistory': [1295], 'WallDurations': [9.0, 288.4985866546631, 4394.0], 'JobIds': ['141680355.0'], 'State': 'finished', 'RecordedSite': True, 'Error': [0, 'OK', {}]}, '232': {'Retries': 1, 'Restarts': 0, 'SiteHistory': ['Unknown', 'T2_DE_RWTH', 'T2_DE_RWTH', 'Unknown', 'T2_CH_CERN', 'T2_CH_CERN'], 'ResidentSetSize': [843708, 710892], 'SubmitTimes': [1772161711.0, 1772178867.0], 'StartTimes': [1772162972.0, 1772178935.0], 'EndTimes': [1772171584.0, 1772181252.0], 'TotalUserCpuTimeHistory': [11048, 2672], 'TotalSysCpuTimeHistory': [3815, 757], 'WallDurations': [8.0, 288.4985866546631, 8612.0, 9.0, 261.82414054870605, 2317.0], 'JobIds': ['141680356.0', '141685867.0'], 'State': 'transferring', 'RecordedSite': True, 'Error': [90000, "Got recoverable stageout exception:\nStageout failed with code 1.\nThere were 2 failed/killed stageout jobs.\nFailure reasons (per document) follow:\n- e25ce79fb72ac52eb9287c2eceb2c039bb9bbc1b40ef28b51ed5674c:\n  -----> ASO log start -----\n  ['DESTINATION [5] HTTP 500 : Unexpected server error: 500 [...CUT...] Full log at https://fts3-cms.cern.ch:8449/fts3/ftsmon/#/job/bbe0dec4-13a0-11f1-8f1c-fa163e4409e3']\n  <----- ASO log finish ----\n  The last failure reason is recoverable.\n- d8b39b2d28c932b9fd81e1b819b1b58eda228a281a528120f17af829:\n  -----> ASO log start -----\n  ['TRANSFER [112] TRANSFER ERROR: Copy failed (3rd pull). Last attempt: copy HTTP 400 : Server Error [...CUT...] Full log at https://fts3-cms.cern.ch:8449/fts3/ftsmon/#/job/bbe0dec4-13a0-11f1-8f1c-fa163e4409e3']\n  <----- ASO log finish ----\n  The last failure reason is recoverable.", {}]}, '238': {'Retries': 0, 'Restarts': 0, 'SiteHistory': ['Unknown', 'T2_DE_RWTH', 'T2_DE_RWTH'], 'ResidentSetSize': [789936], 'SubmitTimes': [1772161711.0], 'StartTimes': [1772162972.0], 'EndTimes': [1772166831.0], 'TotalUserCpuTimeHistory': [5430], 'TotalSysCpuTimeHistory': [1128], 'WallDurations': [8.0, 288.4985866546631, 3859.0], 'JobIds': ['141680357.0'], 'State': 'finished', 'RecordedSite': True, 'Error': [0, 'OK', {}]}, '230': {'Retries': 2, 'Restarts': 0, 'SiteHistory': ['Unknown', 'T2_DE_RWTH', 'T2_DE_RWTH', 'Unknown', 'T2_TR_METU', 'T2_TR_METU', 'T2_TR_METU', 'T2_TR_METU'], 'ResidentSetSize': [760172, 639848, 689784], 'SubmitTimes': [1772161711.0, 1772171087.0, 1772186142.0], 'StartTimes': [1772162973.0, 1772171379.0, 1772186175.0], 'EndTimes': [1772167411.0, 1772178802.0, 1772189659.0], 'TotalUserCpuTimeHistory': [5843, 7378, 5083], 'TotalSysCpuTimeHistory': [1121, 2610, 1327], 'WallDurations': [8.0, 287.4985866546631, 4438.0, 11.0, 260.4757122993469, 7423.0, 9.0, 3484.0], 'JobIds': ['141680358.0', '141681878.0', '141687778.0'], 'State': 'transferring', 'RecordedSite': True, 'Error': [90000, "Got recoverable stageout exception:\nStageout failed with code 1.\nThere were 3 failed/killed stageout jobs.\nFailure reasons (per document) follow:\n- d1abe93fab41836dc26939e5ec6775d8d669938522d8e113f96451ac:\n  -----> ASO log start -----\n  ['TRANSFER [5] TRANSFER ERROR: Copy failed (3rd pull). Last attempt: copy HTTP 500 : Unexpected server error: 500 [...CUT...] Full log at https://fts3-cms.cern.ch:8449/fts3/ftsmon/#/job/9b56770c-13b1-11f1-b55a-fa163e1db714']\n  <----- ASO log finish ----\n  The last failure reason is recoverable.\n- 4643d876f88e9c3881882b4e7f14c12a3c6ad4c3d398cd222a0c73a1:\n  -----> ASO log start -----\n  ['TRANSFER [5] TRANSFER ERROR: Copy failed (3rd pull). Last attempt: copy HTTP 500 : Unexpected server error: 500 [...CUT...] Full log at https://fts3-cms.cern.ch:8449/fts3/ftsmon/#/job/9b56770c-13b1-11f1-b55a-fa163e1db714']\n  <----- ASO log finish ----\n  The last failure reason is recoverable.\n- 47304adb54084ac785232592389bdea931337ffe67b7f3a8ce1a10f8:\n  -----> ASO log start -----\n  ['TRANSFER [5] TRANSFER ERROR: Copy failed (3rd pull). Last attempt: copy HTTP 500 : Unexpected server error: 500 [...CUT...] Full log at https://fts3-cms.cern.ch:8449/fts3/ftsmon/#/job/9b56770c-13b1-11f1-b55a-fa163e1db714']\n  <----- ASO log finish ----\n  The last failure reason is recoverable.", {}]}, '241': {'Retries': 1, 'Restarts': 0, 'SiteHistory': ['Unknown', 'T2_DE_RWTH', 'T2_DE_RWTH', 'T2_US_Florida', 'T2_US_Florida'], 'ResidentSetSize': [721072, 655256], 'SubmitTimes': [1772161711.0, 1772172789.0], 'StartTimes': [1772162972.0, 1772172885.0], 'EndTimes': [1772167317.0, 1772175085.0], 'TotalUserCpuTimeHistory': [5902, 3203], 'TotalSysCpuTimeHistory': [1214, 356], 'WallDurations': [9.0, 288.4985866546631, 4345.0, 0, 2200.0], 'JobIds': ['141680359.0', '141682462.0'], 'State': 'finished', 'RecordedSite': True, 'Error': [0, 'OK', {}]}, '240': {'Retries': 1, 'Restarts': 0, 'SiteHistory': ['Unknown', 'T2_DE_RWTH', 'T2_DE_RWTH', 'T2_CH_CERN', 'T2_CH_CERN'], 'ResidentSetSize': [3672524, 697364], 'SubmitTimes': [1772161711.0, 1772181123.0], 'StartTimes': [1772162972.0, 1772181171.0], 'EndTimes': [1772172045.0, 1772185424.0], 'TotalUserCpuTimeHistory': [11084, 5535], 'TotalSysCpuTimeHistory': [3575, 1281], 'WallDurations': [9.0, 288.4985866546631, 9073.0, 8.0, 4253.0], 'JobIds': ['141680360.0', '141686142.0'], 'State': 'transferring', 'RecordedSite': True, 'Error': [90000, "Got recoverable stageout exception:\nStageout failed with code 1.\nThere were 1 failed/killed stageout jobs.\nFailure reasons (per document) follow:\n- 5f5dc0fa1a4ce3497f0da3a4c27e7747aec7ed0d6935c28c02dbd626:\n  -----> ASO log start -----\n  ['TRANSFER [112] TRANSFER ERROR: Copy failed (3rd pull). Last attempt: copy HTTP 400 : Server Error [...CUT...] Full log at https://fts3-cms.cern.ch:8449/fts3/ftsmon/#/job/30385b66-13a2-11f1-b368-fa163e9e00e6']\n  <----- ASO log finish ----\n  The last failure reason is recoverable.", {}]}, '229': {'Retries': 0, 'Restarts': 0, 'SiteHistory': ['Unknown', 'T2_DE_RWTH', 'T2_DE_RWTH'], 'ResidentSetSize': [894128], 'SubmitTimes': [1772161711.0], 'StartTimes': [1772162973.0], 'EndTimes': [1772173767.0], 'TotalUserCpuTimeHistory': [13135], 'TotalSysCpuTimeHistory': [4805], 'WallDurations': [8.0, 287.4985866546631, 10794.0], 'JobIds': ['141680361.0'], 'State': 'finished', 'RecordedSite': True, 'Error': [0, 'OK', {}]}, '242': {'Retries': 0, 'Restarts': 0, 'SiteHistory': ['Unknown', 'T2_DE_RWTH', 'T2_DE_RWTH'], 'ResidentSetSize': [697256], 'SubmitTimes': [1772161711.0], 'StartTimes': [1772162972.0], 'EndTimes': [1772167489.0], 'TotalUserCpuTimeHistory': [6431], 'TotalSysCpuTimeHistory': [1393], 'WallDurations': [9.0, 288.4985866546631, 4517.0], 'JobIds': ['141680362.0'], 'State': 'finished', 'RecordedSite': True, 'Error': [0, 'OK', {}]}, '236': {'Retries': 0, 'Restarts': 0, 'SiteHistory': ['Unknown', 'T2_DE_RWTH', 'T2_DE_RWTH'], 'ResidentSetSize': [740904], 'SubmitTimes': [1772161711.0], 'StartTimes': [1772162972.0], 'EndTimes': [1772167229.0], 'TotalUserCpuTimeHistory': [5795], 'TotalSysCpuTimeHistory': [1189], 'WallDurations': [9.0, 288.4985866546631, 4257.0], 'JobIds': ['141680363.0'], 'State': 'finished', 'RecordedSite': True, 'Error': [0, 'OK', {}]}, '246': {'Retries': 0, 'Restarts': 0, 'SiteHistory': ['Unknown', 'T2_DE_RWTH', 'T2_DE_RWTH'], 'ResidentSetSize': [1611724], 'SubmitTimes': [1772161711.0], 'StartTimes': [1772162972.0], 'EndTimes': [1772170620.0], 'TotalUserCpuTimeHistory': [9498], 'TotalSysCpuTimeHistory': [2578], 'WallDurations': [10.0, 288.4985866546631, 7648.0], 'JobIds': ['141680364.0'], 'State': 'finished', 'RecordedSite': True, 'Error': [0, 'OK', {}]}, '237': {'Retries': 2, 'Restarts': 0, 'SiteHistory': ['Unknown', 'T2_DE_RWTH', 'T2_DE_RWTH', 'T2_TR_METU', 'T2_TR_METU', 'T2_TR_METU', 'T2_TR_METU'], 'ResidentSetSize': [3673512, 716368, 692636], 'SubmitTimes': [1772161711.0, 1772177371.0, 1772194034.0], 'StartTimes': [1772162973.0, 1772177395.0, 1772194080.0], 'EndTimes': [1772170086.0, 1772181282.0, 1772196333.0], 'TotalUserCpuTimeHistory': [9135, 5171, 3015], 'TotalSysCpuTimeHistory': [2728, 1494, 573], 'WallDurations': [8.0, 287.4985866546631, 7113.0, 10.0, 3887.0, 8.0, 2253.0], 'JobIds': ['141680365.0', '141685717.0', '141698538.0'], 'State': 'failed', 'RecordedSite': True, 'Error': [90000, "Got recoverable stageout exception:\nStageout failed with code 1.\nThere were 3 failed/killed stageout jobs.\nFailure reasons (per document) follow:\n- 30a226837866284498ba017aac6ccc2d5a4be5f51f83840a9497a6d3:\n  -----> ASO log start -----\n  ['TRANSFER [5] TRANSFER ERROR: Copy failed (3rd pull). Last attempt: copy HTTP 500 : Unexpected server error: 500 [...CUT...] Full log at https://fts3-cms.cern.ch:8449/fts3/ftsmon/#/job/746b0134-13da-11f1-9b82-fa163eaa97bf']\n  <----- ASO log finish ----\n  The last failure reason is recoverable.\n- 673d4cb15524aeb9f5ea0cac8140ceaae8927bd90af0328be8d5170f:\n  -----> ASO log start -----\n  ['TRANSFER [5] TRANSFER ERROR: Copy failed (3rd pull). Last attempt: copy HTTP 500 : Unexpected server error: 500 [...CUT...] Full log at https://fts3-cms.cern.ch:8449/fts3/ftsmon/#/job/746b0134-13da-11f1-9b82-fa163eaa97bf']\n  <----- ASO log finish ----\n  The last failure reason is recoverable.\n- 15830bc0dd5dbc81161a0561c7d754624c8b4391536289b2ad4f39a8:\n  -----> ASO log start -----\n  ['TRANSFER [5] TRANSFER ERROR: Copy failed (3rd pull). Last attempt: copy HTTP 500 : Unexpected server error: 500 [...CUT...] Full log at https://fts3-cms.cern.ch:8449/fts3/ftsmon/#/job/746b0134-13da-11f1-9b82-fa163eaa97bf']\n  <----- ASO log finish ----\n  The last failure reason is recoverable.", {}]}, '244': {'Retries': 1, 'Restarts': 0, 'SiteHistory': ['Unknown', 'T2_FR_IPHC', 'T2_FR_IPHC', 'T3_KR_KNU', 'T3_KR_KNU'], 'ResidentSetSize': [695588, 697332], 'SubmitTimes': [1772161711.0, 1772169153.0], 'StartTimes': [1772162972.0, 1772169225.0], 'EndTimes': [1772165477.0, 1772174122.0], 'TotalUserCpuTimeHistory': [3032, 6905], 'TotalSysCpuTimeHistory': [975, 2078], 'WallDurations': [9.0, 288.4985866546631, 2505.0, 9.0, 4897.0], 'JobIds': ['141680366.0', '141681612.0'], 'State': 'finished', 'RecordedSite': True, 'Error': [0, 'OK', {}]}, '231': {'Retries': 0, 'Restarts': 0, 'SiteHistory': ['Unknown', 'T2_DE_RWTH', 'T2_DE_RWTH'], 'ResidentSetSize': [688544], 'SubmitTimes': [1772161711.0], 'StartTimes': [1772162972.0], 'EndTimes': [1772169507.0], 'TotalUserCpuTimeHistory': [8216], 'TotalSysCpuTimeHistory': [2252], 'WallDurations': [9.0, 288.4985866546631, 6535.0], 'JobIds': ['141680367.0'], 'State': 'finished', 'RecordedSite': True, 'Error': [0, 'OK', {}]}, '243': {'Retries': 0, 'Restarts': 0, 'SiteHistory': ['Unknown', 'T2_DE_RWTH', 'T2_DE_RWTH'], 'ResidentSetSize': [771448], 'SubmitTimes': [1772161711.0], 'StartTimes': [1772162972.0], 'EndTimes': [1772166408.0], 'TotalUserCpuTimeHistory': [4677], 'TotalSysCpuTimeHistory': [777], 'WallDurations': [8.0, 288.4985866546631, 3436.0], 'JobIds': ['141680368.0'], 'State': 'finished', 'RecordedSite': True, 'Error': [0, 'OK', {}]}, '233': {'Retries': 0, 'Restarts': 0, 'SiteHistory': ['Unknown', 'T2_DE_RWTH', 'T2_DE_RWTH'], 'ResidentSetSize': [657720], 'SubmitTimes': [1772161711.0], 'StartTimes': [1772162972.0], 'EndTimes': [1772166256.0], 'TotalUserCpuTimeHistory': [4390], 'TotalSysCpuTimeHistory': [713], 'WallDurations': [8.0, 288.4985866546631, 3284.0], 'JobIds': ['141680369.0'], 'State': 'finished', 'RecordedSite': True, 'Error': [0, 'OK', {}]}, '245': {'Retries': 1, 'Restarts': 0, 'SiteHistory': ['Unknown', 'T2_DE_RWTH', 'T2_DE_RWTH', 'Unknown', 'T2_CH_CERN', 'T2_CH_CERN'], 'ResidentSetSize': [2976412, 687076], 'SubmitTimes': [1772161711.0, 1772169999.0], 'StartTimes': [1772162972.0, 1772170075.0], 'EndTimes': [1772166321.0, 1772174433.0], 'TotalUserCpuTimeHistory': [4540, 5291], 'TotalSysCpuTimeHistory': [774, 1119], 'WallDurations': [9.0, 288.4985866546631, 3349.0, 9.0, 303.00271940231323, 4358.0], 'JobIds': ['141680370.0', '141681713.0'], 'State': 'transferring', 'RecordedSite': True, 'Error': [90000, "Got recoverable stageout exception:\nStageout failed with code 1.\nThere were 1 failed/killed stageout jobs.\nFailure reasons (per document) follow:\n- e760300077cc96ee1a3dbcfcbb6a5a07b582c7038acfc6eb69fef75c:\n  -----> ASO log start -----\n  ['TRANSFER [112] TRANSFER ERROR: Copy failed (3rd pull). Last attempt: copy HTTP 400 : Server Error [...CUT...] Full log at https://fts3-cms.cern.ch:8449/fts3/ftsmon/#/job/003be2fa-1395-11f1-89fc-fa163eaa97bf']\n  <----- ASO log finish ----\n  The last failure reason is recoverable.", {}]}, '248': {'Retries': 0, 'Restarts': 0, 'SiteHistory': ['Unknown', 'T2_DE_RWTH', 'T2_DE_RWTH'], 'ResidentSetSize': [706060], 'SubmitTimes': [1772161711.0], 'StartTimes': [1772162972.0], 'EndTimes': [1772166310.0], 'TotalUserCpuTimeHistory': [4595], 'TotalSysCpuTimeHistory': [754], 'WallDurations': [8.0, 288.4985866546631, 3338.0], 'JobIds': ['141680371.0'], 'State': 'finished', 'RecordedSite': True, 'Error': [0, 'OK', {}]}, '239': {'Retries': 1, 'Restarts': 0, 'SiteHistory': ['Unknown', 'T2_DE_RWTH', 'T2_DE_RWTH', 'Unknown', 'T2_DE_RWTH', 'T2_DE_RWTH'], 'ResidentSetSize': [789100, 3672960], 'SubmitTimes': [1772161711.0, 1772170691.0], 'StartTimes': [1772162972.0, 1772170816.0], 'EndTimes': [1772167015.0, 1772178148.0], 'TotalUserCpuTimeHistory': [5525, 9690], 'TotalSysCpuTimeHistory': [1020, 2962], 'WallDurations': [8.0, 288.4985866546631, 4043.0, 8.0, 192.44514417648315, 7332.0], 'JobIds': ['141680372.0', '141681819.0'], 'State': 'finished', 'RecordedSite': True, 'Error': [0, 'OK', {}]}, '252': {'Retries': 0, 'Restarts': 0, 'SiteHistory': ['Unknown', 'T2_DE_RWTH', 'T2_DE_RWTH'], 'ResidentSetSize': [789940], 'SubmitTimes': [1772161711.0], 'StartTimes': [1772162972.0], 'EndTimes': [1772166632.0], 'TotalUserCpuTimeHistory': [5077], 'TotalSysCpuTimeHistory': [889], 'WallDurations': [9.0, 288.4985866546631, 3660.0], 'JobIds': ['141680373.0'], 'State': 'finished', 'RecordedSite': True, 'Error': [0, 'OK', {}]}, '253': {'Retries': 0, 'Restarts': 0, 'SiteHistory': ['Unknown', 'T2_DE_RWTH', 'T2_DE_RWTH'], 'ResidentSetSize': [680544], 'SubmitTimes': [1772161711.0], 'StartTimes': [1772162972.0], 'EndTimes': [1772166510.0], 'TotalUserCpuTimeHistory': [4943], 'TotalSysCpuTimeHistory': [897], 'WallDurations': [9.0, 288.4985866546631, 3538.0], 'JobIds': ['141680374.0'], 'State': 'finished', 'RecordedSite': True, 'Error': [0, 'OK', {}]}, '247': {'Retries': 2, 'Restarts': 0, 'SiteHistory': ['Unknown', 'T2_DE_RWTH', 'T2_DE_RWTH', 'Unknown', 'T2_TR_METU', 'T2_TR_METU', 'Unknown', 'T2_CH_CSCS', 'T2_CH_CSCS'], 'ResidentSetSize': [3667240, 1593644, 714544], 'SubmitTimes': [1772161711.0, 1772170304.0, 1772196627.0], 'StartTimes': [1772162972.0, 1772170532.0, 1772196886.0], 'EndTimes': [1772166626.0, 1772176667.0, 1772199098.0], 'TotalUserCpuTimeHistory': [5103, 6232, 2342], 'TotalSysCpuTimeHistory': [947, 2026, 414], 'WallDurations': [8.0, 288.4985866546631, 3654.0, 10.0, 160.63993883132935, 6135.0, 8.0, 164.83259177207947, 2212.0], 'JobIds': ['141680375.0', '141681765.0', '141701626.0'], 'State': 'finished', 'RecordedSite': True, 'Error': [0, 'OK', {}]}, '256': {'Retries': 0, 'Restarts': 0, 'SiteHistory': ['Unknown', 'T2_DE_RWTH', 'T2_DE_RWTH'], 'ResidentSetSize': [712992], 'SubmitTimes': [1772161711.0], 'StartTimes': [1772162976.0], 'EndTimes': [1772166745.0], 'TotalUserCpuTimeHistory': [5173], 'TotalSysCpuTimeHistory': [936], 'WallDurations': [8.0, 284.4985866546631, 3769.0], 'JobIds': ['141680376.0'], 'State': 'finished', 'RecordedSite': True, 'Error': [0, 'OK', {}]}, '255': {'Retries': 0, 'Restarts': 0, 'SiteHistory': ['Unknown', 'T2_DE_RWTH', 'T2_DE_RWTH'], 'ResidentSetSize': [684820], 'SubmitTimes': [1772161711.0], 'StartTimes': [1772162976.0], 'EndTimes': [1772166413.0], 'TotalUserCpuTimeHistory': [4773], 'TotalSysCpuTimeHistory': [826], 'WallDurations': [8.0, 284.4985866546631, 3437.0], 'JobIds': ['141680377.0'], 'State': 'finished', 'RecordedSite': True, 'Error': [0, 'OK', {}]}, '251': {'Retries': 0, 'Restarts': 0, 'SiteHistory': ['Unknown', 'T2_DE_RWTH', 'T2_DE_RWTH'], 'ResidentSetSize': [2073740], 'SubmitTimes': [1772161711.0], 'StartTimes': [1772162972.0], 'EndTimes': [1772166311.0], 'TotalUserCpuTimeHistory': [4599], 'TotalSysCpuTimeHistory': [819], 'WallDurations': [9.0, 288.4985866546631, 3339.0], 'JobIds': ['141680378.0'], 'State': 'finished', 'RecordedSite': True, 'Error': [0, 'OK', {}]}, '249': {'Retries': 0, 'Restarts': 0, 'SiteHistory': ['Unknown', 'T2_DE_RWTH', 'T2_DE_RWTH'], 'ResidentSetSize': [656988], 'SubmitTimes': [1772161711.0], 'StartTimes': [1772162976.0], 'EndTimes': [1772166819.0], 'TotalUserCpuTimeHistory': [5228], 'TotalSysCpuTimeHistory': [1011], 'WallDurations': [8.0, 284.4985866546631, 3843.0], 'JobIds': ['141680379.0'], 'State': 'finished', 'RecordedSite': True, 'Error': [0, 'OK', {}]}, '254': {'Retries': 0, 'Restarts': 0, 'SiteHistory': ['Unknown', 'T2_DE_RWTH', 'T2_DE_RWTH'], 'ResidentSetSize': [742276], 'SubmitTimes': [1772161711.0], 'StartTimes': [1772162972.0], 'EndTimes': [1772166649.0], 'TotalUserCpuTimeHistory': [5138], 'TotalSysCpuTimeHistory': [901], 'WallDurations': [8.0, 288.4985866546631, 3677.0], 'JobIds': ['141680380.0'], 'State': 'finished', 'RecordedSite': True, 'Error': [0, 'OK', {}]}, '250': {'Retries': 0, 'Restarts': 0, 'SiteHistory': ['Unknown', 'T2_DE_RWTH', 'T2_DE_RWTH'], 'ResidentSetSize': [756596], 'SubmitTimes': [1772161711.0], 'StartTimes': [1772162973.0], 'EndTimes': [1772167338.0], 'TotalUserCpuTimeHistory': [5931], 'TotalSysCpuTimeHistory': [1167], 'WallDurations': [9.0, 287.4985866546631, 4365.0], 'JobIds': ['141680381.0'], 'State': 'finished', 'RecordedSite': True, 'Error': [0, 'OK', {}]}, '260': {'Retries': 0, 'Restarts': 0, 'SiteHistory': ['Unknown', 'T2_BE_IIHE', 'T2_BE_IIHE'], 'ResidentSetSize': [1942372], 'SubmitTimes': [1772161711.0], 'StartTimes': [1772162973.0], 'EndTimes': [], 'TotalUserCpuTimeHistory': [682.0], 'TotalSysCpuTimeHistory': [315.0], 'WallDurations': [9.0, 287.4985866546631, 610.0], 'JobIds': ['141680382.0'], 'State': 'failed', 'RecordedSite': True, 'Error': [50660, 'Job killed by HTCondor due to excessive memory use (RSS=2000 MB). Will not retry it.', {}]}, '261': {'Retries': 0, 'Restarts': 0, 'SiteHistory': ['Unknown', 'T2_DE_RWTH', 'T2_DE_RWTH'], 'ResidentSetSize': [724448], 'SubmitTimes': [1772161711.0], 'StartTimes': [1772162972.0], 'EndTimes': [1772166967.0], 'TotalUserCpuTimeHistory': [5309], 'TotalSysCpuTimeHistory': [989], 'WallDurations': [9.0, 288.4985866546631, 3995.0], 'JobIds': ['141680383.0'], 'State': 'finished', 'RecordedSite': True, 'Error': [0, 'OK', {}]}, '258': {'Retries': 0, 'Restarts': 0, 'SiteHistory': ['Unknown', 'T2_DE_RWTH', 'T2_DE_RWTH'], 'ResidentSetSize': [3670072], 'SubmitTimes': [1772161711.0], 'StartTimes': [1772162972.0], 'EndTimes': [1772166655.0], 'TotalUserCpuTimeHistory': [5030], 'TotalSysCpuTimeHistory': [915], 'WallDurations': [8.0, 288.4985866546631, 3683.0], 'JobIds': ['141680384.0'], 'State': 'finished', 'RecordedSite': True, 'Error': [0, 'OK', {}]}, '263': {'Retries': 2, 'Restarts': 0, 'SiteHistory': ['Unknown', 'T2_DE_RWTH', 'T2_DE_RWTH', 'T2_TR_METU', 'T2_TR_METU', 'Unknown', 'T2_CH_CERN', 'T2_CH_CERN'], 'ResidentSetSize': [769300, 735888, 3475700], 'SubmitTimes': [1772161711.0, 1772170184.0, 1772190479.0], 'StartTimes': [1772162972.0, 1772170296.0, 1772190506.0], 'EndTimes': [1772166507.0, 1772175939.0, 1772193939.0], 'TotalUserCpuTimeHistory': [4809, 6436, 3308], 'TotalSysCpuTimeHistory': [880, 2138, 927], 'WallDurations': [9.0, 288.4985866546631, 3535.0, 10.0, 5643.0, 9.0, 290.2666518688202, 3433.0], 'JobIds': ['141680385.0', '141681738.0', '141695494.0'], 'State': 'transferring', 'RecordedSite': True, 'Error': [90000, "Got recoverable stageout exception:\nStageout failed with code 1.\nThere were 3 failed/killed stageout jobs.\nFailure reasons (per document) follow:\n- 923e4db379d3784089307f709a9c90c7e2889d724068a1c80f3779d4:\n  -----> ASO log start -----\n  ['TRANSFER [5] TRANSFER ERROR: Copy failed (3rd pull). Last attempt: copy HTTP 500 : Unexpected server error: 500 [...CUT...] Full log at https://fts3-cms.cern.ch:8449/fts3/ftsmon/#/job/f6667450-13aa-11f1-b039-fa163e4409e3']\n  <----- ASO log finish ----\n  The last failure reason is recoverable.\n- cf82f7efe22c6fc98a8c25373531c69bef93b84992abb2f1a5867a86:\n  -----> ASO log start -----\n  ['TRANSFER [5] TRANSFER ERROR: Copy failed (3rd pull). Last attempt: copy HTTP 500 : Unexpected server error: 500 [...CUT...] Full log at https://fts3-cms.cern.ch:8449/fts3/ftsmon/#/job/f6667450-13aa-11f1-b039-fa163e4409e3']\n  <----- ASO log finish ----\n  The last failure reason is recoverable.\n- 3ad6a2b0a2a8ef1e157459eeba1a1638b4ab9334da46fca0157a71a5:\n  -----> ASO log start -----\n  ['TRANSFER [5] TRANSFER ERROR: Copy failed (3rd pull). Last attempt: copy HTTP 500 : Unexpected server error: 500 [...CUT...] Full log at https://fts3-cms.cern.ch:8449/fts3/ftsmon/#/job/f6667450-13aa-11f1-b039-fa163e4409e3']\n  <----- ASO log finish ----\n  The last failure reason is recoverable.", {}]}, '257': {'Retries': 0, 'Restarts': 0, 'SiteHistory': ['Unknown', 'T2_DE_RWTH', 'T2_DE_RWTH'], 'ResidentSetSize': [704248], 'SubmitTimes': [1772161711.0], 'StartTimes': [1772162972.0], 'EndTimes': [1772167085.0], 'TotalUserCpuTimeHistory': [5571], 'TotalSysCpuTimeHistory': [1115], 'WallDurations': [9.0, 288.4985866546631, 4113.0], 'JobIds': ['141680386.0'], 'State': 'finished', 'RecordedSite': True, 'Error': [0, 'OK', {}]}, '262': {'Retries': 2, 'Restarts': 0, 'SiteHistory': ['Unknown', 'T2_DE_RWTH', 'T2_DE_RWTH', 'Unknown', 'T2_TR_METU', 'T2_TR_METU', 'T2_CH_CERN', 'T2_CH_CERN'], 'ResidentSetSize': [694120, 734116, 988892], 'SubmitTimes': [1772161711.0, 1772170645.0, 1772184721.0], 'StartTimes': [1772162972.0, 1772170812.0, 1772184727.0], 'EndTimes': [1772166971.0, 1772177384.0, 1772187628.0], 'TotalUserCpuTimeHistory': [5489, 6794, 3130], 'TotalSysCpuTimeHistory': [1033, 2375, 1122], 'WallDurations': [9.0, 288.4985866546631, 3999.0, 10.0, 196.44514417648315, 6572.0, 9.0, 2901.0], 'JobIds': ['141680387.0', '141681812.0', '141686568.0'], 'State': 'transferring', 'RecordedSite': True, 'Error': [90000, "Got recoverable stageout exception:\nStageout failed with code 1.\nThere were 3 failed/killed stageout jobs.\nFailure reasons (per document) follow:\n- 36f30641296f01ad054834fa235fe4027e1a68e93fb2a55cc72fa7f7:\n  -----> ASO log start -----\n  ['TRANSFER [5] TRANSFER ERROR: Copy failed (3rd pull). Last attempt: copy HTTP 500 : Unexpected server error: 500 [...CUT...] Full log at https://fts3-cms.cern.ch:8449/fts3/ftsmon/#/job/a5ad7014-13ae-11f1-8ba7-fa163e1db714']\n  <----- ASO log finish ----\n  The last failure reason is recoverable.\n- 661cf2df80e841366dfc3e4728fe826c4f52b74cdce3717a26c515d2:\n  -----> ASO log start -----\n  ['TRANSFER [5] TRANSFER ERROR: Copy failed (3rd pull). Last attempt: copy HTTP 500 : Unexpected server error: 500 [...CUT...] Full log at https://fts3-cms.cern.ch:8449/fts3/ftsmon/#/job/a5ad7014-13ae-11f1-8ba7-fa163e1db714']\n  <----- ASO log finish ----\n  The last failure reason is recoverable.\n- 48d26d90f79b96d7f46e26e69e6f4f70cfcb3624d119c8942f7ddb9e:\n  -----> ASO log start -----\n  ['TRANSFER [5] TRANSFER ERROR: Copy failed (3rd pull). Last attempt: copy HTTP 500 : Unexpected server error: 500 [...CUT...] Full log at https://fts3-cms.cern.ch:8449/fts3/ftsmon/#/job/a5ad7014-13ae-11f1-8ba7-fa163e1db714']\n  <----- ASO log finish ----\n  The last failure reason is recoverable.", {}]}, '259': {'Retries': 0, 'Restarts': 0, 'SiteHistory': ['Unknown', 'T2_DE_RWTH', 'T2_DE_RWTH'], 'ResidentSetSize': [685360], 'SubmitTimes': [1772161711.0], 'StartTimes': [1772162972.0], 'EndTimes': [1772166705.0], 'TotalUserCpuTimeHistory': [5190], 'TotalSysCpuTimeHistory': [972], 'WallDurations': [9.0, 288.4985866546631, 3733.0], 'JobIds': ['141680388.0'], 'State': 'finished', 'RecordedSite': True, 'Error': [0, 'OK', {}]}, '268': {'Retries': 1, 'Restarts': 0, 'SiteHistory': ['Unknown', 'T2_BE_IIHE', 'T2_BE_IIHE', 'Unknown', 'T2_CH_CERN', 'T2_CH_CERN'], 'ResidentSetSize': [660352, 649296], 'SubmitTimes': [1772161711.0, 1772170279.0], 'StartTimes': [1772162973.0, 1772170479.0], 'EndTimes': [1772164805.0, 1772171995.0], 'TotalUserCpuTimeHistory': [2343, 2375], 'TotalSysCpuTimeHistory': [709, 357], 'WallDurations': [9.0, 287.4985866546631, 1832.0, 8.0, 213.63993883132935, 1516.0], 'JobIds': ['141680389.0', '141681757.0'], 'State': 'transferring', 'RecordedSite': True, 'Error': [90000, "Got recoverable stageout exception:\nStageout failed with code 1.\nThere were 3 failed/killed stageout jobs.\nFailure reasons (per document) follow:\n- ef8871665654622f02746a30771e48aa5aeca7649a5984cf32e44ecc:\n  -----> ASO log start -----\n  ['TRANSFER [5] TRANSFER ERROR: Copy failed (3rd pull). Last attempt: copy HTTP 500 : Unexpected server error: 500 [...CUT...] Full log at https://fts3-cms.cern.ch:8449/fts3/ftsmon/#/job/6b01b032-1391-11f1-80d0-fa163eaa97bf']\n  <----- ASO log finish ----\n  The last failure reason is recoverable.\n- db6c3427d50e08dc4869ef106e6a00c0d081b459a8e0a2b8f06a52d2:\n  -----> ASO log start -----\n  ['TRANSFER [5] TRANSFER ERROR: Copy failed (3rd pull). Last attempt: copy HTTP 500 : Unexpected server error: 500 [...CUT...] Full log at https://fts3-cms.cern.ch:8449/fts3/ftsmon/#/job/6b01b032-1391-11f1-80d0-fa163eaa97bf']\n  <----- ASO log finish ----\n  The last failure reason is recoverable.\n- ccef292b576373249fc002756ef8212e56ddc36330efe178df0c07f2:\n  -----> ASO log start -----\n  ['TRANSFER [5] TRANSFER ERROR: Copy failed (3rd pull). Last attempt: copy HTTP 500 : Unexpected server error: 500 [...CUT...] Full log at https://fts3-cms.cern.ch:8449/fts3/ftsmon/#/job/6b01b032-1391-11f1-80d0-fa163eaa97bf']\n  <----- ASO log finish ----\n  The last failure reason is recoverable.", {}]}, '264': {'Retries': 0, 'Restarts': 0, 'SiteHistory': ['Unknown', 'T2_DE_RWTH', 'T2_DE_RWTH'], 'ResidentSetSize': [795896], 'SubmitTimes': [1772161711.0], 'StartTimes': [1772162972.0], 'EndTimes': [1772167180.0], 'TotalUserCpuTimeHistory': [5670], 'TotalSysCpuTimeHistory': [1076], 'WallDurations': [9.0, 288.4985866546631, 4208.0], 'JobIds': ['141680390.0'], 'State': 'finished', 'RecordedSite': True, 'Error': [0, 'OK', {}]}, '265': {'Retries': 3, 'Restarts': 2, 'SiteHistory': ['Unknown', 'T2_CN_Beijing', 'T2_CN_Beijing', 'Unknown', 'T2_US_Florida', 'T2_UK_SGrid_RALPP', 'Unknown', 'T3_KR_KNU', 'T3_KR_KNU'], 'ResidentSetSize': [1536, 656236, 750000, 693056], 'SubmitTimes': [1772161711.0, -1, -1, 1772174130.0], 'StartTimes': [1772162979.0, 1772164263.0, 1772166804.0, 1772174301.0], 'EndTimes': [1772163581.0, 1772166795.0, 1772168656.0, 1772178527.0], 'TotalUserCpuTimeHistory': [0.0, 3396.0, 5750, 5907], 'TotalSysCpuTimeHistory': [0.0, 479.0, 1140, 1658], 'WallDurations': [9.0, 281.4985866546631, 602.0, 8.0, 2532.0, 1852.0, 10.0, 156.04341316223145, 4226.0], 'JobIds': ['141680391.0', '141680391.0', '141680391.0', '141684778.0'], 'State': 'finished', 'RecordedSite': True, 'Error': [0, 'OK', {}]}, '266': {'Retries': 4, 'Restarts': 2, 'SiteHistory': ['Unknown', 'T2_CN_Beijing', 'T2_CN_Beijing', 'Unknown', 'T2_US_Florida', 'T2_CH_CERN', 'Unknown', 'T2_DE_RWTH', 'T2_DE_RWTH', 'T2_DE_RWTH', 'T2_DE_RWTH'], 'ResidentSetSize': [1536, 689408, 750000, 692044, 783072], 'SubmitTimes': [1772161711.0, -1, -1, 1772171187.0, 1772179877.0], 'StartTimes': [1772162980.0, 1772164263.0, 1772166092.0, 1772171537.0, 1772179897.0], 'EndTimes': [1772163582.0, 1772166089.0, 1772167512.0, 1772174343.0, 1772184490.0], 'TotalUserCpuTimeHistory': [0.0, 2285.0, 4413, 3888, 6436], 'TotalSysCpuTimeHistory': [0.0, 271.0, 714, 577, 1396], 'WallDurations': [8.0, 280.4985866546631, 602.0, 8.0, 1826.0, 1420.0, 8.0, 102.47571229934692, 2806.0, 9.0, 4593.0], 'JobIds': ['141680392.0', '141680392.0', '141680392.0', '141681897.0', '141685975.0'], 'State': 'finished', 'RecordedSite': True, 'Error': [0, 'OK', {}]}, '270': {'Retries': 3, 'Restarts': 2, 'SiteHistory': ['Unknown', 'T2_CN_Beijing', 'T2_CN_Beijing', 'Unknown', 'T2_US_Florida', 'T2_FR_IPHC', 'T2_CH_CERN', 'T2_CH_CERN'], 'ResidentSetSize': [1536, 767140, 1000000, 778104], 'SubmitTimes': [1772161711.0, -1, -1, 1772178298.0], 'StartTimes': [1772162979.0, 1772164263.0, 1772166113.0, 1772178331.0], 'EndTimes': [1772163581.0, 1772166107.0, 1772167412.0, 1772181058.0], 'TotalUserCpuTimeHistory': [0.0, 2274.0, 3854, 3099], 'TotalSysCpuTimeHistory': [0.0, 296.0, 714, 1212], 'WallDurations': [9.0, 281.4985866546631, 602.0, 8.0, 1844.0, 1299.0, 8.0, 2727.0], 'JobIds': ['141680393.0', '141680393.0', '141680393.0', '141685812.0'], 'State': 'transferring', 'RecordedSite': True, 'Error': [90000, "Got recoverable stageout exception:\nStageout failed with code 1.\nThere were 3 failed/killed stageout jobs.\nFailure reasons (per document) follow:\n- a52d4a1f5c0a68bf3576797712f005b09566eb82bea1e2e96995f4f0:\n  -----> ASO log start -----\n  ['TRANSFER [5] TRANSFER ERROR: Copy failed (3rd pull). Last attempt: copy HTTP 500 : Unexpected server error: 500 [...CUT...] Full log at https://fts3-cms.cern.ch:8449/fts3/ftsmon/#/job/318163ec-1397-11f1-ac8e-fa163e4409e3']\n  <----- ASO log finish ----\n  The last failure reason is recoverable.\n- 7e057222e4bdcc01da7fd931cc965d5972d1ade0718a045b5b1958fc:\n  -----> ASO log start -----\n  ['DESTINATION [110] timeout of 900s [...CUT...] Full log at https://fts3-cms.cern.ch:8449/fts3/ftsmon/#/job/318163ec-1397-11f1-ac8e-fa163e4409e3']\n  <----- ASO log finish ----\n  The last failure reason is recoverable.\n- e05dc53ed8937b08a83f58f2a5dc534ab62ec66c6aab395705385221:\n  -----> ASO log start -----\n  ['TRANSFER [5] TRANSFER ERROR: Copy failed (3rd pull). Last attempt: copy HTTP 500 : Unexpected server error: 500 [...CUT...] Full log at https://fts3-cms.cern.ch:8449/fts3/ftsmon/#/job/318163ec-1397-11f1-ac8e-fa163e4409e3']\n  <----- ASO log finish ----\n  The last failure reason is recoverable.", {}]}, '269': {'Retries': 4, 'Restarts': 2, 'SiteHistory': ['Unknown', 'T2_CN_Beijing', 'T2_CN_Beijing', 'Unknown', 'T2_US_Florida', 'T2_CH_CERN', 'T2_TR_METU', 'T2_TR_METU', 'T2_CH_CERN', 'T2_CH_CERN'], 'ResidentSetSize': [1536, 724608, 750000, 690340, 3539976], 'SubmitTimes': [1772161712.0, -1, -1, 1772179424.0, 1772193718.0], 'StartTimes': [1772162979.0, 1772164264.0, 1772167021.0, 1772179435.0, 1772193941.0], 'EndTimes': [1772163581.0, 1772167016.0, 1772168536.0, 1772182777.0, 1772197206.0], 'TotalUserCpuTimeHistory': [0.0, 3536.0, 5961, 4613, 3195], 'TotalSysCpuTimeHistory': [0.0, 402.0, 764, 1035, 1019], 'WallDurations': [9.0, 281.4985866546631, 602.0, 9.0, 2752.0, 1515.0, 10.0, 3342.0, 0, 3265.0], 'JobIds': ['141680394.0', '141680394.0', '141680394.0', '141685925.0', '141698479.0'], 'State': 'transferring', 'RecordedSite': True, 'Error': [90000, "Got recoverable stageout exception:\nStageout failed with code 1.\nThere were 3 failed/killed stageout jobs.\nFailure reasons (per document) follow:\n- 3d476213f6ecf810b5a82aba02275bbb2c60cbd46ba37aa3979f374b:\n  -----> ASO log start -----\n  ['TRANSFER [5] TRANSFER ERROR: Copy failed (3rd pull). Last attempt: copy HTTP 500 : Unexpected server error: 500 [...CUT...] Full log at https://fts3-cms.cern.ch:8449/fts3/ftsmon/#/job/1bfa1522-13bb-11f1-ab22-fa163e1db714']\n  <----- ASO log finish ----\n  The last failure reason is recoverable.\n- 28f1de6bc5f296c24762433b85fe9cc13ced4f955e2ffa39827cadb7:\n  -----> ASO log start -----\n  ['TRANSFER [5] TRANSFER ERROR: Copy failed (3rd pull). Last attempt: copy HTTP 500 : Unexpected server error: 500 [...CUT...] Full log at https://fts3-cms.cern.ch:8449/fts3/ftsmon/#/job/1bfa1522-13bb-11f1-ab22-fa163e1db714']\n  <----- ASO log finish ----\n  The last failure reason is recoverable.\n- 644778ab13f492077ca2a56a21f3f8efe1fb956354a4123eb0eeb756:\n  -----> ASO log start -----\n  ['TRANSFER [5] TRANSFER ERROR: Copy failed (3rd pull). Last attempt: copy HTTP 500 : Unexpected server error: 500 [...CUT...] Full log at https://fts3-cms.cern.ch:8449/fts3/ftsmon/#/job/1bfa1522-13bb-11f1-ab22-fa163e1db714']\n  <----- ASO log finish ----\n  The last failure reason is recoverable.", {}]}, '267': {'Retries': 3, 'Restarts': 1, 'SiteHistory': ['Unknown', 'T2_CN_Beijing', 'T2_CN_Beijing', 'Unknown', 'T2_US_UCSD', 'T2_CH_CERN', 'T2_CH_CERN', 'T2_CH_CERN', 'T2_CH_CERN'], 'ResidentSetSize': [1536, 739164, 978256, 2110460], 'SubmitTimes': [1772161712.0, -1, 1772169788.0, 1772201121.0], 'StartTimes': [1772162980.0, 1772164268.0, 1772169877.0, 1772201222.0], 'EndTimes': [1772163582.0, 1772166113.0, 1772172145.0], 'TotalUserCpuTimeHistory': [0.0, 2335, 2645, 1280.0], 'TotalSysCpuTimeHistory': [0.0, 592, 892, 248.0], 'WallDurations': [9.0, 280.4985866546631, 602.0, 8.0, 1845.0, 9.0, 2268.0, 9.0, 910.0], 'JobIds': ['141680395.0', '141680395.0', '141681686.0', '141706867.0'], 'State': 'running', 'RecordedSite': True, 'Error': [90000, "Got recoverable stageout exception:\nStageout failed with code 1.\nThere were 1 failed/killed stageout jobs.\nFailure reasons (per document) follow:\n- 4c68ce040078fa432d53137544d69c2e88a35e4346ad639399201bb2:\n  -----> ASO log start -----\n  ['DESTINATION [5] HTTP 500 : Unexpected server error: 500 [...CUT...] Full log at https://fts3-cms.cern.ch:8449/fts3/ftsmon/#/job/304dd130-13a2-11f1-bec3-fa163e9e00e6']\n  <----- ASO log finish ----\n  The last failure reason is recoverable.", {}]}, '273': {'Retries': 2, 'Restarts': 0, 'SiteHistory': ['Unknown', 'T2_LV_HPCNET', 'T2_LV_HPCNET', 'T3_KR_KNU', 'T3_KR_KNU', 'T2_FR_IPHC', 'T2_FR_IPHC'], 'ResidentSetSize': [537760, 806104, 760164], 'SubmitTimes': [1772161712.0, 1772168751.0, 1772177201.0], 'StartTimes': [1772162973.0, 1772168774.0, 1772177240.0], 'EndTimes': [1772165080.0, 1772171666.0, 1772179719.0], 'TotalUserCpuTimeHistory': [2632, 4060, 2959], 'TotalSysCpuTimeHistory': [286, 1279, 942], 'WallDurations': [9.0, 287.4985866546631, 2107.0, 8.0, 2892.0, 9.0, 2479.0], 'JobIds': ['141680396.0', '141681565.0', '141685704.0'], 'State': 'transferring', 'RecordedSite': True, 'Error': [90000, "Got recoverable stageout exception:\nStageout failed with code 1.\nThere were 1 failed/killed stageout jobs.\nFailure reasons (per document) follow:\n- c5770385cfaefc4427da004df699bd346b11d39fa1948ab8cd76a93f:\n  -----> ASO log start -----\n  ['DESTINATION [110] timeout of 900s [...CUT...] Full log at https://fts3-cms.cern.ch:8449/fts3/ftsmon/#/job/7593676a-13a1-11f1-b93c-fa163e1db714']\n  <----- ASO log finish ----\n  The last failure reason is recoverable.", {}]}, '272': {'Retries': 2, 'Restarts': 0, 'SiteHistory': ['Unknown', 'T2_HU_Budapest', 'T2_HU_Budapest', 'T3_KR_KNU', 'T3_KR_KNU', 'T2_CH_CERN', 'T2_CH_CERN'], 'ResidentSetSize': [2939576, 687820, 729048], 'SubmitTimes': [1772161712.0, 1772170786.0, 1772181325.0], 'StartTimes': [1772162972.0, 1772170959.0, 1772181357.0], 'EndTimes': [1772167110.0, 1772173982.0, 1772185314.0], 'TotalUserCpuTimeHistory': [5604, 4237, 3452], 'TotalSysCpuTimeHistory': [1077, 1368, 1299], 'WallDurations': [9.0, 288.4985866546631, 4138.0, 9.0, 3023.0, 8.0, 3957.0], 'JobIds': ['141680397.0', '141681837.0', '141686173.0'], 'State': 'transferring', 'RecordedSite': True, 'Error': [90000, "Got recoverable stageout exception:\nStageout failed with code 1.\nThere were 1 failed/killed stageout jobs.\nFailure reasons (per document) follow:\n- 3deed11a83f0b5b2c45570029208b88a0447f7065009c168398fe2a6:\n  -----> ASO log start -----\n  ['DESTINATION [5] HTTP 500 : Unexpected server error: 500 [...CUT...] Full log at https://fts3-cms.cern.ch:8449/fts3/ftsmon/#/job/92075848-13a6-11f1-a6b7-fa163e6c8d57']\n  <----- ASO log finish ----\n  The last failure reason is recoverable.", {}]}, '274': {'Retries': 2, 'Restarts': 0, 'SiteHistory': ['Unknown', 'T2_BE_IIHE', 'T2_BE_IIHE', 'Unknown', 'T2_TR_METU', 'T2_TR_METU', 'Unknown', 'T2_CH_CERN', 'T2_CH_CERN'], 'ResidentSetSize': [662488, 633768, 504612], 'SubmitTimes': [1772161712.0, 1772170304.0, 1772193077.0], 'StartTimes': [1772162973.0, 1772170535.0, 1772193402.0], 'EndTimes': [1772164822.0, 1772176721.0, 1772196569.0], 'TotalUserCpuTimeHistory': [2382, 6266, 3280], 'TotalSysCpuTimeHistory': [775, 2029, 1149], 'WallDurations': [8.0, 287.4985866546631, 1849.0, 10.0, 157.63993883132935, 6186.0, 9.0, 233.11276602745056, 3167.0], 'JobIds': ['141680398.0', '141681766.0', '141698366.0'], 'State': 'transferring', 'RecordedSite': True, 'Error': [90000, "Got recoverable stageout exception:\nStageout failed with code 1.\nThere were 3 failed/killed stageout jobs.\nFailure reasons (per document) follow:\n- 2b5f6f8e12dd446a76d23f4d9a308e2fc6d56544129f81b8e915de94:\n  -----> ASO log start -----\n  ['TRANSFER [5] TRANSFER ERROR: Copy failed (3rd pull). Last attempt: copy HTTP 500 : Unexpected server error: 500 [...CUT...] Full log at https://fts3-cms.cern.ch:8449/fts3/ftsmon/#/job/2bfbbaba-13ad-11f1-9af2-fa163e65d4d2']\n  <----- ASO log finish ----\n  The last failure reason is recoverable.\n- 5bc1a37024cc4c1829f0f9eba5d466fdaba60242c4511b3791d53e5f:\n  -----> ASO log start -----\n  ['TRANSFER [5] TRANSFER ERROR: Copy failed (3rd pull). Last attempt: copy HTTP 500 : Unexpected server error: 500 [...CUT...] Full log at https://fts3-cms.cern.ch:8449/fts3/ftsmon/#/job/2bfbbaba-13ad-11f1-9af2-fa163e65d4d2']\n  <----- ASO log finish ----\n  The last failure reason is recoverable.\n- e62680a8869a699fc1ba6663d8f89546e29a038da1d9dd09786d21a9:\n  -----> ASO log start -----\n  ['TRANSFER [5] TRANSFER ERROR: Copy failed (3rd pull). Last attempt: copy HTTP 500 : Unexpected server error: 500 [...CUT...] Full log at https://fts3-cms.cern.ch:8449/fts3/ftsmon/#/job/2bfbbaba-13ad-11f1-9af2-fa163e65d4d2']\n  <----- ASO log finish ----\n  The last failure reason is recoverable.", {}]}, '271': {'Retries': 2, 'Restarts': 0, 'SiteHistory': ['Unknown', 'T2_BE_IIHE', 'T2_BE_IIHE', 'T2_FR_IPHC', 'T2_FR_IPHC', 'T2_CH_CERN', 'T2_CH_CERN'], 'ResidentSetSize': [685140, 693400, 1781552], 'SubmitTimes': [1772161712.0, 1772168233.0, 1772199738.0], 'StartTimes': [1772162972.0, 1772168236.0, 1772199778.0], 'EndTimes': [1772164565.0, 1772170775.0, 1772202457.0], 'TotalUserCpuTimeHistory': [2069, 3117, 3079], 'TotalSysCpuTimeHistory': [641, 1041, 1115], 'WallDurations': [9.0, 288.4985866546631, 1593.0, 8.0, 2539.0, 9.0, 2679.0], 'JobIds': ['141680399.0', '141681480.0', '141706244.0'], 'State': 'transferring', 'RecordedSite': True, 'Error': [90000, "Got recoverable stageout exception:\nStageout failed with code 1.\nThere were 3 failed/killed stageout jobs.\nFailure reasons (per document) follow:\n- 4911bce5dc9363ad381382fdaf9aa7415e60355674ca29272b42498d:\n  -----> ASO log start -----\n  ['TRANSFER [5] TRANSFER ERROR: Copy failed (3rd pull). Last attempt: copy HTTP 500 : Unexpected server error: 500 [...CUT...] Full log at https://fts3-cms.cern.ch:8449/fts3/ftsmon/#/job/481c5dfc-139f-11f1-a5ac-fa163e6c8d57']\n  <----- ASO log finish ----\n  The last failure reason is recoverable.\n- fc22c2aa84122957a8e56205376b0648a4f823320cc3add32784977d:\n  -----> ASO log start -----\n  ['TRANSFER [5] TRANSFER ERROR: Copy failed (3rd pull). Last attempt: copy HTTP 500 : Unexpected server error: 500 [...CUT...] Full log at https://fts3-cms.cern.ch:8449/fts3/ftsmon/#/job/481c5dfc-139f-11f1-a5ac-fa163e6c8d57']\n  <----- ASO log finish ----\n  The last failure reason is recoverable.\n- 69fa5c3ba13e96d1a058734fadb32f75812497f4c5a6b45b67e973cc:\n  -----> ASO log start -----\n  ['TRANSFER [5] TRANSFER ERROR: Copy failed (3rd pull). Last attempt: copy HTTP 500 : Unexpected server error: 500 [...CUT...] Full log at https://fts3-cms.cern.ch:8449/fts3/ftsmon/#/job/481c5dfc-139f-11f1-a5ac-fa163e6c8d57']\n  <----- ASO log finish ----\n  The last failure reason is recoverable.", {}]}, '278': {'Retries': 1, 'Restarts': 0, 'SiteHistory': ['Unknown', 'T2_FR_IPHC', 'T2_FR_IPHC', 'Unknown', 'T2_US_Nebraska', 'T2_US_Nebraska'], 'ResidentSetSize': [708536, 990668], 'SubmitTimes': [1772161717.0, 1772170676.0], 'StartTimes': [1772162973.0, 1772170802.0], 'EndTimes': [1772165199.0, 1772173394.0], 'TotalUserCpuTimeHistory': [2759, 3820], 'TotalSysCpuTimeHistory': [745, 837], 'WallDurations': [8.0, 287.4985866546631, 2226.0, 10.0, 206.44514417648315, 2592.0], 'JobIds': ['141680401.0', '141681816.0'], 'State': 'finished', 'RecordedSite': True, 'Error': [0, 'OK', {}]}, '275': {'Retries': 1, 'Restarts': 0, 'SiteHistory': ['Unknown', 'T2_FR_GRIF', 'T2_FR_GRIF', 'T2_US_Nebraska', 'T2_US_Nebraska'], 'ResidentSetSize': [762088, 3621404], 'SubmitTimes': [1772161717.0, 1772173030.0], 'StartTimes': [1772162972.0, 1772173175.0], 'EndTimes': [1772167559.0, 1772176481.0], 'TotalUserCpuTimeHistory': [5567, 4821], 'TotalSysCpuTimeHistory': [780, 1185], 'WallDurations': [9.0, 288.4985866546631, 4587.0, 9.0, 3306.0], 'JobIds': ['141680402.0', '141682536.0'], 'State': 'finished', 'RecordedSite': True, 'Error': [0, 'OK', {}]}, '276': {'Retries': 2, 'Restarts': 0, 'SiteHistory': ['Unknown', 'T2_IT_Rome', 'T2_IT_Rome', 'T2_EE_Estonia', 'T2_EE_Estonia', 'T2_CH_CERN', 'T2_CH_CERN'], 'ResidentSetSize': [595344, 776056, 617716], 'SubmitTimes': [1772161717.0, 1772168721.0, 1772201791.0], 'StartTimes': [1772162972.0, 1772168738.0, 1772201862.0], 'EndTimes': [1772165047.0, 1772174615.0], 'TotalUserCpuTimeHistory': [3026, 7096, 928.0], 'TotalSysCpuTimeHistory': [450, 2435, 162.0], 'WallDurations': [9.0, 288.4985866546631, 2075.0, 8.0, 5877.0, 9.0, 611.0], 'JobIds': ['141680403.0', '141681556.0', '141706984.0'], 'State': 'running', 'RecordedSite': True, 'Error': [90000, "Got recoverable stageout exception:\nStageout failed with code 1.\nThere were 3 failed/killed stageout jobs.\nFailure reasons (per document) follow:\n- b51ba51cfd45b503c9e6cf79af04e5c2cc4ec4ed5d8dd380859bc819:\n  -----> ASO log start -----\n  ['TRANSFER [5] TRANSFER ERROR: Copy failed (3rd pull). Last attempt: copy HTTP 500 : Unexpected server error: 500 [...CUT...] Full log at https://fts3-cms.cern.ch:8449/fts3/ftsmon/#/job/0807010a-13a8-11f1-8295-fa163e172462']\n  <----- ASO log finish ----\n  The last failure reason is recoverable.\n- 5ce8c7dee728f3a7dea668e6af4ac89126656cdcad686e44d2163c41:\n  -----> ASO log start -----\n  ['TRANSFER [5] TRANSFER ERROR: Copy failed (3rd pull). Last attempt: copy HTTP 500 : Unexpected server error: 500 [...CUT...] Full log at https://fts3-cms.cern.ch:8449/fts3/ftsmon/#/job/0807010a-13a8-11f1-8295-fa163e172462']\n  <----- ASO log finish ----\n  The last failure reason is recoverable.\n- 6a4c1c94a24f006755f1dc3b00cc4e82f892d625a89fec983b3d29ff:\n  -----> ASO log start -----\n  ['TRANSFER [5] TRANSFER ERROR: Copy failed (3rd pull). Last attempt: copy HTTP 500 : Unexpected server error: 500 [...CUT...] Full log at https://fts3-cms.cern.ch:8449/fts3/ftsmon/#/job/0807010a-13a8-11f1-8295-fa163e172462']\n  <----- ASO log finish ----\n  The last failure reason is recoverable.", {}]}, '277': {'Retries': 0, 'Restarts': 0, 'SiteHistory': ['Unknown', 'T2_UK_SGrid_RALPP', 'T2_UK_SGrid_RALPP'], 'ResidentSetSize': [606120], 'SubmitTimes': [1772161717.0], 'StartTimes': [1772162972.0], 'EndTimes': [1772165932.0], 'TotalUserCpuTimeHistory': [3574], 'TotalSysCpuTimeHistory': [1005], 'WallDurations': [9.0, 288.4985866546631, 2960.0], 'JobIds': ['141680404.0'], 'State': 'finished', 'RecordedSite': True, 'Error': [0, 'OK', {}]}, '279': {'Retries': 1, 'Restarts': 0, 'SiteHistory': ['Unknown', 'T2_BE_IIHE', 'T2_BE_IIHE', 'T2_UK_SGrid_RALPP', 'T2_UK_SGrid_RALPP'], 'ResidentSetSize': [1136848, 677660], 'SubmitTimes': [1772161717.0, 1772170504.0], 'StartTimes': [1772162972.0, 1772170620.0], 'EndTimes': [1772165027.0, 1772172624.0], 'TotalUserCpuTimeHistory': [2478, 2548], 'TotalSysCpuTimeHistory': [761, 715], 'WallDurations': [9.0, 288.4985866546631, 2055.0, 9.0, 2004.0], 'JobIds': ['141680405.0', '141681791.0'], 'State': 'finished', 'RecordedSite': True, 'Error': [0, 'OK', {}]}, '280': {'Retries': 1, 'Restarts': 0, 'SiteHistory': ['Unknown', 'T2_FR_IPHC', 'T2_FR_IPHC', 'Unknown', 'T2_CH_CERN', 'T2_CH_CERN'], 'ResidentSetSize': [3668848, 3657400], 'SubmitTimes': [1772161717.0, 1772170264.0], 'StartTimes': [1772162972.0, 1772170426.0], 'EndTimes': [1772164787.0, 1772175421.0], 'TotalUserCpuTimeHistory': [2123, 6204], 'TotalSysCpuTimeHistory': [661, 1515], 'WallDurations': [9.0, 288.4985866546631, 1815.0, 9.0, 266.63993883132935, 4995.0], 'JobIds': ['141680406.0', '141681752.0'], 'State': 'transferring', 'RecordedSite': True, 'Error': [90000, "Got recoverable stageout exception:\nStageout failed with code 1.\nThere were 3 failed/killed stageout jobs.\nFailure reasons (per document) follow:\n- a2d12677c4b075d0b036bb3e09db88e36d9459454ee58ad5138972ca:\n  -----> ASO log start -----\n  ['TRANSFER [5] TRANSFER ERROR: Copy failed (3rd pull). Last attempt: copy HTTP 500 : Unexpected server error: 500 [...CUT...] Full log at https://fts3-cms.cern.ch:8449/fts3/ftsmon/#/job/6a3b38d0-1391-11f1-9638-fa163e65d4d2']\n  <----- ASO log finish ----\n  The last failure reason is recoverable.\n- 71721e7fa93b63648d1ab4c15fa7adea320048f84a3fd9cc6f38a321:\n  -----> ASO log start -----\n  ['TRANSFER [5] TRANSFER ERROR: Copy failed (3rd pull). Last attempt: copy HTTP 500 : Unexpected server error: 500 [...CUT...] Full log at https://fts3-cms.cern.ch:8449/fts3/ftsmon/#/job/6a3b38d0-1391-11f1-9638-fa163e65d4d2']\n  <----- ASO log finish ----\n  The last failure reason is recoverable.\n- df08e7c13a0c83ba39f6e995c1092b3bbe9a50e3ac15ca16267dc9c9:\n  -----> ASO log start -----\n  ['TRANSFER [5] TRANSFER ERROR: Copy failed (3rd pull). Last attempt: copy HTTP 500 : Unexpected server error: 500 [...CUT...] Full log at https://fts3-cms.cern.ch:8449/fts3/ftsmon/#/job/6a3b38d0-1391-11f1-9638-fa163e65d4d2']\n  <----- ASO log finish ----\n  The last failure reason is recoverable.", {}]}, '281': {'Retries': 1, 'Restarts': 0, 'SiteHistory': ['Unknown', 'T2_IT_Rome', 'T2_IT_Rome', 'T2_CH_CERN', 'T2_CH_CERN'], 'ResidentSetSize': [560444, 672344], 'SubmitTimes': [1772161717.0, 1772168856.0], 'StartTimes': [1772162972.0, 1772168883.0], 'EndTimes': [1772165178.0, 1772171668.0], 'TotalUserCpuTimeHistory': [3420, 2964], 'TotalSysCpuTimeHistory': [589, 1107], 'WallDurations': [9.0, 288.4985866546631, 2206.0, 8.0, 2785.0], 'JobIds': ['141680407.0', '141681574.0'], 'State': 'transferring', 'RecordedSite': True, 'Error': [90000, "Got recoverable stageout exception:\nStageout failed with code 1.\nThere were 3 failed/killed stageout jobs.\nFailure reasons (per document) follow:\n- 5bfdfb49dcb4353211405659f121674687bd47a9df47a290c505c399:\n  -----> ASO log start -----\n  ['TRANSFER [5] TRANSFER ERROR: Copy failed (3rd pull). Last attempt: copy HTTP 500 : Unexpected server error: 500 [...CUT...] Full log at https://fts3-cms.cern.ch:8449/fts3/ftsmon/#/job/206bcb42-1392-11f1-a8e6-fa163e6c8d57']\n  <----- ASO log finish ----\n  The last failure reason is recoverable.\n- 83830a8cfa8e5de50e1a96d49739a077a5f46f9d205e4b981988c88e:\n  -----> ASO log start -----\n  ['TRANSFER [5] TRANSFER ERROR: Copy failed (3rd pull). Last attempt: copy HTTP 500 : Unexpected server error: 500 [...CUT...] Full log at https://fts3-cms.cern.ch:8449/fts3/ftsmon/#/job/206bcb42-1392-11f1-a8e6-fa163e6c8d57']\n  <----- ASO log finish ----\n  The last failure reason is recoverable.\n- c4ebee41ae28176f3617d8d877fd528ddbbac2a2c1dd941ee936fc63:\n  -----> ASO log start -----\n  ['TRANSFER [5] TRANSFER ERROR: Copy failed (3rd pull). Last attempt: copy HTTP 500 : Unexpected server error: 500 [...CUT...] Full log at https://fts3-cms.cern.ch:8449/fts3/ftsmon/#/job/206bcb42-1392-11f1-a8e6-fa163e6c8d57']\n  <----- ASO log finish ----\n  The last failure reason is recoverable.", {}]}, '282': {'Retries': 2, 'Restarts': 0, 'SiteHistory': ['Unknown', 'T2_BE_IIHE', 'T2_BE_IIHE', 'T2_TR_METU', 'T2_TR_METU', 'T2_CH_CSCS', 'T2_CH_CSCS'], 'ResidentSetSize': [636380, 686312, 661608], 'SubmitTimes': [1772161717.0, 1772170224.0, 1772194094.0], 'StartTimes': [1772162973.0, 1772170352.0, 1772194100.0], 'EndTimes': [1772164748.0, 1772175943.0, 1772196161.0], 'TotalUserCpuTimeHistory': [2228, 6368, 2446], 'TotalSysCpuTimeHistory': [645, 2107, 658], 'WallDurations': [9.0, 287.4985866546631, 1775.0, 10.0, 5591.0, 8.0, 2061.0], 'JobIds': ['141680408.0', '141681745.0', '141698547.0'], 'State': 'finished', 'RecordedSite': True, 'Error': [0, 'OK', {}]}, '283': {'Retries': 1, 'Restarts': 0, 'SiteHistory': ['Unknown', 'T2_FR_IPHC', 'T2_FR_IPHC', 'Unknown', 'T2_CH_CERN', 'T2_CH_CERN'], 'ResidentSetSize': [761120, 661188], 'SubmitTimes': [1772161717.0, 1772170645.0], 'StartTimes': [1772162972.0, 1772170793.0], 'EndTimes': [1772165168.0, 1772173254.0], 'TotalUserCpuTimeHistory': [2503, 2856], 'TotalSysCpuTimeHistory': [403, 922], 'WallDurations': [9.0, 288.4985866546631, 2196.0, 9.0, 215.44514417648315, 2461.0], 'JobIds': ['141680409.0', '141681811.0'], 'State': 'transferring', 'RecordedSite': True, 'Error': [90000, "Got recoverable stageout exception:\nStageout failed with code 1.\nThere were 3 failed/killed stageout jobs.\nFailure reasons (per document) follow:\n- ecd675e669c60c6b8c49f6793294100795ffb1144b40b182e56becc5:\n  -----> ASO log start -----\n  ['TRANSFER [5] TRANSFER ERROR: Copy failed (3rd pull). Last attempt: copy HTTP 500 : Unexpected server error: 500 [...CUT...] Full log at https://fts3-cms.cern.ch:8449/fts3/ftsmon/#/job/2088bd56-1392-11f1-b0a1-fa163e5dc706']\n  <----- ASO log finish ----\n  The last failure reason is recoverable.\n- afcb1f7ea000fb2f2ab0e0b88c47bd4bede3c056b1ffa4e8de93ba2b:\n  -----> ASO log start -----\n  ['TRANSFER [5] TRANSFER ERROR: Copy failed (3rd pull). Last attempt: copy HTTP 500 : Unexpected server error: 500 [...CUT...] Full log at https://fts3-cms.cern.ch:8449/fts3/ftsmon/#/job/2088bd56-1392-11f1-b0a1-fa163e5dc706']\n  <----- ASO log finish ----\n  The last failure reason is recoverable.\n- 3c74993afd7770ef829f3057108ba12927d95098f4942c55b4d394b9:\n  -----> ASO log start -----\n  ['TRANSFER [5] TRANSFER ERROR: Copy failed (3rd pull). Last attempt: copy HTTP 500 : Unexpected server error: 500 [...CUT...] Full log at https://fts3-cms.cern.ch:8449/fts3/ftsmon/#/job/2088bd56-1392-11f1-b0a1-fa163e5dc706']\n  <----- ASO log finish ----\n  The last failure reason is recoverable.", {}]}, '284': {'Retries': 1, 'Restarts': 0, 'SiteHistory': ['Unknown', 'T2_IT_Rome', 'T2_IT_Rome', 'Unknown', 'T2_CH_CERN', 'T2_CH_CERN'], 'ResidentSetSize': [611580, 696628], 'SubmitTimes': [1772161717.0, 1772169708.0], 'StartTimes': [1772162973.0, 1772169764.0], 'EndTimes': [1772166035.0, 1772173582.0], 'TotalUserCpuTimeHistory': [4926, 4814], 'TotalSysCpuTimeHistory': [638, 1221], 'WallDurations': [9.0, 287.4985866546631, 3062.0, 9.0, 299.5890464782715, 3818.0], 'JobIds': ['141680410.0', '141681676.0'], 'State': 'transferring', 'RecordedSite': True, 'Error': [90000, "Got recoverable stageout exception:\nStageout failed with code 1.\nThere were 3 failed/killed stageout jobs.\nFailure reasons (per document) follow:\n- 10b44b9e5142d32a224354410b4bdc6370011ce6e1e2ff3f31a7fe68:\n  -----> ASO log start -----\n  ['TRANSFER [5] TRANSFER ERROR: Copy failed (3rd pull). Last attempt: copy HTTP 500 : Unexpected server error: 500 [...CUT...] Full log at https://fts3-cms.cern.ch:8449/fts3/ftsmon/#/job/46775d0e-1394-11f1-8d33-fa163e9e00e6']\n  <----- ASO log finish ----\n  The last failure reason is recoverable.\n- c56cd2ec1281f3b971112b0f4f4189bdf768276b0475db16106f308f:\n  -----> ASO log start -----\n  ['TRANSFER [5] TRANSFER ERROR: Copy failed (3rd pull). Last attempt: copy HTTP 500 : Unexpected server error: 500 [...CUT...] Full log at https://fts3-cms.cern.ch:8449/fts3/ftsmon/#/job/46775d0e-1394-11f1-8d33-fa163e9e00e6']\n  <----- ASO log finish ----\n  The last failure reason is recoverable.\n- b762551aa42831a6f8e5ce7776d5edb7743e261ee50347d0c2037a4c:\n  -----> ASO log start -----\n  ['TRANSFER [5] TRANSFER ERROR: Copy failed (3rd pull). Last attempt: copy HTTP 500 : Unexpected server error: 500 [...CUT...] Full log at https://fts3-cms.cern.ch:8449/fts3/ftsmon/#/job/46775d0e-1394-11f1-8d33-fa163e9e00e6']\n  <----- ASO log finish ----\n  The last failure reason is recoverable.", {}]}, '285': {'Retries': 1, 'Restarts': 0, 'SiteHistory': ['Unknown', 'T2_BE_UCL', 'T2_BE_UCL', 'T3_KR_KNU', 'T3_KR_KNU'], 'ResidentSetSize': [701832, 729788], 'SubmitTimes': [1772161717.0, 1772168018.0], 'StartTimes': [1772162972.0, 1772168063.0], 'EndTimes': [1772164348.0, 1772170891.0], 'TotalUserCpuTimeHistory': [1675, 3722], 'TotalSysCpuTimeHistory': [123, 634], 'WallDurations': [9.0, 288.4985866546631, 1376.0, 9.0, 2828.0], 'JobIds': ['141680411.0', '141681454.0'], 'State': 'finished', 'RecordedSite': True, 'Error': [0, 'OK', {}]}, '286': {'Retries': 0, 'Restarts': 0, 'SiteHistory': ['Unknown', 'T2_CH_CSCS', 'T2_CH_CSCS'], 'ResidentSetSize': [682424], 'SubmitTimes': [1772161717.0], 'StartTimes': [1772162972.0], 'EndTimes': [1772165162.0], 'TotalUserCpuTimeHistory': [2655], 'TotalSysCpuTimeHistory': [718], 'WallDurations': [9.0, 288.4985866546631, 2190.0], 'JobIds': ['141680412.0'], 'State': 'finished', 'RecordedSite': True, 'Error': [0, 'OK', {}]}, '287': {'Retries': 1, 'Restarts': 0, 'SiteHistory': ['Unknown', 'T2_FR_IPHC', 'T2_FR_IPHC', 'T3_KR_KNU', 'T3_KR_KNU'], 'ResidentSetSize': [685136, 686764], 'SubmitTimes': [1772161717.0, 1772168379.0], 'StartTimes': [1772162972.0, 1772168398.0], 'EndTimes': [1772164704.0, 1772171303.0], 'TotalUserCpuTimeHistory': [2065, 4129], 'TotalSysCpuTimeHistory': [595, 1307], 'WallDurations': [9.0, 288.4985866546631, 1732.0, 9.0, 2905.0], 'JobIds': ['141680413.0', '141681502.0'], 'State': 'finished', 'RecordedSite': True, 'Error': [0, 'OK', {}]}, '288': {'Retries': 0, 'Restarts': 0, 'SiteHistory': ['Unknown', 'T2_DE_RWTH', 'T2_DE_RWTH'], 'ResidentSetSize': [716544], 'SubmitTimes': [1772161717.0], 'StartTimes': [1772162973.0], 'EndTimes': [1772169861.0], 'TotalUserCpuTimeHistory': [8325], 'TotalSysCpuTimeHistory': [2188], 'WallDurations': [8.0, 287.4985866546631, 6888.0], 'JobIds': ['141680414.0'], 'State': 'finished', 'RecordedSite': True, 'Error': [0, 'OK', {}]}, '289': {'Retries': 0, 'Restarts': 0, 'SiteHistory': ['Unknown', 'T2_DE_RWTH', 'T2_DE_RWTH'], 'ResidentSetSize': [698304], 'SubmitTimes': [1772161717.0], 'StartTimes': [1772162972.0], 'EndTimes': [1772171223.0], 'TotalUserCpuTimeHistory': [10290], 'TotalSysCpuTimeHistory': [3118], 'WallDurations': [9.0, 288.4985866546631, 8251.0], 'JobIds': ['141680415.0'], 'State': 'finished', 'RecordedSite': True, 'Error': [0, 'OK', {}]}, '290': {'Retries': 0, 'Restarts': 0, 'SiteHistory': ['Unknown', 'T2_DE_RWTH', 'T2_DE_RWTH'], 'ResidentSetSize': [727476], 'SubmitTimes': [1772161717.0], 'StartTimes': [1772162973.0], 'EndTimes': [1772167100.0], 'TotalUserCpuTimeHistory': [5712], 'TotalSysCpuTimeHistory': [1121], 'WallDurations': [8.0, 287.4985866546631, 4127.0], 'JobIds': ['141680416.0'], 'State': 'finished', 'RecordedSite': True, 'Error': [0, 'OK', {}]}, '291': {'Retries': 0, 'Restarts': 0, 'SiteHistory': ['Unknown', 'T2_DE_RWTH', 'T2_DE_RWTH'], 'ResidentSetSize': [684872], 'SubmitTimes': [1772161717.0], 'StartTimes': [1772162974.0], 'EndTimes': [1772166466.0], 'TotalUserCpuTimeHistory': [4752], 'TotalSysCpuTimeHistory': [789], 'WallDurations': [9.0, 286.4985866546631, 3492.0], 'JobIds': ['141680417.0'], 'State': 'finished', 'RecordedSite': True, 'Error': [0, 'OK', {}]}, '292': {'Retries': 1, 'Restarts': 0, 'SiteHistory': ['Unknown', 'T2_BE_UCL', 'T2_BE_UCL', 'T2_CH_CSCS', 'T2_CH_CSCS'], 'ResidentSetSize': [712332, 706516], 'SubmitTimes': [1772161717.0, 1772169128.0], 'StartTimes': [1772162973.0, 1772169181.0], 'EndTimes': [1772165457.0, 1772171322.0], 'TotalUserCpuTimeHistory': [1408, 2687], 'TotalSysCpuTimeHistory': [47, 712], 'WallDurations': [8.0, 287.4985866546631, 2484.0, 9.0, 2141.0], 'JobIds': ['141680418.0', '141681607.0'], 'State': 'finished', 'RecordedSite': True, 'Error': [0, 'OK', {}]}, '293': {'Retries': 1, 'Restarts': 0, 'SiteHistory': ['Unknown', 'T2_FR_IPHC', 'T2_FR_IPHC', 'T2_CH_CERN', 'T2_CH_CERN'], 'ResidentSetSize': [690152, 734948], 'SubmitTimes': [1772161718.0, 1772168268.0], 'StartTimes': [1772162972.0, 1772168276.0], 'EndTimes': [1772164592.0, 1772170801.0], 'TotalUserCpuTimeHistory': [1931, 2883], 'TotalSysCpuTimeHistory': [597, 1002], 'WallDurations': [9.0, 288.4985866546631, 1620.0, 10.0, 2525.0], 'JobIds': ['141680419.0', '141681486.0'], 'State': 'finished', 'RecordedSite': True, 'Error': [0, 'OK', {}]}, '294': {'Retries': 0, 'Restarts': 0, 'SiteHistory': ['Unknown', 'T2_DE_RWTH', 'T2_DE_RWTH'], 'ResidentSetSize': [705904], 'SubmitTimes': [1772161718.0], 'StartTimes': [1772162972.0], 'EndTimes': [1772166202.0], 'TotalUserCpuTimeHistory': [4437], 'TotalSysCpuTimeHistory': [738], 'WallDurations': [9.0, 288.4985866546631, 3230.0], 'JobIds': ['141680420.0'], 'State': 'finished', 'RecordedSite': True, 'Error': [0, 'OK', {}]}, '302': {'Retries': 0, 'Restarts': 0, 'SiteHistory': ['Unknown', 'T2_DE_RWTH', 'T2_DE_RWTH'], 'ResidentSetSize': [722892], 'SubmitTimes': [1772161718.0], 'StartTimes': [1772162972.0], 'EndTimes': [1772166754.0], 'TotalUserCpuTimeHistory': [5293], 'TotalSysCpuTimeHistory': [966], 'WallDurations': [9.0, 288.4985866546631, 3782.0], 'JobIds': ['141680421.0'], 'State': 'finished', 'RecordedSite': True, 'Error': [0, 'OK', {}]}, '304': {'Retries': 0, 'Restarts': 0, 'SiteHistory': ['Unknown', 'T2_DE_RWTH', 'T2_DE_RWTH'], 'ResidentSetSize': [714116], 'SubmitTimes': [1772161718.0], 'StartTimes': [1772162972.0], 'EndTimes': [1772166794.0], 'TotalUserCpuTimeHistory': [5242], 'TotalSysCpuTimeHistory': [906], 'WallDurations': [10.0, 288.4985866546631, 3822.0], 'JobIds': ['141680422.0'], 'State': 'finished', 'RecordedSite': True, 'Error': [0, 'OK', {}]}, '297': {'Retries': 1, 'Restarts': 0, 'SiteHistory': ['Unknown', 'T2_IT_Rome', 'T2_IT_Rome', 'Unknown', 'T3_KR_KNU', 'T3_KR_KNU'], 'ResidentSetSize': [534176, 670028], 'SubmitTimes': [1772161718.0, 1772168148.0], 'StartTimes': [1772162972.0, 1772168176.0], 'EndTimes': [1772164477.0, 1772170875.0], 'TotalUserCpuTimeHistory': [2230, 3726], 'TotalSysCpuTimeHistory': [262, 1119], 'WallDurations': [9.0, 288.4985866546631, 1505.0, 9.0, 308.19277358055115, 2699.0], 'JobIds': ['141680423.0', '141681468.0'], 'State': 'finished', 'RecordedSite': True, 'Error': [0, 'OK', {}]}, '306': {'Retries': 1, 'Restarts': 0, 'SiteHistory': ['Unknown', 'T2_FR_IPHC', 'T2_FR_IPHC', 'Unknown', 'T2_US_Wisconsin', 'T2_US_Wisconsin'], 'ResidentSetSize': [814096, 3678844], 'SubmitTimes': [1772161718.0, 1772172668.0], 'StartTimes': [1772162972.0, 1772172898.0], 'EndTimes': [1772165394.0, 1772176191.0], 'TotalUserCpuTimeHistory': [3001, 4726], 'TotalSysCpuTimeHistory': [829, 1342], 'WallDurations': [9.0, 288.4985866546631, 2422.0, 9.0, 300.63973736763, 3293.0], 'JobIds': ['141680424.0', '141682441.0'], 'State': 'finished', 'RecordedSite': True, 'Error': [0, 'OK', {}]}, '301': {'Retries': 1, 'Restarts': 0, 'SiteHistory': ['Unknown', 'T2_FR_IPHC', 'T2_FR_IPHC', 'Unknown', 'T2_CH_CERN', 'T2_CH_CERN'], 'ResidentSetSize': [783020, 1803060], 'SubmitTimes': [1772161718.0, 1772170264.0], 'StartTimes': [1772162972.0, 1772170441.0], 'EndTimes': [1772164785.0, 1772174757.0], 'TotalUserCpuTimeHistory': [2256, 5524], 'TotalSysCpuTimeHistory': [566, 1148], 'WallDurations': [9.0, 288.4985866546631, 1813.0, 8.0, 251.63993883132935, 4316.0], 'JobIds': ['141680425.0', '141681754.0'], 'State': 'transferring', 'RecordedSite': True, 'Error': [90000, "Got recoverable stageout exception:\nStageout failed with code 1.\nThere were 3 failed/killed stageout jobs.\nFailure reasons (per document) follow:\n- 6e2ec860f934273e17ce232955993c9f08c5e290dc17aa8040b0b0e4:\n  -----> ASO log start -----\n  ['TRANSFER [5] TRANSFER ERROR: Copy failed (3rd pull). Last attempt: copy HTTP 500 : Unexpected server error: 500 [...CUT...] Full log at https://fts3-cms.cern.ch:8449/fts3/ftsmon/#/job/6a3b38d0-1391-11f1-9638-fa163e65d4d2']\n  <----- ASO log finish ----\n  The last failure reason is recoverable.\n- 68d8d021a2a3b8023ed8a8c17361f51486dd26e94afd01e702eb546d:\n  -----> ASO log start -----\n  ['TRANSFER [5] TRANSFER ERROR: Copy failed (3rd pull). Last attempt: copy HTTP 500 : Unexpected server error: 500 [...CUT...] Full log at https://fts3-cms.cern.ch:8449/fts3/ftsmon/#/job/6a3b38d0-1391-11f1-9638-fa163e65d4d2']\n  <----- ASO log finish ----\n  The last failure reason is recoverable.\n- 8ab5fc01579de3cb7027b89f5c15a93ea4d80457bbfa70c4d15103ee:\n  -----> ASO log start -----\n  ['TRANSFER [5] TRANSFER ERROR: Copy failed (3rd pull). Last attempt: copy HTTP 500 : Unexpected server error: 500 [...CUT...] Full log at https://fts3-cms.cern.ch:8449/fts3/ftsmon/#/job/6a3b38d0-1391-11f1-9638-fa163e65d4d2']\n  <----- ASO log finish ----\n  The last failure reason is recoverable.", {}]}, '296': {'Retries': 0, 'Restarts': 0, 'SiteHistory': ['Unknown', 'T2_DE_RWTH', 'T2_DE_RWTH'], 'ResidentSetSize': [2856192], 'SubmitTimes': [1772161718.0], 'StartTimes': [1772162972.0], 'EndTimes': [1772166724.0], 'TotalUserCpuTimeHistory': [5154], 'TotalSysCpuTimeHistory': [966], 'WallDurations': [9.0, 288.4985866546631, 3752.0], 'JobIds': ['141680426.0'], 'State': 'finished', 'RecordedSite': True, 'Error': [0, 'OK', {}]}, '307': {'Retries': 0, 'Restarts': 0, 'SiteHistory': ['Unknown', 'T2_DE_RWTH', 'T2_DE_RWTH'], 'ResidentSetSize': [682408], 'SubmitTimes': [1772161718.0], 'StartTimes': [1772162976.0], 'EndTimes': [1772166322.0], 'TotalUserCpuTimeHistory': [4695], 'TotalSysCpuTimeHistory': [817], 'WallDurations': [8.0, 284.4985866546631, 3346.0], 'JobIds': ['141680427.0'], 'State': 'finished', 'RecordedSite': True, 'Error': [0, 'OK', {}]}, '309': {'Retries': 0, 'Restarts': 0, 'SiteHistory': ['Unknown', 'T2_DE_RWTH', 'T2_DE_RWTH'], 'ResidentSetSize': [3671472], 'SubmitTimes': [1772161718.0], 'StartTimes': [1772162976.0], 'EndTimes': [1772166876.0], 'TotalUserCpuTimeHistory': [5203], 'TotalSysCpuTimeHistory': [947], 'WallDurations': [9.0, 284.4985866546631, 3900.0], 'JobIds': ['141680428.0'], 'State': 'finished', 'RecordedSite': True, 'Error': [0, 'OK', {}]}, '299': {'Retries': 0, 'Restarts': 0, 'SiteHistory': ['Unknown', 'T2_DE_RWTH', 'T2_DE_RWTH'], 'ResidentSetSize': [3678624], 'SubmitTimes': [1772161718.0], 'StartTimes': [1772162973.0], 'EndTimes': [1772170984.0], 'TotalUserCpuTimeHistory': [9789], 'TotalSysCpuTimeHistory': [2919], 'WallDurations': [8.0, 287.4985866546631, 8011.0], 'JobIds': ['141680429.0'], 'State': 'finished', 'RecordedSite': True, 'Error': [0, 'OK', {}]}, '305': {'Retries': 0, 'Restarts': 0, 'SiteHistory': ['Unknown', 'T2_DE_RWTH', 'T2_DE_RWTH'], 'ResidentSetSize': [792208], 'SubmitTimes': [1772161718.0], 'StartTimes': [1772162972.0], 'EndTimes': [1772166624.0], 'TotalUserCpuTimeHistory': [5034], 'TotalSysCpuTimeHistory': [942], 'WallDurations': [9.0, 288.4985866546631, 3652.0], 'JobIds': ['141680430.0'], 'State': 'finished', 'RecordedSite': True, 'Error': [0, 'OK', {}]}, '300': {'Retries': 0, 'Restarts': 0, 'SiteHistory': ['Unknown', 'T2_DE_RWTH', 'T2_DE_RWTH'], 'ResidentSetSize': [723404], 'SubmitTimes': [1772161718.0], 'StartTimes': [1772162974.0], 'EndTimes': [1772170646.0], 'TotalUserCpuTimeHistory': [9525], 'TotalSysCpuTimeHistory': [2691], 'WallDurations': [9.0, 286.4985866546631, 7672.0], 'JobIds': ['141680431.0'], 'State': 'finished', 'RecordedSite': True, 'Error': [0, 'OK', {}]}, '313': {'Retries': 0, 'Restarts': 0, 'SiteHistory': ['Unknown', 'T2_DE_RWTH', 'T2_DE_RWTH'], 'ResidentSetSize': [714572], 'SubmitTimes': [1772161718.0], 'StartTimes': [1772162972.0], 'EndTimes': [1772167264.0], 'TotalUserCpuTimeHistory': [5195], 'TotalSysCpuTimeHistory': [855], 'WallDurations': [9.0, 288.4985866546631, 4292.0], 'JobIds': ['141680432.0'], 'State': 'finished', 'RecordedSite': True, 'Error': [0, 'OK', {}]}, '310': {'Retries': 1, 'Restarts': 0, 'SiteHistory': ['Unknown', 'T2_DE_RWTH', 'T2_DE_RWTH', 'Unknown', 'T2_CH_CERN', 'T2_CH_CERN'], 'ResidentSetSize': [924240, 695284], 'SubmitTimes': [1772161718.0, 1772181058.0], 'StartTimes': [1772162972.0, 1772181103.0], 'EndTimes': [1772173781.0, 1772183065.0], 'TotalUserCpuTimeHistory': [12995, 2275], 'TotalSysCpuTimeHistory': [4442, 663], 'WallDurations': [9.0, 288.4985866546631, 10809.0, 8.0, 300.79079818725586, 1962.0], 'JobIds': ['141680433.0', '141686134.0'], 'State': 'transferring', 'RecordedSite': True, 'Error': [90000, "Got recoverable stageout exception:\nStageout failed with code 1.\nThere were 1 failed/killed stageout jobs.\nFailure reasons (per document) follow:\n- ba43916213cbcf1cb38323cb1e61ff88c871db1e9df08a1efa25e971:\n  -----> ASO log start -----\n  ['DESTINATION [5] HTTP 500 : Unexpected server error: 500 [...CUT...] Full log at https://fts3-cms.cern.ch:8449/fts3/ftsmon/#/job/d66f1b98-13a5-11f1-a9c1-fa163e65d4d2']\n  <----- ASO log finish ----\n  The last failure reason is recoverable.", {}]}, '311': {'Retries': 0, 'Restarts': 0, 'SiteHistory': ['Unknown', 'T2_DE_RWTH', 'T2_DE_RWTH'], 'ResidentSetSize': [720500], 'SubmitTimes': [1772161718.0], 'StartTimes': [1772162972.0], 'EndTimes': [1772166501.0], 'TotalUserCpuTimeHistory': [4877], 'TotalSysCpuTimeHistory': [851], 'WallDurations': [9.0, 288.4985866546631, 3529.0], 'JobIds': ['141680434.0'], 'State': 'finished', 'RecordedSite': True, 'Error': [0, 'OK', {}]}, '314': {'Retries': 0, 'Restarts': 0, 'SiteHistory': ['Unknown', 'T2_DE_RWTH', 'T2_DE_RWTH'], 'ResidentSetSize': [711372], 'SubmitTimes': [1772161718.0], 'StartTimes': [1772162973.0], 'EndTimes': [1772166518.0], 'TotalUserCpuTimeHistory': [4755], 'TotalSysCpuTimeHistory': [863], 'WallDurations': [8.0, 287.4985866546631, 3545.0], 'JobIds': ['141680435.0'], 'State': 'finished', 'RecordedSite': True, 'Error': [0, 'OK', {}]}, '308': {'Retries': 0, 'Restarts': 0, 'SiteHistory': ['Unknown', 'T2_DE_RWTH', 'T2_DE_RWTH'], 'ResidentSetSize': [764712], 'SubmitTimes': [1772161718.0], 'StartTimes': [1772162973.0], 'EndTimes': [1772167277.0], 'TotalUserCpuTimeHistory': [5893], 'TotalSysCpuTimeHistory': [1284], 'WallDurations': [9.0, 287.4985866546631, 4304.0], 'JobIds': ['141680436.0'], 'State': 'finished', 'RecordedSite': True, 'Error': [0, 'OK', {}]}, '298': {'Retries': 2, 'Restarts': 0, 'SiteHistory': ['Unknown', 'T2_FR_IPHC', 'T2_FR_IPHC', 'T3_KR_KNU', 'T3_KR_KNU', 'T2_DE_RWTH', 'T2_DE_RWTH'], 'ResidentSetSize': [1170012, 694592, 769052], 'SubmitTimes': [1772161718.0, 1772169053.0, 1772178123.0], 'StartTimes': [1772162972.0, 1772169085.0, 1772178150.0], 'EndTimes': [1772165378.0, 1772172585.0, 1772185585.0], 'TotalUserCpuTimeHistory': [2916, 5011, 9698], 'TotalSysCpuTimeHistory': [910, 1036, 2909], 'WallDurations': [9.0, 288.4985866546631, 2406.0, 9.0, 3500.0, 8.0, 7435.0], 'JobIds': ['141680437.0', '141681598.0', '141685785.0'], 'State': 'failed', 'RecordedSite': True, 'Error': [90000, "Got recoverable stageout exception:\nStageout failed with code 1.\nThere were 1 failed/killed stageout jobs.\nFailure reasons (per document) follow:\n- 50b885d9cab31bc9ca3b6dbd29f2c7dfd76b0e5f4d2100a503560162:\n  -----> ASO log start -----\n  ['TRANSFER [112] TRANSFER ERROR: Copy failed (3rd pull). Last attempt: copy HTTP 400 : Server Error [...CUT...] Full log at https://fts3-cms.cern.ch:8449/fts3/ftsmon/#/job/aa1ab5b8-13c1-11f1-a1e2-fa163e65d4d2']\n  <----- ASO log finish ----\n  The last failure reason is recoverable.", {}]}, '312': {'Retries': 0, 'Restarts': 0, 'SiteHistory': ['Unknown', 'T2_DE_RWTH', 'T2_DE_RWTH'], 'ResidentSetSize': [712144], 'SubmitTimes': [1772161718.0], 'StartTimes': [1772162972.0], 'EndTimes': [1772166603.0], 'TotalUserCpuTimeHistory': [5091], 'TotalSysCpuTimeHistory': [887], 'WallDurations': [9.0, 288.4985866546631, 3631.0], 'JobIds': ['141680438.0'], 'State': 'finished', 'RecordedSite': True, 'Error': [0, 'OK', {}]}, '303': {'Retries': 0, 'Restarts': 0, 'SiteHistory': ['Unknown', 'T2_DE_RWTH', 'T2_DE_RWTH'], 'ResidentSetSize': [700628], 'SubmitTimes': [1772161718.0], 'StartTimes': [1772162972.0], 'EndTimes': [1772166807.0], 'TotalUserCpuTimeHistory': [5242], 'TotalSysCpuTimeHistory': [982], 'WallDurations': [9.0, 288.4985866546631, 3835.0], 'JobIds': ['141680439.0'], 'State': 'finished', 'RecordedSite': True, 'Error': [0, 'OK', {}]}, '319': {'Retries': 2, 'Restarts': 0, 'SiteHistory': ['Unknown', 'T2_DE_RWTH', 'T2_DE_RWTH', 'T2_EE_Estonia', 'T2_EE_Estonia', 'T2_DE_RWTH', 'T2_DE_RWTH'], 'ResidentSetSize': [784228, 784476, 2805264], 'SubmitTimes': [1772161718.0, 1772171062.0, 1772190955.0], 'StartTimes': [1772162972.0, 1772171314.0, 1772191115.0], 'EndTimes': [1772167390.0, 1772174599.0, 1772199653.0], 'TotalUserCpuTimeHistory': [6085, 4530, 10828], 'TotalSysCpuTimeHistory': [1273, 1027, 3547], 'WallDurations': [9.0, 288.4985866546631, 4418.0, 9.0, 3285.0, 8.0, 8538.0], 'JobIds': ['141680440.0', '141681872.0', '141695573.0'], 'State': 'transferring', 'RecordedSite': True, 'Error': [90000, "Got recoverable stageout exception:\nStageout failed with code 1.\nThere were 3 failed/killed stageout jobs.\nFailure reasons (per document) follow:\n- c75a4b38f2915cfad95e0a5023354644f1eedd01b1bf63baa9de02d1:\n  -----> ASO log start -----\n  ['TRANSFER [5] TRANSFER ERROR: Copy failed (3rd pull). Last attempt: copy HTTP 500 : Unexpected server error: 500 [...CUT...] Full log at https://fts3-cms.cern.ch:8449/fts3/ftsmon/#/job/0807010a-13a8-11f1-8295-fa163e172462']\n  <----- ASO log finish ----\n  The last failure reason is recoverable.\n- 6fe468c613db5d972679ae1b42e48b0f62549fef5feba7f7d5b58e74:\n  -----> ASO log start -----\n  ['TRANSFER [5] TRANSFER ERROR: Copy failed (3rd pull). Last attempt: copy HTTP 500 : Unexpected server error: 500 [...CUT...] Full log at https://fts3-cms.cern.ch:8449/fts3/ftsmon/#/job/0807010a-13a8-11f1-8295-fa163e172462']\n  <----- ASO log finish ----\n  The last failure reason is recoverable.\n- 42c8185687dee70d5ade35c1c8ee73806145409d23a23c103b2face9:\n  -----> ASO log start -----\n  ['TRANSFER [5] TRANSFER ERROR: Copy failed (3rd pull). Last attempt: copy HTTP 500 : Unexpected server error: 500 [...CUT...] Full log at https://fts3-cms.cern.ch:8449/fts3/ftsmon/#/job/0807010a-13a8-11f1-8295-fa163e172462']\n  <----- ASO log finish ----\n  The last failure reason is recoverable.", {}]}, '315': {'Retries': 1, 'Restarts': 0, 'SiteHistory': ['Unknown', 'T2_DE_RWTH', 'T2_DE_RWTH', 'T2_CH_CERN', 'T2_CH_CERN'], 'ResidentSetSize': [2974336, 1648244], 'SubmitTimes': [1772161718.0, 1772170104.0], 'StartTimes': [1772162973.0, 1772170118.0], 'EndTimes': [1772166429.0, 1772174213.0], 'TotalUserCpuTimeHistory': [4844, 5154], 'TotalSysCpuTimeHistory': [796, 905], 'WallDurations': [9.0, 287.4985866546631, 3456.0, 8.0, 4095.0], 'JobIds': ['141680441.0', '141681723.0'], 'State': 'transferring', 'RecordedSite': True, 'Error': [90000, "Got recoverable stageout exception:\nStageout failed with code 1.\nThere were 1 failed/killed stageout jobs.\nFailure reasons (per document) follow:\n- 6cc0f66acb2b046a0541e9932f6ab87bc8f4167f340e2700cd8f7ae0:\n  -----> ASO log start -----\n  ['TRANSFER [112] TRANSFER ERROR: Copy failed (3rd pull). Last attempt: copy HTTP 400 : Server Error [...CUT...] Full log at https://fts3-cms.cern.ch:8449/fts3/ftsmon/#/job/003be2fa-1395-11f1-89fc-fa163eaa97bf']\n  <----- ASO log finish ----\n  The last failure reason is recoverable.", {}]}, '326': {'Retries': 0, 'Restarts': 0, 'SiteHistory': ['Unknown', 'T2_DE_RWTH', 'T2_DE_RWTH'], 'ResidentSetSize': [739012], 'SubmitTimes': [1772161718.0], 'StartTimes': [1772162972.0], 'EndTimes': [1772166482.0], 'TotalUserCpuTimeHistory': [4782], 'TotalSysCpuTimeHistory': [827], 'WallDurations': [9.0, 288.4985866546631, 3510.0], 'JobIds': ['141680442.0'], 'State': 'finished', 'RecordedSite': True, 'Error': [0, 'OK', {}]}, '321': {'Retries': 0, 'Restarts': 0, 'SiteHistory': ['Unknown', 'T2_DE_RWTH', 'T2_DE_RWTH'], 'ResidentSetSize': [714948], 'SubmitTimes': [1772161718.0], 'StartTimes': [1772162972.0], 'EndTimes': [1772166737.0], 'TotalUserCpuTimeHistory': [5266], 'TotalSysCpuTimeHistory': [998], 'WallDurations': [9.0, 288.4985866546631, 3765.0], 'JobIds': ['141680443.0'], 'State': 'finished', 'RecordedSite': True, 'Error': [0, 'OK', {}]}, '323': {'Retries': 0, 'Restarts': 0, 'SiteHistory': ['Unknown', 'T2_DE_RWTH', 'T2_DE_RWTH'], 'ResidentSetSize': [721212], 'SubmitTimes': [1772161718.0], 'StartTimes': [1772162972.0], 'EndTimes': [1772166796.0], 'TotalUserCpuTimeHistory': [5081], 'TotalSysCpuTimeHistory': [975], 'WallDurations': [9.0, 288.4985866546631, 3824.0], 'JobIds': ['141680444.0'], 'State': 'finished', 'RecordedSite': True, 'Error': [0, 'OK', {}]}, '328': {'Retries': 0, 'Restarts': 0, 'SiteHistory': ['Unknown', 'T2_DE_RWTH', 'T2_DE_RWTH'], 'ResidentSetSize': [712896], 'SubmitTimes': [1772161718.0], 'StartTimes': [1772162972.0], 'EndTimes': [1772166710.0], 'TotalUserCpuTimeHistory': [5170], 'TotalSysCpuTimeHistory': [896], 'WallDurations': [9.0, 288.4985866546631, 3738.0], 'JobIds': ['141680445.0'], 'State': 'finished', 'RecordedSite': True, 'Error': [0, 'OK', {}]}, '316': {'Retries': 2, 'Restarts': 0, 'SiteHistory': ['Unknown', 'T2_FR_IPHC', 'T2_FR_IPHC', 'T2_UK_London_IC', 'T2_UK_London_IC', 'T2_TR_METU', 'T2_TR_METU'], 'ResidentSetSize': [744816, 698224, 3680108], 'SubmitTimes': [1772161718.0, 1772168364.0, 1772178103.0], 'StartTimes': [1772162974.0, 1772168383.0, 1772178126.0], 'EndTimes': [1772164692.0, 1772172567.0, 1772182000.0], 'TotalUserCpuTimeHistory': [1819, 4656, 5277], 'TotalSysCpuTimeHistory': [353, 855, 1411], 'WallDurations': [9.0, 286.4985866546631, 1718.0, 9.0, 4184.0, 8.0, 3874.0], 'JobIds': ['141680446.0', '141681500.0', '141685782.0'], 'State': 'failed', 'RecordedSite': True, 'Error': [90000, "Got recoverable stageout exception:\nStageout failed with code 1.\nThere were 3 failed/killed stageout jobs.\nFailure reasons (per document) follow:\n- 4e95528dc940596938e2647b9f31b073c01c390ed7d3237eaf0e6fd6:\n  -----> ASO log start -----\n  ['TRANSFER [110] TRANSFER ERROR: Copy failed (3rd pull). Last attempt: copy HTTP 500 : Unexpected server error: 500 [...CUT...] Full log at https://fts3-cms.cern.ch:8449/fts3/ftsmon/#/job/ee855d24-13b8-11f1-8584-fa163e1db714']\n  <----- ASO log finish ----\n  The last failure reason is recoverable.\n- 8c067abe9f858f159d86c4cd3397b0d9fd286babde185bb38e9fafe9:\n  -----> ASO log start -----\n  ['TRANSFER [5] TRANSFER ERROR: Copy failed (3rd pull). Last attempt: copy HTTP 500 : Unexpected server error: 500 [...CUT...] Full log at https://fts3-cms.cern.ch:8449/fts3/ftsmon/#/job/ee855d24-13b8-11f1-8584-fa163e1db714']\n  <----- ASO log finish ----\n  The last failure reason is recoverable.\n- 126497c1c6bc41c9bad1bf738365cb6f1e4cb553b3a6ad78a2b6bfb0:\n  -----> ASO log start -----\n  ['TRANSFER [5] TRANSFER ERROR: Copy failed (3rd pull). Last attempt: copy HTTP 500 : Unexpected server error: 500 [...CUT...] Full log at https://fts3-cms.cern.ch:8449/fts3/ftsmon/#/job/ee855d24-13b8-11f1-8584-fa163e1db714']\n  <----- ASO log finish ----\n  The last failure reason is recoverable.", {}]}, '320': {'Retries': 2, 'Restarts': 0, 'SiteHistory': ['Unknown', 'T2_BE_IIHE', 'T2_BE_IIHE', 'T2_FR_IPHC', 'T2_FR_IPHC', 'T2_CH_CERN', 'T2_CH_CERN'], 'ResidentSetSize': [629156, 708756, 577828], 'SubmitTimes': [1772161718.0, 1772167942.0, 1772201420.0], 'StartTimes': [1772162972.0, 1772167951.0, 1772201442.0], 'EndTimes': [1772164267.0, 1772170649.0], 'TotalUserCpuTimeHistory': [1603, 3229, 992.0], 'TotalSysCpuTimeHistory': [423, 1123, 523.0], 'WallDurations': [9.0, 288.4985866546631, 1295.0, 9.0, 2698.0, 9.0, 911.0], 'JobIds': ['141680447.0', '141681445.0', '141706920.0'], 'State': 'running', 'RecordedSite': True, 'Error': [90000, "Got recoverable stageout exception:\nStageout failed with code 1.\nThere were 3 failed/killed stageout jobs.\nFailure reasons (per document) follow:\n- cd32bbe2b1b97c76dd8c22b4581d02f819ac640d6067acd75dac492a:\n  -----> ASO log start -----\n  ['TRANSFER [5] TRANSFER ERROR: Copy failed (3rd pull). Last attempt: copy HTTP 500 : Unexpected server error: 500 [...CUT...] Full log at https://fts3-cms.cern.ch:8449/fts3/ftsmon/#/job/8ac3341a-139e-11f1-9ff0-fa163eaa97bf']\n  <----- ASO log finish ----\n  The last failure reason is recoverable.\n- 7dc3b87618b2fa7faed64e1d0be973f640dd548d12f6b9d899ee51c7:\n  -----> ASO log start -----\n  ['TRANSFER [5] TRANSFER ERROR: Copy failed (3rd pull). Last attempt: copy HTTP 500 : Unexpected server error: 500 [...CUT...] Full log at https://fts3-cms.cern.ch:8449/fts3/ftsmon/#/job/8ac3341a-139e-11f1-9ff0-fa163eaa97bf']\n  <----- ASO log finish ----\n  The last failure reason is recoverable.\n- 6f7775b277e1f707db8ed216af42b124fcac57b1088850c755580561:\n  -----> ASO log start -----\n  ['TRANSFER [5] TRANSFER ERROR: Copy failed (3rd pull). Last attempt: copy HTTP 500 : Unexpected server error: 500 [...CUT...] Full log at https://fts3-cms.cern.ch:8449/fts3/ftsmon/#/job/8ac3341a-139e-11f1-9ff0-fa163eaa97bf']\n  <----- ASO log finish ----\n  The last failure reason is recoverable.", {}]}, '318': {'Retries': 1, 'Restarts': 0, 'SiteHistory': ['Unknown', 'T2_LV_HPCNET', 'T2_LV_HPCNET', 'T2_UK_SGrid_RALPP', 'T2_UK_SGrid_RALPP'], 'ResidentSetSize': [627520, 653504], 'SubmitTimes': [1772161718.0, 1772168645.0], 'StartTimes': [1772162974.0, 1772168658.0], 'EndTimes': [1772164966.0, 1772170619.0], 'TotalUserCpuTimeHistory': [2522, 2474], 'TotalSysCpuTimeHistory': [280, 690], 'WallDurations': [9.0, 286.4985866546631, 1992.0, 9.0, 1961.0], 'JobIds': ['141680448.0', '141681544.0'], 'State': 'finished', 'RecordedSite': True, 'Error': [0, 'OK', {}]}, '330': {'Retries': 0, 'Restarts': 0, 'SiteHistory': ['Unknown', 'T2_DE_RWTH', 'T2_DE_RWTH'], 'ResidentSetSize': [768440], 'SubmitTimes': [1772161718.0], 'StartTimes': [1772162974.0], 'EndTimes': [1772166844.0], 'TotalUserCpuTimeHistory': [5289], 'TotalSysCpuTimeHistory': [1056], 'WallDurations': [9.0, 286.4985866546631, 3870.0], 'JobIds': ['141680449.0'], 'State': 'finished', 'RecordedSite': True, 'Error': [0, 'OK', {}]}, '327': {'Retries': 2, 'Restarts': 0, 'SiteHistory': ['Unknown', 'T2_DE_RWTH', 'T2_DE_RWTH', 'T2_TR_METU', 'T2_TR_METU', 'T2_CH_CERN', 'T2_CH_CERN'], 'ResidentSetSize': [778988, 738676, 662360], 'SubmitTimes': [1772161718.0, 1772169828.0, 1772195077.0], 'StartTimes': [1772162973.0, 1772169894.0, 1772195100.0], 'EndTimes': [1772166152.0, 1772175120.0, 1772198274.0], 'TotalUserCpuTimeHistory': [4301, 6166, 3255], 'TotalSysCpuTimeHistory': [678, 1983, 1095], 'WallDurations': [8.0, 287.4985866546631, 3179.0, 10.0, 5226.0, 9.0, 3174.0], 'JobIds': ['141680450.0', '141681692.0', '141698922.0'], 'State': 'transferring', 'RecordedSite': True, 'Error': [90000, "Got recoverable stageout exception:\nStageout failed with code 1.\nThere were 3 failed/killed stageout jobs.\nFailure reasons (per document) follow:\n- 518e269f7b2c42685489a690cddc6760df963d74f0fe3e766768de7d:\n  -----> ASO log start -----\n  ['TRANSFER [5] TRANSFER ERROR: Copy failed (3rd pull). Last attempt: copy HTTP 500 : Unexpected server error: 500 [...CUT...] Full log at https://fts3-cms.cern.ch:8449/fts3/ftsmon/#/job/7e172dc4-13a9-11f1-b10a-fa163e65d4d2']\n  <----- ASO log finish ----\n  The last failure reason is recoverable.\n- 3cf55aabf4b0098804e0fe3b14cff1ed8b67dd8514824b26ec49d0c2:\n  -----> ASO log start -----\n  ['TRANSFER [5] TRANSFER ERROR: Copy failed (3rd pull). Last attempt: copy HTTP 500 : Unexpected server error: 500 [...CUT...] Full log at https://fts3-cms.cern.ch:8449/fts3/ftsmon/#/job/7e172dc4-13a9-11f1-b10a-fa163e65d4d2']\n  <----- ASO log finish ----\n  The last failure reason is recoverable.\n- 540e0aff0137c26c2e674aa96d4c9eb6e8dd99ed2ef60ef019e98fd8:\n  -----> ASO log start -----\n  ['TRANSFER [5] TRANSFER ERROR: Copy failed (3rd pull). Last attempt: copy HTTP 500 : Unexpected server error: 500 [...CUT...] Full log at https://fts3-cms.cern.ch:8449/fts3/ftsmon/#/job/7e172dc4-13a9-11f1-b10a-fa163e65d4d2']\n  <----- ASO log finish ----\n  The last failure reason is recoverable.", {}]}, '324': {'Retries': 2, 'Restarts': 0, 'SiteHistory': ['Unknown', 'T2_FR_IPHC', 'T2_FR_IPHC', 'T3_KR_KNU', 'T3_KR_KNU', 'T2_CH_CERN', 'T2_CH_CERN'], 'ResidentSetSize': [1040492, 781304, 758920], 'SubmitTimes': [1772161718.0, 1772169012.0, 1772179963.0], 'StartTimes': [1772162973.0, 1772169053.0, 1772180000.0], 'EndTimes': [1772165343.0, 1772172624.0, 1772184691.0], 'TotalUserCpuTimeHistory': [2941, 5103, 6023], 'TotalSysCpuTimeHistory': [829, 1093, 1553], 'WallDurations': [9.0, 287.4985866546631, 2370.0, 8.0, 3571.0, 9.0, 4691.0], 'JobIds': ['141680451.0', '141681592.0', '141685990.0'], 'State': 'transferring', 'RecordedSite': True, 'Error': [90000, "Got recoverable stageout exception:\nStageout failed with code 1.\nThere were 2 failed/killed stageout jobs.\nFailure reasons (per document) follow:\n- d966859a451e163172d603426355344707ab3471d3a1a4cf3b43e354:\n  -----> ASO log start -----\n  ['DESTINATION [110] timeout of 900s [...CUT...] Full log at https://fts3-cms.cern.ch:8449/fts3/ftsmon/#/job/a415dc56-13a3-11f1-9d27-fa163e4409e3']\n  <----- ASO log finish ----\n  The last failure reason is recoverable.\n- 17eea4b62d49ce5b719ece265ebb377982300930f79850e308dd3e3c:\n  -----> ASO log start -----\n  ['TRANSFER [112] TRANSFER ERROR: Copy failed (3rd pull). Last attempt: copy HTTP 400 : Server Error [...CUT...] Full log at https://fts3-cms.cern.ch:8449/fts3/ftsmon/#/job/a415dc56-13a3-11f1-9d27-fa163e4409e3']\n  <----- ASO log finish ----\n  The last failure reason is recoverable.", {}]}, '333': {'Retries': 2, 'Restarts': 0, 'SiteHistory': ['Unknown', 'T2_FR_GRIF', 'T2_FR_GRIF', 'T3_KR_KNU', 'T3_KR_KNU', 'Unknown', 'T2_UK_London_IC', 'T2_UK_London_IC'], 'ResidentSetSize': [737324, 665916, 759516], 'SubmitTimes': [1772161718.0, 1772174856.0, 1772181707.0], 'StartTimes': [1772162973.0, 1772174966.0, 1772181739.0], 'EndTimes': [1772167579.0, 1772177979.0, 1772185367.0], 'TotalUserCpuTimeHistory': [5710, 4228, 4191], 'TotalSysCpuTimeHistory': [840, 833, 1133], 'WallDurations': [10.0, 287.4985866546631, 4606.0, 9.0, 3013.0, 9.0, 287.6591250896454, 3628.0], 'JobIds': ['141680452.0', '141685418.0', '141686219.0'], 'State': 'finished', 'RecordedSite': True, 'Error': [0, 'OK', {}]}, '317': {'Retries': 2, 'Restarts': 0, 'SiteHistory': ['Unknown', 'T2_BE_IIHE', 'T2_BE_IIHE', 'T2_BE_UCL', 'T2_BE_UCL', 'T2_EE_Estonia', 'T2_EE_Estonia'], 'ResidentSetSize': [673756, 667480, 697704], 'SubmitTimes': [1772161718.0, 1772168399.0, 1772178394.0], 'StartTimes': [1772162973.0, 1772168407.0, 1772178402.0], 'EndTimes': [1772164723.0, 1772171051.0, 1772185124.0], 'TotalUserCpuTimeHistory': [2221, 2622, 7316], 'TotalSysCpuTimeHistory': [684, 161, 2246], 'WallDurations': [9.0, 287.4985866546631, 1750.0, 8.0, 2644.0, 8.0, 6722.0], 'JobIds': ['141680453.0', '141681507.0', '141685818.0'], 'State': 'failed', 'RecordedSite': True, 'Error': [90000, "Got recoverable stageout exception:\nStageout failed with code 1.\nThere were 3 failed/killed stageout jobs.\nFailure reasons (per document) follow:\n- 758e739732cc4a4eaa8d9a03d21fbcd398604feaaf888521eb27ba40:\n  -----> ASO log start -----\n  ['TRANSFER [5] TRANSFER ERROR: Copy failed (3rd pull). Last attempt: copy HTTP 500 : Unexpected server error: 500 [...CUT...] Full log at https://fts3-cms.cern.ch:8449/fts3/ftsmon/#/job/3590267a-13c0-11f1-93de-fa163eaa97bf']\n  <----- ASO log finish ----\n  The last failure reason is recoverable.\n- edc14b3303e5283d810af06cf7b8500dee21b17e1fb08c7085fda113:\n  -----> ASO log start -----\n  ['TRANSFER [5] TRANSFER ERROR: Copy failed (3rd pull). Last attempt: copy HTTP 500 : Unexpected server error: 500 [...CUT...] Full log at https://fts3-cms.cern.ch:8449/fts3/ftsmon/#/job/3590267a-13c0-11f1-93de-fa163eaa97bf']\n  <----- ASO log finish ----\n  The last failure reason is recoverable.\n- bc4bc2d885131b8b6177f87f32adaf1facba2e071b573085a31a789f:\n  -----> ASO log start -----\n  ['TRANSFER [5] TRANSFER ERROR: Copy failed (3rd pull). Last attempt: copy HTTP 500 : Unexpected server error: 500 [...CUT...] Full log at https://fts3-cms.cern.ch:8449/fts3/ftsmon/#/job/3590267a-13c0-11f1-93de-fa163eaa97bf']\n  <----- ASO log finish ----\n  The last failure reason is recoverable.", {}]}, '325': {'Retries': 1, 'Restarts': 0, 'SiteHistory': ['Unknown', 'T2_FR_IPHC', 'T2_FR_IPHC', 'Unknown', 'T2_CH_CERN', 'T2_CH_CERN'], 'ResidentSetSize': [752204, 1964892], 'SubmitTimes': [1772161718.0, 1772169058.0], 'StartTimes': [1772162973.0, 1772169139.0], 'EndTimes': [1772165384.0, 1772172638.0], 'TotalUserCpuTimeHistory': [3148, 3417], 'TotalSysCpuTimeHistory': [727, 1210], 'WallDurations': [8.0, 287.4985866546631, 2411.0, 9.0, 295.47942638397217, 3499.0], 'JobIds': ['141680454.0', '141681599.0'], 'State': 'transferring', 'RecordedSite': True, 'Error': [90000, "Got recoverable stageout exception:\nStageout failed with code 1.\nThere were 3 failed/killed stageout jobs.\nFailure reasons (per document) follow:\n- b1d082900a48b316ddc7fbb756370350317b237a475a83a1c0ecb613:\n  -----> ASO log start -----\n  ['TRANSFER [5] TRANSFER ERROR: Copy failed (3rd pull). Last attempt: copy HTTP 500 : Unexpected server error: 500 [...CUT...] Full log at https://fts3-cms.cern.ch:8449/fts3/ftsmon/#/job/d7d6b7e2-1392-11f1-9ec8-fa163e1db714']\n  <----- ASO log finish ----\n  The last failure reason is recoverable.\n- 80a4aab4fed42a51434617ae52cf49435a399de65098d9f7761663e5:\n  -----> ASO log start -----\n  ['TRANSFER [5] TRANSFER ERROR: Copy failed (3rd pull). Last attempt: copy HTTP 500 : Unexpected server error: 500 [...CUT...] Full log at https://fts3-cms.cern.ch:8449/fts3/ftsmon/#/job/d7d6b7e2-1392-11f1-9ec8-fa163e1db714']\n  <----- ASO log finish ----\n  The last failure reason is recoverable.\n- a850f40351b1ebd9c51e43c6c3b1820028b861fe97a6eb1ea2aaa516:\n  -----> ASO log start -----\n  ['TRANSFER [5] TRANSFER ERROR: Copy failed (3rd pull). Last attempt: copy HTTP 500 : Unexpected server error: 500 [...CUT...] Full log at https://fts3-cms.cern.ch:8449/fts3/ftsmon/#/job/d7d6b7e2-1392-11f1-9ec8-fa163e1db714']\n  <----- ASO log finish ----\n  The last failure reason is recoverable.", {}]}, '331': {'Retries': 0, 'Restarts': 0, 'SiteHistory': ['Unknown', 'T2_DE_RWTH', 'T2_DE_RWTH'], 'ResidentSetSize': [691604], 'SubmitTimes': [1772161719.0], 'StartTimes': [1772162973.0], 'EndTimes': [1772166760.0], 'TotalUserCpuTimeHistory': [5246], 'TotalSysCpuTimeHistory': [1001], 'WallDurations': [9.0, 287.4985866546631, 3787.0], 'JobIds': ['141680455.0'], 'State': 'finished', 'RecordedSite': True, 'Error': [0, 'OK', {}]}, '322': {'Retries': 0, 'Restarts': 0, 'SiteHistory': ['Unknown', 'T2_DE_RWTH', 'T2_DE_RWTH'], 'ResidentSetSize': [884360], 'SubmitTimes': [1772161719.0], 'StartTimes': [1772162973.0], 'EndTimes': [1772169934.0], 'TotalUserCpuTimeHistory': [8879], 'TotalSysCpuTimeHistory': [2692], 'WallDurations': [8.0, 287.4985866546631, 6961.0], 'JobIds': ['141680456.0'], 'State': 'finished', 'RecordedSite': True, 'Error': [0, 'OK', {}]}, '329': {'Retries': 0, 'Restarts': 0, 'SiteHistory': ['Unknown', 'T2_DE_RWTH', 'T2_DE_RWTH'], 'ResidentSetSize': [3320040], 'SubmitTimes': [1772161719.0], 'StartTimes': [1772162972.0], 'EndTimes': [1772173771.0], 'TotalUserCpuTimeHistory': [13169], 'TotalSysCpuTimeHistory': [4736], 'WallDurations': [9.0, 288.4985866546631, 10799.0], 'JobIds': ['141680457.0'], 'State': 'finished', 'RecordedSite': True, 'Error': [0, 'OK', {}]}, '332': {'Retries': 0, 'Restarts': 0, 'SiteHistory': ['Unknown', 'T2_DE_RWTH', 'T2_DE_RWTH'], 'ResidentSetSize': [1852304], 'SubmitTimes': [1772161719.0], 'StartTimes': [1772162973.0], 'EndTimes': [1772170371.0], 'TotalUserCpuTimeHistory': [9743], 'TotalSysCpuTimeHistory': [2937], 'WallDurations': [8.0, 287.4985866546631, 7398.0], 'JobIds': ['141680458.0'], 'State': 'finished', 'RecordedSite': True, 'Error': [0, 'OK', {}]}, '334': {'Retries': 0, 'Restarts': 2, 'SiteHistory': ['Unknown', 'T2_CN_Beijing', 'T2_CN_Beijing', 'Unknown', 'T2_US_Florida', 'T2_CH_CSCS'], 'ResidentSetSize': [1536, 724340, 750000], 'SubmitTimes': [1772161719.0, -1, -1], 'StartTimes': [1772162981.0, 1772164263.0, 1772167008.0], 'EndTimes': [1772163583.0, 1772167002.0, 1772169180.0], 'TotalUserCpuTimeHistory': [0.0, 3427.0, 6107], 'TotalSysCpuTimeHistory': [0.0, 413.0, 1145], 'WallDurations': [8.0, 279.4985866546631, 602.0, 9.0, 2739.0, 2172.0], 'JobIds': ['141680459.0', '141680459.0', '141680459.0'], 'State': 'finished', 'RecordedSite': True, 'Error': [0, 'OK', {}]}, '335': {'Retries': 0, 'Restarts': 0, 'SiteHistory': ['Unknown', 'T2_DE_RWTH', 'T2_DE_RWTH'], 'ResidentSetSize': [3072948], 'SubmitTimes': [1772161719.0], 'StartTimes': [1772162973.0], 'EndTimes': [1772166968.0], 'TotalUserCpuTimeHistory': [5504], 'TotalSysCpuTimeHistory': [1105], 'WallDurations': [9.0, 287.4985866546631, 3995.0], 'JobIds': ['141680460.0'], 'State': 'finished', 'RecordedSite': True, 'Error': [0, 'OK', {}]}, '342': {'Retries': 0, 'Restarts': 0, 'SiteHistory': ['Unknown', 'T2_DE_RWTH', 'T2_DE_RWTH'], 'ResidentSetSize': [1710060], 'SubmitTimes': [1772161719.0], 'StartTimes': [1772162973.0], 'EndTimes': [1772166137.0], 'TotalUserCpuTimeHistory': [4150], 'TotalSysCpuTimeHistory': [693], 'WallDurations': [8.0, 287.4985866546631, 3164.0], 'JobIds': ['141680461.0'], 'State': 'finished', 'RecordedSite': True, 'Error': [0, 'OK', {}]}, '338': {'Retries': 0, 'Restarts': 1, 'SiteHistory': ['Unknown', 'T2_CN_Beijing', 'T2_CN_Beijing', 'Unknown', 'T2_US_UCSD'], 'ResidentSetSize': [1536, 669068], 'SubmitTimes': [1772161719.0, -1], 'StartTimes': [1772162981.0, 1772164265.0], 'EndTimes': [1772163583.0, 1772166942.0], 'TotalUserCpuTimeHistory': [0.0, 3112], 'TotalSysCpuTimeHistory': [0.0, 691], 'WallDurations': [10.0, 279.4985866546631, 602.0, 10.0, 2677.0], 'JobIds': ['141680462.0', '141680462.0'], 'State': 'finished', 'RecordedSite': True, 'Error': [0, 'OK', {}]}, '344': {'Retries': 2, 'Restarts': 1, 'SiteHistory': ['Unknown', 'T2_CN_Beijing', 'T2_CN_Beijing', 'Unknown', 'T2_BE_IIHE', 'Unknown', 'T2_CH_CERN', 'T2_CH_CERN'], 'ResidentSetSize': [1536, 697200, 1282120], 'SubmitTimes': [1772161719.0, -1, 1772171197.0], 'StartTimes': [1772162982.0, 1772164268.0, 1772171558.0], 'EndTimes': [1772163584.0, 1772165718.0, 1772173967.0], 'TotalUserCpuTimeHistory': [0.0, 1782, 2672], 'TotalSysCpuTimeHistory': [0.0, 436, 957], 'WallDurations': [8.0, 278.4985866546631, 602.0, 9.0, 1450.0, 8.0, 81.47571229934692, 2409.0], 'JobIds': ['141680463.0', '141680463.0', '141681898.0'], 'State': 'transferring', 'RecordedSite': True, 'Error': [90000, "Got recoverable stageout exception:\nStageout failed with code 1.\nThere were 3 failed/killed stageout jobs.\nFailure reasons (per document) follow:\n- b97cd62af47955c63bd47dfe51a9e17061929da568109c2d27ee42ef:\n  -----> ASO log start -----\n  ['TRANSFER [5] TRANSFER ERROR: Copy failed (3rd pull). Last attempt: copy HTTP 500 : Unexpected server error: 500 [...CUT...] Full log at https://fts3-cms.cern.ch:8449/fts3/ftsmon/#/job/8ed3dc4a-1393-11f1-a9c2-fa163e255442']\n  <----- ASO log finish ----\n  The last failure reason is recoverable.\n- 599829e86b8cd09723c9b943b01d6a8e1c0eb5468bafd8685517c205:\n  -----> ASO log start -----\n  ['TRANSFER [5] TRANSFER ERROR: Copy failed (3rd pull). Last attempt: copy HTTP 500 : Unexpected server error: 500 [...CUT...] Full log at https://fts3-cms.cern.ch:8449/fts3/ftsmon/#/job/8ed3dc4a-1393-11f1-a9c2-fa163e255442']\n  <----- ASO log finish ----\n  The last failure reason is recoverable.\n- 525d09341101f1a823dc5d512ac950658bd4ce8e0cfe4a0356fdd04f:\n  -----> ASO log start -----\n  ['TRANSFER [5] TRANSFER ERROR: Copy failed (3rd pull). Last attempt: copy HTTP 500 : Unexpected server error: 500 [...CUT...] Full log at https://fts3-cms.cern.ch:8449/fts3/ftsmon/#/job/8ed3dc4a-1393-11f1-a9c2-fa163e255442']\n  <----- ASO log finish ----\n  The last failure reason is recoverable.", {}]}, '337': {'Retries': 3, 'Restarts': 2, 'SiteHistory': ['Unknown', 'T2_CN_Beijing', 'T2_CN_Beijing', 'Unknown', 'T2_US_Florida', 'T2_PT_NCG_Lisbon', 'Unknown', 'T3_KR_KNU', 'T3_KR_KNU'], 'ResidentSetSize': [1536, 640656, 750000, 720640], 'SubmitTimes': [1772161719.0, -1, -1, 1772178560.0], 'StartTimes': [1772162981.0, 1772164262.0, 1772166215.0, 1772178604.0], 'EndTimes': [1772163583.0, 1772166204.0, 1772169480.0, 1772184380.0], 'TotalUserCpuTimeHistory': [0.0, 2297.0, 7126, 7964], 'TotalSysCpuTimeHistory': [0.0, 229.0, 1208, 2349], 'WallDurations': [8.0, 279.4985866546631, 602.0, 9.0, 1942.0, 3265.0, 10.0, 274.349267244339, 5776.0], 'JobIds': ['141680464.0', '141680464.0', '141680464.0', '141685837.0'], 'State': 'finished', 'RecordedSite': True, 'Error': [0, 'OK', {}]}, '343': {'Retries': 0, 'Restarts': 0, 'SiteHistory': ['Unknown', 'T2_DE_RWTH', 'T2_DE_RWTH'], 'ResidentSetSize': [1818144], 'SubmitTimes': [1772161719.0], 'StartTimes': [1772162972.0], 'EndTimes': [1772166487.0], 'TotalUserCpuTimeHistory': [4865], 'TotalSysCpuTimeHistory': [911], 'WallDurations': [9.0, 288.4985866546631, 3515.0], 'JobIds': ['141680465.0'], 'State': 'finished', 'RecordedSite': True, 'Error': [0, 'OK', {}]}, '336': {'Retries': 3, 'Restarts': 2, 'SiteHistory': ['Unknown', 'T2_CN_Beijing', 'T2_CN_Beijing', 'Unknown', 'T2_US_Florida', 'T2_LV_HPCNET', 'Unknown', 'T2_CH_CERN', 'T2_CH_CERN'], 'ResidentSetSize': [1536, 3581004, 3750000, 681624], 'SubmitTimes': [1772161719.0, -1, -1, 1772176285.0], 'StartTimes': [1772162981.0, 1772164264.0, 1772167060.0, 1772176409.0], 'EndTimes': [1772163583.0, 1772167057.0, 1772169006.0, 1772180149.0], 'TotalUserCpuTimeHistory': [0.0, 3815.0, 6365, 4928], 'TotalSysCpuTimeHistory': [0.0, 552.0, 833, 1265], 'WallDurations': [8.0, 279.4985866546631, 602.0, 9.0, 2793.0, 1946.0, 8.0, 249.66330122947693, 3740.0], 'JobIds': ['141680466.0', '141680466.0', '141680466.0', '141685644.0'], 'State': 'transferring', 'RecordedSite': True, 'Error': [90000, "Got recoverable stageout exception:\nStageout failed with code 1.\nThere were 3 failed/killed stageout jobs.\nFailure reasons (per document) follow:\n- 4fef35ab18450fe4f42c6eab97cfac2f48126672b9f045d04acdfb0a:\n  -----> ASO log start -----\n  ['DESTINATION [110] timeout of 900s [...CUT...] Full log at https://fts3-cms.cern.ch:8449/fts3/ftsmon/#/job/df9257b8-139a-11f1-a2d0-fa163e4409e3']\n  <----- ASO log finish ----\n  The last failure reason is recoverable.\n- 5ffa6390ceeb2543fd6165adde1cb0c0fe3aa6cd415b95aa008122fa:\n  -----> ASO log start -----\n  ['DESTINATION [110] timeout of 900s [...CUT...] Full log at https://fts3-cms.cern.ch:8449/fts3/ftsmon/#/job/df9257b8-139a-11f1-a2d0-fa163e4409e3']\n  <----- ASO log finish ----\n  The last failure reason is recoverable.\n- fad22ad21dafdc90596d070f274262377451182c8cf2fd0b0eec59a4:\n  -----> ASO log start -----\n  ['DESTINATION [110] timeout of 900s [...CUT...] Full log at https://fts3-cms.cern.ch:8449/fts3/ftsmon/#/job/df9257b8-139a-11f1-a2d0-fa163e4409e3']\n  <----- ASO log finish ----\n  The last failure reason is recoverable.", {}]}, '345': {'Retries': 2, 'Restarts': 0, 'SiteHistory': ['Unknown', 'T2_DE_RWTH', 'T2_DE_RWTH', 'T2_TR_METU', 'T2_TR_METU', 'Unknown', 'T2_US_Nebraska', 'T2_US_Nebraska'], 'ResidentSetSize': [738456, 635216, 3640920], 'SubmitTimes': [1772161719.0, 1772170499.0, 1772195127.0], 'StartTimes': [1772162972.0, 1772170614.0, 1772195297.0], 'EndTimes': [1772166820.0, 1772176966.0, 1772198654.0], 'TotalUserCpuTimeHistory': [5241, 6328, 4613], 'TotalSysCpuTimeHistory': [928, 2062, 1023], 'WallDurations': [9.0, 288.4985866546631, 3848.0, 10.0, 6352.0, 8.0, 205.61279106140137, 3357.0], 'JobIds': ['141680467.0', '141681790.0', '141698927.0'], 'State': 'transferring', 'RecordedSite': True, 'Error': [90000, "Got recoverable stageout exception:\nStageout failed with code 1.\nThere were 3 failed/killed stageout jobs.\nFailure reasons (per document) follow:\n- adb82157c56f247b6bfa6b33c3f262ce470b766dcedd73ec221887e8:\n  -----> ASO log start -----\n  ['TRANSFER [5] TRANSFER ERROR: Copy failed (3rd pull). Last attempt: copy HTTP 500 : Unexpected server error: 500 [...CUT...] Full log at https://fts3-cms.cern.ch:8449/fts3/ftsmon/#/job/2bfbbaba-13ad-11f1-9af2-fa163e65d4d2']\n  <----- ASO log finish ----\n  The last failure reason is recoverable.\n- 5a14868efd2d97436148a3d8abaf6e721cad2276ca0bde0b730cba75:\n  -----> ASO log start -----\n  ['TRANSFER [5] TRANSFER ERROR: Copy failed (3rd pull). Last attempt: copy HTTP 500 : Unexpected server error: 500 [...CUT...] Full log at https://fts3-cms.cern.ch:8449/fts3/ftsmon/#/job/2bfbbaba-13ad-11f1-9af2-fa163e65d4d2']\n  <----- ASO log finish ----\n  The last failure reason is recoverable.\n- e042195c1138460f4f905a6f0c68a5f456cc7a330a1da665359a4d16:\n  -----> ASO log start -----\n  ['TRANSFER [5] TRANSFER ERROR: Copy failed (3rd pull). Last attempt: copy HTTP 500 : Unexpected server error: 500 [...CUT...] Full log at https://fts3-cms.cern.ch:8449/fts3/ftsmon/#/job/2bfbbaba-13ad-11f1-9af2-fa163e65d4d2']\n  <----- ASO log finish ----\n  The last failure reason is recoverable.", {}]}, '341': {'Retries': 0, 'Restarts': 0, 'SiteHistory': ['Unknown', 'T2_DE_RWTH', 'T2_DE_RWTH'], 'ResidentSetSize': [785028], 'SubmitTimes': [1772161719.0], 'StartTimes': [1772162972.0], 'EndTimes': [1772166481.0], 'TotalUserCpuTimeHistory': [4814], 'TotalSysCpuTimeHistory': [840], 'WallDurations': [9.0, 288.4985866546631, 3509.0], 'JobIds': ['141680468.0'], 'State': 'finished', 'RecordedSite': True, 'Error': [0, 'OK', {}]}, '346': {'Retries': 2, 'Restarts': 0, 'SiteHistory': ['Unknown', 'T2_BE_IIHE', 'T2_BE_IIHE', 'T2_US_UCSD', 'T2_US_UCSD', 'Unknown', 'T2_CH_CERN', 'T2_CH_CERN'], 'ResidentSetSize': [658964, 654092, 663876], 'SubmitTimes': [1772161719.0, 1772168419.0, 1772178867.0], 'StartTimes': [1772162974.0, 1772168427.0, 1772178936.0], 'EndTimes': [1772164743.0, 1772171531.0, 1772181954.0], 'TotalUserCpuTimeHistory': [2190, 3842, 3207], 'TotalSysCpuTimeHistory': [622, 912, 1170], 'WallDurations': [9.0, 286.4985866546631, 1769.0, 8.0, 3104.0, 8.0, 260.82414054870605, 3018.0], 'JobIds': ['141680469.0', '141681512.0', '141685866.0'], 'State': 'transferring', 'RecordedSite': True, 'Error': [90000, "Got recoverable stageout exception:\nStageout failed with code 1.\nThere were 1 failed/killed stageout jobs.\nFailure reasons (per document) follow:\n- 7137b073ba47da90fc3dcdb0aa78661ef265d808e93d2615a02ae334:\n  -----> ASO log start -----\n  ['TRANSFER [112] TRANSFER ERROR: Copy failed (3rd pull). Last attempt: copy HTTP 400 : Server Error [...CUT...] Full log at https://fts3-cms.cern.ch:8449/fts3/ftsmon/#/job/bc7cfbd8-13a0-11f1-9257-fa163e1db714']\n  <----- ASO log finish ----\n  The last failure reason is recoverable.", {}]}, '351': {'Retries': 0, 'Restarts': 0, 'SiteHistory': ['Unknown', 'T2_DE_RWTH', 'T2_DE_RWTH'], 'ResidentSetSize': [750720], 'SubmitTimes': [1772161719.0], 'StartTimes': [1772162973.0], 'EndTimes': [1772166736.0], 'TotalUserCpuTimeHistory': [5274], 'TotalSysCpuTimeHistory': [961], 'WallDurations': [8.0, 287.4985866546631, 3763.0], 'JobIds': ['141680470.0'], 'State': 'finished', 'RecordedSite': True, 'Error': [0, 'OK', {}]}, '348': {'Retries': 0, 'Restarts': 0, 'SiteHistory': ['Unknown', 'T2_DE_RWTH', 'T2_DE_RWTH'], 'ResidentSetSize': [738560], 'SubmitTimes': [1772161719.0], 'StartTimes': [1772162973.0], 'EndTimes': [1772166673.0], 'TotalUserCpuTimeHistory': [5025], 'TotalSysCpuTimeHistory': [927], 'WallDurations': [8.0, 287.4985866546631, 3700.0], 'JobIds': ['141680471.0'], 'State': 'finished', 'RecordedSite': True, 'Error': [0, 'OK', {}]}, '350': {'Retries': 2, 'Restarts': 0, 'SiteHistory': ['Unknown', 'T2_FR_IPHC', 'T2_FR_IPHC', 'Unknown', 'T2_EE_Estonia', 'T2_EE_Estonia', 'T2_CH_CSCS', 'T2_CH_CSCS'], 'ResidentSetSize': [1025252, 729596, 502580], 'SubmitTimes': [1772161719.0, 1772170836.0, 1772189667.0], 'StartTimes': [1772162972.0, 1772171069.0, 1772189673.0], 'EndTimes': [1772165363.0, 1772178723.0, 1772191946.0], 'TotalUserCpuTimeHistory': [2920, 7928, 2292], 'TotalSysCpuTimeHistory': [953, 2478, 459], 'WallDurations': [8.0, 288.4985866546631, 2391.0, 8.0, 257.53299283981323, 7654.0, 9.0, 2273.0], 'JobIds': ['141680472.0', '141681849.0', '141695354.0'], 'State': 'failed', 'RecordedSite': True, 'Error': [90000, "Got recoverable stageout exception:\nStageout failed with code 1.\nThere were 1 failed/killed stageout jobs.\nFailure reasons (per document) follow:\n- 002fc3dfeecf998a5093e9cb81b07c6f6feb8512bfa5401929d05210:\n  -----> ASO log start -----\n  ['TRANSFER [112] TRANSFER ERROR: Copy failed (3rd pull). Last attempt: copy HTTP 400 : Server Error [...CUT...] Full log at https://fts3-cms.cern.ch:8449/fts3/ftsmon/#/job/5385bfb8-13d0-11f1-bb58-fa163e255442']\n  <----- ASO log finish ----\n  The last failure reason is recoverable.", {}]}, '349': {'Retries': 1, 'Restarts': 0, 'SiteHistory': ['Unknown', 'T2_BE_IIHE', 'T2_BE_IIHE', 'Unknown', 'T2_FR_IPHC', 'T2_FR_IPHC'], 'ResidentSetSize': [1166448, 717568], 'SubmitTimes': [1772161719.0, 1772170554.0], 'StartTimes': [1772162974.0, 1772170722.0], 'EndTimes': [1772165078.0, 1772173560.0], 'TotalUserCpuTimeHistory': [2532, 3394], 'TotalSysCpuTimeHistory': [772, 1211], 'WallDurations': [9.0, 286.4985866546631, 2104.0, 9.0, 286.44514417648315, 2838.0], 'JobIds': ['141680473.0', '141681801.0'], 'State': 'transferring', 'RecordedSite': True, 'Error': [90000, "Got recoverable stageout exception:\nStageout failed with code 1.\nThere were 3 failed/killed stageout jobs.\nFailure reasons (per document) follow:\n- a15dd50db8c0f9f4ad92918832f07b776fcc9a7ee71d933eb223d8bb:\n  -----> ASO log start -----\n  ['TRANSFER [5] TRANSFER ERROR: Copy failed (3rd pull). Last attempt: copy HTTP 500 : Unexpected server error: 500 [...CUT...] Full log at https://fts3-cms.cern.ch:8449/fts3/ftsmon/#/job/210ed102-1392-11f1-b0a9-fa163e6c8d57']\n  <----- ASO log finish ----\n  The last failure reason is recoverable.\n- b9d0b75d1a060ec20c61765b46bba7c80b6a657daa959e47cbd200e5:\n  -----> ASO log start -----\n  ['TRANSFER [5] TRANSFER ERROR: Copy failed (3rd pull). Last attempt: copy HTTP 500 : Unexpected server error: 500 [...CUT...] Full log at https://fts3-cms.cern.ch:8449/fts3/ftsmon/#/job/210ed102-1392-11f1-b0a9-fa163e6c8d57']\n  <----- ASO log finish ----\n  The last failure reason is recoverable.\n- 7827dd2f5062be8dacbd4aff6dbca274cd204a147c521d486ad3e0af:\n  -----> ASO log start -----\n  ['TRANSFER [5] TRANSFER ERROR: Copy failed (3rd pull). Last attempt: copy HTTP 500 : Unexpected server error: 500 [...CUT...] Full log at https://fts3-cms.cern.ch:8449/fts3/ftsmon/#/job/210ed102-1392-11f1-b0a9-fa163e6c8d57']\n  <----- ASO log finish ----\n  The last failure reason is recoverable.", {}]}, '340': {'Retries': 0, 'Restarts': 0, 'SiteHistory': ['Unknown', 'T2_DE_RWTH', 'T2_DE_RWTH'], 'ResidentSetSize': [693528], 'SubmitTimes': [1772161719.0], 'StartTimes': [1772162973.0], 'EndTimes': [1772166553.0], 'TotalUserCpuTimeHistory': [4873], 'TotalSysCpuTimeHistory': [840], 'WallDurations': [8.0, 287.4985866546631, 3580.0], 'JobIds': ['141680474.0'], 'State': 'finished', 'RecordedSite': True, 'Error': [0, 'OK', {}]}, '339': {'Retries': 2, 'Restarts': 0, 'SiteHistory': ['Unknown', 'T2_BE_IIHE', 'T2_BE_IIHE', 'T2_BE_UCL', 'T2_BE_UCL', 'Unknown', 'T2_CH_CERN', 'T2_CH_CERN'], 'ResidentSetSize': [712488, 3657236, 657316], 'SubmitTimes': [1772161719.0, 1772168033.0, 1772177918.0], 'StartTimes': [1772162974.0, 1772168060.0, 1772177936.0], 'EndTimes': [1772164352.0, 1772170575.0, 1772179822.0], 'TotalUserCpuTimeHistory': [1688, 1551, 2275], 'TotalSysCpuTimeHistory': [444, 87, 698], 'WallDurations': [9.0, 286.4985866546631, 1378.0, 8.0, 2515.0, 10.0, 306.463497877121, 1886.0], 'JobIds': ['141680475.0', '141681456.0', '141685761.0'], 'State': 'transferring', 'RecordedSite': True, 'Error': [90000, "Got recoverable stageout exception:\nStageout failed with code 1.\nThere were 3 failed/killed stageout jobs.\nFailure reasons (per document) follow:\n- bfef7f14301909c7796cf5962db87aba1d0e430fd88915c0d1333b4c:\n  -----> ASO log start -----\n  ['TRANSFER [110] TRANSFER ERROR: Copy failed (3rd pull). Last attempt: copy HTTP 500 : Unexpected server error: 500 [...CUT...] Full log at https://fts3-cms.cern.ch:8449/fts3/ftsmon/#/job/8a07d44a-139e-11f1-b92e-fa163e9e00e6']\n  <----- ASO log finish ----\n  The last failure reason is recoverable.\n- 458010ffaba9d20ee9589ecce030f65737adc7bdf561ac2c63e745e1:\n  -----> ASO log start -----\n  ['DESTINATION [110] timeout of 900s [...CUT...] Full log at https://fts3-cms.cern.ch:8449/fts3/ftsmon/#/job/8a07d44a-139e-11f1-b92e-fa163e9e00e6']\n  <----- ASO log finish ----\n  The last failure reason is recoverable.\n- 9f6a25b4459a3877de2874a28e6a7cd5575bc4978f7dd16f708fed08:\n  -----> ASO log start -----\n  ['DESTINATION [110] timeout of 900s [...CUT...] Full log at https://fts3-cms.cern.ch:8449/fts3/ftsmon/#/job/8a07d44a-139e-11f1-b92e-fa163e9e00e6']\n  <----- ASO log finish ----\n  The last failure reason is recoverable.", {}]}, '352': {'Retries': 0, 'Restarts': 0, 'SiteHistory': ['Unknown', 'T2_DE_RWTH', 'T2_DE_RWTH'], 'ResidentSetSize': [695468], 'SubmitTimes': [1772161719.0], 'StartTimes': [1772162975.0], 'EndTimes': [1772167025.0], 'TotalUserCpuTimeHistory': [5523], 'TotalSysCpuTimeHistory': [1090], 'WallDurations': [8.0, 285.4985866546631, 4050.0], 'JobIds': ['141680476.0'], 'State': 'finished', 'RecordedSite': True, 'Error': [0, 'OK', {}]}, '354': {'Retries': 0, 'Restarts': 0, 'SiteHistory': ['Unknown', 'T2_DE_RWTH', 'T2_DE_RWTH'], 'ResidentSetSize': [733048], 'SubmitTimes': [1772161719.0], 'StartTimes': [1772162972.0], 'EndTimes': [1772166417.0], 'TotalUserCpuTimeHistory': [4711], 'TotalSysCpuTimeHistory': [793], 'WallDurations': [9.0, 288.4985866546631, 3445.0], 'JobIds': ['141680477.0'], 'State': 'finished', 'RecordedSite': True, 'Error': [0, 'OK', {}]}, '347': {'Retries': 1, 'Restarts': 0, 'SiteHistory': ['Unknown', 'T2_BE_IIHE', 'T2_BE_IIHE', 'Unknown', 'T2_CH_CERN', 'T2_CH_CERN'], 'ResidentSetSize': [668644, 3654956], 'SubmitTimes': [1772161719.0, 1772170289.0], 'StartTimes': [1772162974.0, 1772170493.0], 'EndTimes': [1772164807.0, 1772175187.0], 'TotalUserCpuTimeHistory': [2305, 4955], 'TotalSysCpuTimeHistory': [676, 1075], 'WallDurations': [9.0, 286.4985866546631, 1833.0, 8.0, 199.63993883132935, 4694.0], 'JobIds': ['141680478.0', '141681758.0'], 'State': 'transferring', 'RecordedSite': True, 'Error': [90000, "Got recoverable stageout exception:\nStageout failed with code 1.\nThere were 3 failed/killed stageout jobs.\nFailure reasons (per document) follow:\n- cbdc8b5f6917074f86496fe0f2f9d0bb4f55d0887dba32dc11b6c2b4:\n  -----> ASO log start -----\n  ['TRANSFER [5] TRANSFER ERROR: Copy failed (3rd pull). Last attempt: copy HTTP 500 : Unexpected server error: 500 [...CUT...] Full log at https://fts3-cms.cern.ch:8449/fts3/ftsmon/#/job/6b01b032-1391-11f1-80d0-fa163eaa97bf']\n  <----- ASO log finish ----\n  The last failure reason is recoverable.\n- ee46c08bb406e667f581f92baf9120cdedc7c7bd43be3f1bb1a6cdb6:\n  -----> ASO log start -----\n  ['TRANSFER [5] TRANSFER ERROR: Copy failed (3rd pull). Last attempt: copy HTTP 500 : Unexpected server error: 500 [...CUT...] Full log at https://fts3-cms.cern.ch:8449/fts3/ftsmon/#/job/6b01b032-1391-11f1-80d0-fa163eaa97bf']\n  <----- ASO log finish ----\n  The last failure reason is recoverable.\n- c8eec2f32eaee0d1dcbb0da44c5cc69d0f21a791d72ebfda9ef7bf9e:\n  -----> ASO log start -----\n  ['TRANSFER [5] TRANSFER ERROR: Copy failed (3rd pull). Last attempt: copy HTTP 500 : Unexpected server error: 500 [...CUT...] Full log at https://fts3-cms.cern.ch:8449/fts3/ftsmon/#/job/6b01b032-1391-11f1-80d0-fa163eaa97bf']\n  <----- ASO log finish ----\n  The last failure reason is recoverable.", {}]}, '353': {'Retries': 0, 'Restarts': 0, 'SiteHistory': ['Unknown', 'T2_DE_RWTH', 'T2_DE_RWTH'], 'ResidentSetSize': [3673488], 'SubmitTimes': [1772161719.0], 'StartTimes': [1772162972.0], 'EndTimes': [1772166478.0], 'TotalUserCpuTimeHistory': [4795], 'TotalSysCpuTimeHistory': [826], 'WallDurations': [9.0, 288.4985866546631, 3506.0], 'JobIds': ['141680479.0'], 'State': 'finished', 'RecordedSite': True, 'Error': [0, 'OK', {}]}, '356': {'Retries': 0, 'Restarts': 0, 'SiteHistory': ['Unknown', 'T2_DE_RWTH', 'T2_DE_RWTH'], 'ResidentSetSize': [792644], 'SubmitTimes': [1772161719.0], 'StartTimes': [1772162973.0], 'EndTimes': [1772167165.0], 'TotalUserCpuTimeHistory': [5851], 'TotalSysCpuTimeHistory': [1102], 'WallDurations': [9.0, 287.4985866546631, 4192.0], 'JobIds': ['141680480.0'], 'State': 'finished', 'RecordedSite': True, 'Error': [0, 'OK', {}]}, '355': {'Retries': 0, 'Restarts': 0, 'SiteHistory': ['Unknown', 'T2_DE_RWTH', 'T2_DE_RWTH'], 'ResidentSetSize': [3673616], 'SubmitTimes': [1772161719.0], 'StartTimes': [1772162973.0], 'EndTimes': [1772166683.0], 'TotalUserCpuTimeHistory': [4994], 'TotalSysCpuTimeHistory': [882], 'WallDurations': [8.0, 287.4985866546631, 3710.0], 'JobIds': ['141680481.0'], 'State': 'finished', 'RecordedSite': True, 'Error': [0, 'OK', {}]}, '360': {'Retries': 0, 'Restarts': 0, 'SiteHistory': ['Unknown', 'T2_DE_RWTH', 'T2_DE_RWTH'], 'ResidentSetSize': [759776], 'SubmitTimes': [1772161719.0], 'StartTimes': [1772162972.0], 'EndTimes': [1772166101.0], 'TotalUserCpuTimeHistory': [4377], 'TotalSysCpuTimeHistory': [730], 'WallDurations': [9.0, 288.4985866546631, 3129.0], 'JobIds': ['141680482.0'], 'State': 'finished', 'RecordedSite': True, 'Error': [0, 'OK', {}]}, '359': {'Retries': 2, 'Restarts': 0, 'SiteHistory': ['Unknown', 'T2_BE_IIHE', 'T2_BE_IIHE', 'T2_FR_IPHC', 'T2_FR_IPHC', 'T2_CH_CERN', 'T2_CH_CERN'], 'ResidentSetSize': [739988, 741968, 745116], 'SubmitTimes': [1772161719.0, 1772168424.0, 1772183758.0], 'StartTimes': [1772162973.0, 1772168444.0, 1772183770.0], 'EndTimes': [1772164749.0, 1772171008.0, 1772186747.0], 'TotalUserCpuTimeHistory': [2309, 3089, 3208], 'TotalSysCpuTimeHistory': [752, 993, 965], 'WallDurations': [9.0, 287.4985866546631, 1776.0, 9.0, 2564.0, 8.0, 2977.0], 'JobIds': ['141680483.0', '141681514.0', '141686448.0'], 'State': 'transferring', 'RecordedSite': True, 'Error': [90000, "Got recoverable stageout exception:\nStageout failed with code 1.\nThere were 3 failed/killed stageout jobs.\nFailure reasons (per document) follow:\n- b7ab74724dc37f7a438b1701e7f983d3f0f6a9a25c69bea303d10402:\n  -----> ASO log start -----\n  ['TRANSFER [5] TRANSFER ERROR: Copy failed (3rd pull). Last attempt: copy HTTP 500 : Unexpected server error: 500 [...CUT...] Full log at https://fts3-cms.cern.ch:8449/fts3/ftsmon/#/job/481c5dfc-139f-11f1-a5ac-fa163e6c8d57']\n  <----- ASO log finish ----\n  The last failure reason is recoverable.\n- 36648cc360faf2e4eba5bd22678cbcd6415d6900702f6675f25c7ef0:\n  -----> ASO log start -----\n  ['TRANSFER [5] TRANSFER ERROR: Copy failed (3rd pull). Last attempt: copy HTTP 500 : Unexpected server error: 500 [...CUT...] Full log at https://fts3-cms.cern.ch:8449/fts3/ftsmon/#/job/481c5dfc-139f-11f1-a5ac-fa163e6c8d57']\n  <----- ASO log finish ----\n  The last failure reason is recoverable.\n- 8b025abe4c426deb07e39b20e53e96470654c0a8001b3d0182932c93:\n  -----> ASO log start -----\n  ['TRANSFER [5] TRANSFER ERROR: Copy failed (3rd pull). Last attempt: copy HTTP 500 : Unexpected server error: 500 [...CUT...] Full log at https://fts3-cms.cern.ch:8449/fts3/ftsmon/#/job/481c5dfc-139f-11f1-a5ac-fa163e6c8d57']\n  <----- ASO log finish ----\n  The last failure reason is recoverable.", {}]}, '358': {'Retries': 1, 'Restarts': 0, 'SiteHistory': ['Unknown', 'T2_LV_HPCNET', 'T2_LV_HPCNET', 'T2_CH_CERN', 'T2_CH_CERN'], 'ResidentSetSize': [534856, 671916], 'SubmitTimes': [1772161719.0, 1772168656.0], 'StartTimes': [1772162976.0, 1772168681.0], 'EndTimes': [1772164979.0, 1772171831.0], 'TotalUserCpuTimeHistory': [2485, 3267], 'TotalSysCpuTimeHistory': [268, 1217], 'WallDurations': [8.0, 284.4985866546631, 2003.0, 8.0, 3150.0], 'JobIds': ['141680484.0', '141681548.0'], 'State': 'transferring', 'RecordedSite': True, 'Error': [90000, "Got recoverable stageout exception:\nStageout failed with code 1.\nThere were 3 failed/killed stageout jobs.\nFailure reasons (per document) follow:\n- 776e27308f9913a435b9ba0e49035afeb651f6442195e184184024d1:\n  -----> ASO log start -----\n  ['TRANSFER [5] TRANSFER ERROR: Copy failed (3rd pull). Last attempt: copy HTTP 500 : Unexpected server error: 500 [...CUT...] Full log at https://fts3-cms.cern.ch:8449/fts3/ftsmon/#/job/6b1ab2a8-1391-11f1-a5d0-fa163e5dc706']\n  <----- ASO log finish ----\n  The last failure reason is recoverable.\n- c6050e3bb7926765cd386c93df268a563a2f65bc313572f85799956d:\n  -----> ASO log start -----\n  ['TRANSFER [5] TRANSFER ERROR: Copy failed (3rd pull). Last attempt: copy HTTP 500 : Unexpected server error: 500 [...CUT...] Full log at https://fts3-cms.cern.ch:8449/fts3/ftsmon/#/job/6b1ab2a8-1391-11f1-a5d0-fa163e5dc706']\n  <----- ASO log finish ----\n  The last failure reason is recoverable.\n- 78455e96ab4e77f6f6ac58459300c9d4d51414f0f7fdce94c2f7b588:\n  -----> ASO log start -----\n  ['TRANSFER [5] TRANSFER ERROR: Copy failed (3rd pull). Last attempt: copy HTTP 500 : Unexpected server error: 500 [...CUT...] Full log at https://fts3-cms.cern.ch:8449/fts3/ftsmon/#/job/6b1ab2a8-1391-11f1-a5d0-fa163e5dc706']\n  <----- ASO log finish ----\n  The last failure reason is recoverable.", {}]}, '366': {'Retries': 0, 'Restarts': 0, 'SiteHistory': ['Unknown', 'T2_DE_RWTH', 'T2_DE_RWTH'], 'ResidentSetSize': [744384], 'SubmitTimes': [1772161719.0], 'StartTimes': [1772162974.0], 'EndTimes': [1772172135.0], 'TotalUserCpuTimeHistory': [10914], 'TotalSysCpuTimeHistory': [3455], 'WallDurations': [9.0, 286.4985866546631, 9161.0], 'JobIds': ['141680485.0'], 'State': 'finished', 'RecordedSite': True, 'Error': [0, 'OK', {}]}, '357': {'Retries': 2, 'Restarts': 0, 'SiteHistory': ['Unknown', 'T2_BE_IIHE', 'T2_BE_IIHE', 'T2_TR_METU', 'T2_TR_METU', 'T2_CH_CERN', 'T2_CH_CERN'], 'ResidentSetSize': [664724, 691692, 656192], 'SubmitTimes': [1772161719.0, 1772169788.0, 1772183179.0], 'StartTimes': [1772162974.0, 1772169874.0, 1772183193.0], 'EndTimes': [1772164311.0, 1772174038.0, 1772185671.0], 'TotalUserCpuTimeHistory': [1687, 5493, 2814], 'TotalSysCpuTimeHistory': [461, 1644, 797], 'WallDurations': [9.0, 286.4985866546631, 1337.0, 10.0, 4164.0, 8.0, 2478.0], 'JobIds': ['141680486.0', '141681684.0', '141686386.0'], 'State': 'transferring', 'RecordedSite': True, 'Error': [90000, "Got recoverable stageout exception:\nStageout failed with code 1.\nThere were 3 failed/killed stageout jobs.\nFailure reasons (per document) follow:\n- cdeb1b303c22c6707e0dedc29c6675964bc0f73547f781970ec7d11c:\n  -----> ASO log start -----\n  ['TRANSFER [5] TRANSFER ERROR: Copy failed (3rd pull). Last attempt: copy HTTP 500 : Unexpected server error: 500 [...CUT...] Full log at https://fts3-cms.cern.ch:8449/fts3/ftsmon/#/job/91ec5b10-13a6-11f1-8797-fa163e6c8d57']\n  <----- ASO log finish ----\n  The last failure reason is recoverable.\n- 74c55eeef1143ae05967df99430751de7489b3b7a07bc3011aeaf442:\n  -----> ASO log start -----\n  ['TRANSFER [5] TRANSFER ERROR: Copy failed (3rd pull). Last attempt: copy HTTP 500 : Unexpected server error: 500 [...CUT...] Full log at https://fts3-cms.cern.ch:8449/fts3/ftsmon/#/job/91ec5b10-13a6-11f1-8797-fa163e6c8d57']\n  <----- ASO log finish ----\n  The last failure reason is recoverable.\n- b55610d33fdb9e7af793ce774527469794f78ae6f74cb72bd7821592:\n  -----> ASO log start -----\n  ['TRANSFER [5] TRANSFER ERROR: Copy failed (3rd pull). Last attempt: copy HTTP 500 : Unexpected server error: 500 [...CUT...] Full log at https://fts3-cms.cern.ch:8449/fts3/ftsmon/#/job/91ec5b10-13a6-11f1-8797-fa163e6c8d57']\n  <----- ASO log finish ----\n  The last failure reason is recoverable.", {}]}, '364': {'Retries': 2, 'Restarts': 0, 'SiteHistory': ['Unknown', 'T2_LV_HPCNET', 'T2_LV_HPCNET', 'T3_KR_KNU', 'T3_KR_KNU', 'T2_TR_METU', 'T2_TR_METU'], 'ResidentSetSize': [539188, 692228, 3678328], 'SubmitTimes': [1772161719.0, 1772168656.0, 1772178817.0], 'StartTimes': [1772162975.0, 1772168687.0, 1772178875.0], 'EndTimes': [1772164979.0, 1772171479.0, 1772183262.0], 'TotalUserCpuTimeHistory': [2480, 3881, 5600], 'TotalSysCpuTimeHistory': [265, 1184, 1630], 'WallDurations': [8.0, 285.4985866546631, 2004.0, 8.0, 2792.0, 0, 4387.0], 'JobIds': ['141680487.0', '141681547.0', '141685861.0'], 'State': 'transferring', 'RecordedSite': True, 'Error': [90000, "Got recoverable stageout exception:\nStageout failed with code 1.\nThere were 1 failed/killed stageout jobs.\nFailure reasons (per document) follow:\n- 9ac91243a36701511a936f6c3c8408c4e792b6b9e7260ec57f097d80:\n  -----> ASO log start -----\n  ['TRANSFER [112] TRANSFER ERROR: Copy failed (3rd pull). Last attempt: copy HTTP 400 : Server Error [...CUT...] Full log at https://fts3-cms.cern.ch:8449/fts3/ftsmon/#/job/bc14eb2e-13a0-11f1-8f1c-fa163e4409e3']\n  <----- ASO log finish ----\n  The last failure reason is recoverable.", {}]}, '361': {'Retries': 2, 'Restarts': 0, 'SiteHistory': ['Unknown', 'T2_LV_HPCNET', 'T2_LV_HPCNET', 'T2_BE_UCL', 'T2_BE_UCL', 'T3_KR_KNU', 'T3_KR_KNU'], 'ResidentSetSize': [513932, 671244, 778764], 'SubmitTimes': [1772161719.0, 1772168625.0, 1772176210.0], 'StartTimes': [1772162975.0, 1772168656.0, 1772176304.0], 'EndTimes': [1772164945.0, 1772170666.0, 1772180843.0], 'TotalUserCpuTimeHistory': [2453, 1706, 6193], 'TotalSysCpuTimeHistory': [272, 129, 2189], 'WallDurations': [9.0, 285.4985866546631, 1970.0, 9.0, 2010.0, 9.0, 4539.0], 'JobIds': ['141680488.0', '141681543.0', '141685536.0'], 'State': 'finished', 'RecordedSite': True, 'Error': [0, 'OK', {}]}, '363': {'Retries': 0, 'Restarts': 0, 'SiteHistory': ['Unknown', 'T2_DE_RWTH', 'T2_DE_RWTH'], 'ResidentSetSize': [782952], 'SubmitTimes': [1772161719.0], 'StartTimes': [1772162974.0], 'EndTimes': [1772166874.0], 'TotalUserCpuTimeHistory': [5416], 'TotalSysCpuTimeHistory': [1100], 'WallDurations': [9.0, 286.4985866546631, 3900.0], 'JobIds': ['141680489.0'], 'State': 'finished', 'RecordedSite': True, 'Error': [0, 'OK', {}]}, '374': {'Retries': 0, 'Restarts': 1, 'SiteHistory': ['Unknown', 'T2_CN_Beijing', 'T2_CN_Beijing', 'Unknown', 'T2_US_Wisconsin'], 'ResidentSetSize': [1536, 694640], 'SubmitTimes': [1772161719.0, -1], 'StartTimes': [1772162984.0, 1772164264.0], 'EndTimes': [1772163586.0, 1772165798.0], 'TotalUserCpuTimeHistory': [0.0, 1901], 'TotalSysCpuTimeHistory': [0.0, 523], 'WallDurations': [8.0, 276.4985866546631, 602.0, 9.0, 1534.0], 'JobIds': ['141680490.0', '141680490.0'], 'State': 'finished', 'RecordedSite': True, 'Error': [0, 'OK', {}]}, '362': {'Retries': 0, 'Restarts': 2, 'SiteHistory': ['Unknown', 'T2_CN_Beijing', 'T2_CN_Beijing', 'Unknown', 'T2_US_Florida', 'T2_US_UCSD'], 'ResidentSetSize': [1536, 634244, 757816], 'SubmitTimes': [1772161719.0, -1, -1], 'StartTimes': [1772162984.0, 1772164266.0, 1772167383.0], 'EndTimes': [1772163586.0, 1772167376.0, 1772169569.0], 'TotalUserCpuTimeHistory': [0.0, 2873.0, 5864], 'TotalSysCpuTimeHistory': [0.0, 316.0, 820], 'WallDurations': [8.0, 276.4985866546631, 602.0, 9.0, 3110.0, 2186.0], 'JobIds': ['141680491.0', '141680491.0', '141680491.0'], 'State': 'finished', 'RecordedSite': True, 'Error': [0, 'OK', {}]}, '365': {'Retries': 3, 'Restarts': 2, 'SiteHistory': ['Unknown', 'T2_CN_Beijing', 'T2_CN_Beijing', 'Unknown', 'T2_US_Florida', 'T2_BE_IIHE', 'Unknown', 'T2_CH_CERN', 'T2_CH_CERN'], 'ResidentSetSize': [1536, 689996, 750000, 624204], 'SubmitTimes': [1772161719.0, -1, -1, 1772189460.0], 'StartTimes': [1772162984.0, 1772164266.0, 1772166102.0, 1772189560.0], 'EndTimes': [1772163585.0, 1772166094.0, 1772167768.0, 1772192124.0], 'TotalUserCpuTimeHistory': [0.0, 1960.0, 4115, 2887], 'TotalSysCpuTimeHistory': [0.0, 177.0, 847, 976], 'WallDurations': [8.0, 276.4985866546631, 601.0, 8.0, 1828.0, 1666.0, 9.0, 297.9253373146057, 2564.0], 'JobIds': ['141680492.0', '141680492.0', '141680492.0', '141695112.0'], 'State': 'transferring', 'RecordedSite': True, 'Error': [90000, "Got recoverable stageout exception:\nStageout failed with code 1.\nThere were 3 failed/killed stageout jobs.\nFailure reasons (per document) follow:\n- e6b6ce8fb26c85701065b2ede5c6e70ea533934a1d84e16448b4aae1:\n  -----> ASO log start -----\n  ['TRANSFER [5] TRANSFER ERROR: Copy failed (3rd pull). Last attempt: copy HTTP 500 : Unexpected server error: 500 [...CUT...] Full log at https://fts3-cms.cern.ch:8449/fts3/ftsmon/#/job/edbfa38e-1397-11f1-9504-fa163e6c8d57']\n  <----- ASO log finish ----\n  The last failure reason is recoverable.\n- 40254509950726ab1241327e931caa9a7f418a25a0635f4879b322a1:\n  -----> ASO log start -----\n  ['TRANSFER [5] TRANSFER ERROR: Copy failed (3rd pull). Last attempt: copy HTTP 500 : Unexpected server error: 500 [...CUT...] Full log at https://fts3-cms.cern.ch:8449/fts3/ftsmon/#/job/edbfa38e-1397-11f1-9504-fa163e6c8d57']\n  <----- ASO log finish ----\n  The last failure reason is recoverable.\n- 511750d0cc28444eb447470821b46db184f7040c8526afd43fd4b487:\n  -----> ASO log start -----\n  ['TRANSFER [5] TRANSFER ERROR: Copy failed (3rd pull). Last attempt: copy HTTP 500 : Unexpected server error: 500 [...CUT...] Full log at https://fts3-cms.cern.ch:8449/fts3/ftsmon/#/job/edbfa38e-1397-11f1-9504-fa163e6c8d57']\n  <----- ASO log finish ----\n  The last failure reason is recoverable.", {}]}, '369': {'Retries': 4, 'Restarts': 2, 'SiteHistory': ['Unknown', 'T2_CN_Beijing', 'T2_CN_Beijing', 'Unknown', 'T2_US_Florida', 'T2_CH_CERN', 'Unknown', 'T2_US_UCSD', 'T2_US_UCSD', 'T2_CH_CERN', 'T2_CH_CERN'], 'ResidentSetSize': [1536, 666516, 750000, 755060, 758220], 'SubmitTimes': [1772161719.0, -1, -1, 1772171127.0, 1772179907.0], 'StartTimes': [1772162982.0, 1772164264.0, 1772166062.0, 1772171390.0, 1772179999.0], 'EndTimes': [1772163584.0, 1772166057.0, 1772167451.0, 1772174368.0, 1772181977.0], 'TotalUserCpuTimeHistory': [0.0, 1987.0, 4101, 3699, 2419], 'TotalSysCpuTimeHistory': [0.0, 189.0, 610, 870, 739], 'WallDurations': [9.0, 278.4985866546631, 602.0, 9.0, 1793.0, 1389.0, 9.0, 249.47571229934692, 2978.0, 8.0, 1978.0], 'JobIds': ['141680493.0', '141680493.0', '141680493.0', '141681884.0', '141685979.0'], 'State': 'transferring', 'RecordedSite': True, 'Error': [90000, "Got recoverable stageout exception:\nStageout failed with code 1.\nThere were 2 failed/killed stageout jobs.\nFailure reasons (per document) follow:\n- 784ff338f17f84da852c78bcf6bb1334eadc56b436e7f3e88c11dad7:\n  -----> ASO log start -----\n  ['TRANSFER [112] TRANSFER ERROR: Copy failed (3rd pull). Last attempt: copy HTTP 400 : Server Error [...CUT...] Full log at https://fts3-cms.cern.ch:8449/fts3/ftsmon/#/job/4c5f5984-13a7-11f1-85ef-fa163e5dc706']\n  <----- ASO log finish ----\n  The last failure reason is recoverable.\n- 2940af533b8afa1dae81f3ee042dbee81f0695a3230d56b8f59dfbe4:\n  -----> ASO log start -----\n  ['DESTINATION [5] HTTP 500 : Unexpected server error: 500 [...CUT...] Full log at https://fts3-cms.cern.ch:8449/fts3/ftsmon/#/job/4c5f5984-13a7-11f1-85ef-fa163e5dc706']\n  <----- ASO log finish ----\n  The last failure reason is recoverable.", {}]}, '368': {'Retries': 0, 'Restarts': 1, 'SiteHistory': ['Unknown', 'T2_CN_Beijing', 'T2_CN_Beijing', 'Unknown', 'T2_US_Florida'], 'ResidentSetSize': [1536, 639448], 'SubmitTimes': [1772161719.0, -1], 'StartTimes': [1772162984.0, 1772164293.0], 'EndTimes': [1772163586.0, 1772165675.0], 'TotalUserCpuTimeHistory': [0.0, 2049], 'TotalSysCpuTimeHistory': [0.0, 194], 'WallDurations': [8.0, 276.4985866546631, 602.0, 9.0, 1382.0], 'JobIds': ['141680494.0', '141680494.0'], 'State': 'finished', 'RecordedSite': True, 'Error': [0, 'OK', {}]}, '372': {'Retries': 4, 'Restarts': 2, 'SiteHistory': ['Unknown', 'T2_CN_Beijing', 'T2_CN_Beijing', 'Unknown', 'T2_US_Florida', 'T2_DE_RWTH', 'T2_DE_RWTH', 'T2_DE_RWTH', 'Unknown', 'T2_CH_CERN', 'T2_CH_CERN'], 'ResidentSetSize': [1536, 500052, 750000, 1597356, 628324], 'SubmitTimes': [1772161719.0, -1, -1, 1772176135.0, 1772188573.0], 'StartTimes': [1772162986.0, 1772164264.0, 1772166103.0, 1772176192.0, 1772188814.0], 'EndTimes': [1772163588.0, 1772166098.0, 1772168861.0, 1772183040.0, 1772191584.0], 'TotalUserCpuTimeHistory': [0.0, 2143.0, 6066, 9255, 3132], 'TotalSysCpuTimeHistory': [0.0, 221.0, 835, 2958, 1128], 'WallDurations': [9.0, 274.4985866546631, 602.0, 9.0, 1834.0, 2758.0, 8.0, 6848.0, 9.0, 107.15398740768433, 2770.0], 'JobIds': ['141680495.0', '141680495.0', '141680495.0', '141685525.0', '141694965.0'], 'State': 'transferring', 'RecordedSite': True, 'Error': [90000, "Got recoverable stageout exception:\nStageout failed with code 1.\nThere were 1 failed/killed stageout jobs.\nFailure reasons (per document) follow:\n- 4b3cd31d3e4ad419933d73131eb61f6b0ba301fb9955e51e5a40d78a:\n  -----> ASO log start -----\n  ['TRANSFER [112] TRANSFER ERROR: Copy failed (3rd pull). Last attempt: copy HTTP 400 : Server Error [...CUT...] Full log at https://fts3-cms.cern.ch:8449/fts3/ftsmon/#/job/d610663c-13bb-11f1-ab2e-fa163e9e00e6']\n  <----- ASO log finish ----\n  The last failure reason is recoverable.", {}]}, '367': {'Retries': 0, 'Restarts': 2, 'SiteHistory': ['Unknown', 'T2_CN_Beijing', 'T2_CN_Beijing', 'Unknown', 'T2_US_Florida', 'T2_CH_CERN'], 'ResidentSetSize': [1536, 629620, 0], 'SubmitTimes': [1772161719.0, -1, -1], 'StartTimes': [1772162985.0, 1772164266.0, 1772166892.0], 'EndTimes': [1772163587.0, 1772166886.0, 1772168415.0], 'TotalUserCpuTimeHistory': [0.0, 3346.0, 5566], 'TotalSysCpuTimeHistory': [0.0, 429.0, 919], 'WallDurations': [9.0, 275.4985866546631, 602.0, 10.0, 2620.0, 1523.0], 'JobIds': ['141680496.0', '141680496.0', '141680496.0'], 'State': 'finished', 'RecordedSite': True, 'Error': [0, 'OK', {}]}, '375': {'Retries': 0, 'Restarts': 1, 'SiteHistory': ['Unknown', 'T2_CN_Beijing', 'T2_CN_Beijing', 'Unknown', 'T2_US_Caltech'], 'ResidentSetSize': [1536, 683772], 'SubmitTimes': [1772161719.0, -1], 'StartTimes': [1772162986.0, 1772164267.0], 'EndTimes': [1772163588.0, 1772167437.0], 'TotalUserCpuTimeHistory': [0.0, 4508], 'TotalSysCpuTimeHistory': [0.0, 701], 'WallDurations': [8.0, 274.4985866546631, 602.0, 8.0, 3170.0], 'JobIds': ['141680497.0', '141680497.0'], 'State': 'finished', 'RecordedSite': True, 'Error': [0, 'OK', {}]}, '376': {'Retries': 3, 'Restarts': 1, 'SiteHistory': ['Unknown', 'T2_CN_Beijing', 'T2_CN_Beijing', 'Unknown', 'T2_BE_IIHE', 'T2_FR_GRIF', 'T2_FR_GRIF', 'Unknown', 'T2_CH_CERN', 'T2_CH_CERN'], 'ResidentSetSize': [1536, 690548, 716912, 947304], 'SubmitTimes': [1772161720.0, -1, 1772171067.0, 1772200784.0], 'StartTimes': [1772162985.0, 1772164302.0, 1772171316.0, 1772200873.0], 'EndTimes': [1772163587.0, 1772165593.0, 1772175424.0], 'TotalUserCpuTimeHistory': [0.0, 1633, 5560, 1042.0], 'TotalSysCpuTimeHistory': [0.0, 447, 930, 679.0], 'WallDurations': [10.0, 275.4985866546631, 602.0, 9.0, 1291.0, 8.0, 4108.0, 9.0, 227.42831778526306, 1213.0], 'JobIds': ['141680498.0', '141680498.0', '141681873.0', '141706622.0'], 'State': 'running', 'RecordedSite': True, 'Error': [90000, "Got recoverable stageout exception:\nStageout failed with code 1.\nThere were 3 failed/killed stageout jobs.\nFailure reasons (per document) follow:\n- a42e175011a91d448d6e8db5713ce4b8eb822e1d81812c641410656f:\n  -----> ASO log start -----\n  ['TRANSFER [5] TRANSFER ERROR: Copy failed (3rd pull). Last attempt: copy HTTP 500 : Unexpected server error: 500 [...CUT...] Full log at https://fts3-cms.cern.ch:8449/fts3/ftsmon/#/job/3b7b4cec-13aa-11f1-9717-fa163e6c8d57']\n  <----- ASO log finish ----\n  The last failure reason is recoverable.\n- 2431490dec4beae7163c131de0fcf6fc6163a1d96d16eed6fc1a7d8a:\n  -----> ASO log start -----\n  ['TRANSFER [5] TRANSFER ERROR: Copy failed (3rd pull). Last attempt: copy HTTP 500 : Unexpected server error: 500 [...CUT...] Full log at https://fts3-cms.cern.ch:8449/fts3/ftsmon/#/job/3b7b4cec-13aa-11f1-9717-fa163e6c8d57']\n  <----- ASO log finish ----\n  The last failure reason is recoverable.\n- c984bf699e96624210a11d03e285bc90497c1309a3217bf9eec12a82:\n  -----> ASO log start -----\n  ['TRANSFER [5] TRANSFER ERROR: Copy failed (3rd pull). Last attempt: copy HTTP 500 : Unexpected server error: 500 [...CUT...] Full log at https://fts3-cms.cern.ch:8449/fts3/ftsmon/#/job/3b7b4cec-13aa-11f1-9717-fa163e6c8d57']\n  <----- ASO log finish ----\n  The last failure reason is recoverable.", {}]}, '373': {'Retries': 3, 'Restarts': 1, 'SiteHistory': ['Unknown', 'T2_CN_Beijing', 'T2_CN_Beijing', 'Unknown', 'T2_BE_UCL', 'Unknown', 'T2_PT_NCG_Lisbon', 'T2_PT_NCG_Lisbon', 'T2_CH_CERN', 'T2_CH_CERN'], 'ResidentSetSize': [1536, 3687452, 832964, 681940], 'SubmitTimes': [1772161720.0, -1, 1772169260.0, 1772182099.0], 'StartTimes': [1772162985.0, 1772164309.0, 1772169482.0, 1772182133.0], 'EndTimes': [1772163587.0, 1772165591.0, 1772172962.0, 1772184724.0], 'TotalUserCpuTimeHistory': [0.0, 1451, 5030, 2969], 'TotalSysCpuTimeHistory': [0.0, 91, 1041, 1012], 'WallDurations': [9.0, 275.4985866546631, 602.0, 9.0, 1282.0, 8.0, 266.87106704711914, 3480.0, 9.0, 2591.0], 'JobIds': ['141680499.0', '141680499.0', '141681623.0', '141686277.0'], 'State': 'transferring', 'RecordedSite': True, 'Error': [90000, "Got recoverable stageout exception:\nStageout failed with code 1.\nThere were 3 failed/killed stageout jobs.\nFailure reasons (per document) follow:\n- 7671f3f3c6705588fe1ca2e9e0c1b0aad739a752b59908a70feaa40f:\n  -----> ASO log start -----\n  ['TRANSFER [5] TRANSFER ERROR: Copy failed (3rd pull). Last attempt: copy HTTP 500 : Unexpected server error: 500 [...CUT...] Full log at https://fts3-cms.cern.ch:8449/fts3/ftsmon/#/job/5fedac6a-13a4-11f1-867d-fa163eaa97bf']\n  <----- ASO log finish ----\n  The last failure reason is recoverable.\n- c4faf9262fadf4580cb228c7882d5eee9ee02aac0bba3395289799f6:\n  -----> ASO log start -----\n  ['TRANSFER [5] TRANSFER ERROR: Copy failed (3rd pull). Last attempt: copy HTTP 500 : Unexpected server error: 500 [...CUT...] Full log at https://fts3-cms.cern.ch:8449/fts3/ftsmon/#/job/5fedac6a-13a4-11f1-867d-fa163eaa97bf']\n  <----- ASO log finish ----\n  The last failure reason is recoverable.\n- 053755b62733ef021fae952a37578fc8315152f2492d5818e53e3527:\n  -----> ASO log start -----\n  ['TRANSFER [5] TRANSFER ERROR: Copy failed (3rd pull). Last attempt: copy HTTP 500 : Unexpected server error: 500 [...CUT...] Full log at https://fts3-cms.cern.ch:8449/fts3/ftsmon/#/job/5fedac6a-13a4-11f1-867d-fa163eaa97bf']\n  <----- ASO log finish ----\n  The last failure reason is recoverable.", {}]}, '371': {'Retries': 2, 'Restarts': 0, 'SiteHistory': ['Unknown', 'T2_DE_RWTH', 'T2_DE_RWTH', 'T2_TR_METU', 'T2_TR_METU', 'T2_US_Nebraska', 'T2_US_Nebraska'], 'ResidentSetSize': [738516, 635588, 646952], 'SubmitTimes': [1772161720.0, 1772170419.0, 1772198627.0], 'StartTimes': [1772162976.0, 1772170599.0, 1772198658.0], 'EndTimes': [1772166742.0, 1772176859.0, 1772201897.0], 'TotalUserCpuTimeHistory': [5037, 6250, 4622], 'TotalSysCpuTimeHistory': [955, 2023, 1016], 'WallDurations': [9.0, 284.4985866546631, 3766.0, 10.0, 6260.0, 8.0, 3239.0], 'JobIds': ['141680500.0', '141681782.0', '141706075.0'], 'State': 'transferring', 'RecordedSite': True, 'Error': [90000, "Got recoverable stageout exception:\nStageout failed with code 1.\nThere were 3 failed/killed stageout jobs.\nFailure reasons (per document) follow:\n- 34bcc3e8cc9888aeb1622ddc47eac79aae9f7ff120f93d6f7187af29:\n  -----> ASO log start -----\n  ['TRANSFER [5] TRANSFER ERROR: Copy failed (3rd pull). Last attempt: copy HTTP 500 : Unexpected server error: 500 [...CUT...] Full log at https://fts3-cms.cern.ch:8449/fts3/ftsmon/#/job/2bfbbaba-13ad-11f1-9af2-fa163e65d4d2']\n  <----- ASO log finish ----\n  The last failure reason is recoverable.\n- 8a5e7e9cc085d1297dcff48d5f48dc03edb5eeada25eadfbb8fc6e91:\n  -----> ASO log start -----\n  ['TRANSFER [5] TRANSFER ERROR: Copy failed (3rd pull). Last attempt: copy HTTP 500 : Unexpected server error: 500 [...CUT...] Full log at https://fts3-cms.cern.ch:8449/fts3/ftsmon/#/job/2bfbbaba-13ad-11f1-9af2-fa163e65d4d2']\n  <----- ASO log finish ----\n  The last failure reason is recoverable.\n- 0bc668506491c544915982aa0fd398502ecdfe7063949ddb978efb73:\n  -----> ASO log start -----\n  ['TRANSFER [5] TRANSFER ERROR: Copy failed (3rd pull). Last attempt: copy HTTP 500 : Unexpected server error: 500 [...CUT...] Full log at https://fts3-cms.cern.ch:8449/fts3/ftsmon/#/job/2bfbbaba-13ad-11f1-9af2-fa163e65d4d2']\n  <----- ASO log finish ----\n  The last failure reason is recoverable.", {}]}, '378': {'Retries': 0, 'Restarts': 0, 'SiteHistory': ['Unknown', 'T2_DE_RWTH', 'T2_DE_RWTH'], 'ResidentSetSize': [710216], 'SubmitTimes': [1772161725.0], 'StartTimes': [1772162977.0], 'EndTimes': [1772166754.0], 'TotalUserCpuTimeHistory': [5367], 'TotalSysCpuTimeHistory': [1040], 'WallDurations': [9.0, 283.4985866546631, 3777.0], 'JobIds': ['141680501.0'], 'State': 'finished', 'RecordedSite': True, 'Error': [0, 'OK', {}]}, '370': {'Retries': 0, 'Restarts': 0, 'SiteHistory': ['Unknown', 'T2_DE_RWTH', 'T2_DE_RWTH'], 'ResidentSetSize': [711032], 'SubmitTimes': [1772161725.0], 'StartTimes': [1772162976.0], 'EndTimes': [1772166280.0], 'TotalUserCpuTimeHistory': [4598], 'TotalSysCpuTimeHistory': [793], 'WallDurations': [9.0, 284.4985866546631, 3304.0], 'JobIds': ['141680502.0'], 'State': 'finished', 'RecordedSite': True, 'Error': [0, 'OK', {}]}, '382': {'Retries': 0, 'Restarts': 0, 'SiteHistory': ['Unknown', 'T2_DE_RWTH', 'T2_DE_RWTH'], 'ResidentSetSize': [717948], 'SubmitTimes': [1772161725.0], 'StartTimes': [1772162977.0], 'EndTimes': [1772166761.0], 'TotalUserCpuTimeHistory': [5167], 'TotalSysCpuTimeHistory': [927], 'WallDurations': [8.0, 283.4985866546631, 3784.0], 'JobIds': ['141680503.0'], 'State': 'finished', 'RecordedSite': True, 'Error': [0, 'OK', {}]}, '377': {'Retries': 2, 'Restarts': 1, 'SiteHistory': ['Unknown', 'T2_CN_Beijing', 'T2_CN_Beijing', 'Unknown', 'T2_EE_Estonia', 'Unknown', 'T3_KR_KNU', 'T3_KR_KNU'], 'ResidentSetSize': [1536, 645564, 668220], 'SubmitTimes': [1772161725.0, -1, 1772171152.0], 'StartTimes': [1772162987.0, 1772164311.0, 1772171488.0], 'EndTimes': [1772163589.0, 1772165673.0, 1772175095.0], 'TotalUserCpuTimeHistory': [0.0, 1625, 4809], 'TotalSysCpuTimeHistory': [0.0, 497, 1631], 'WallDurations': [8.0, 273.4985866546631, 602.0, 9.0, 1362.0, 9.0, 151.47571229934692, 3607.0], 'JobIds': ['141680504.0', '141680504.0', '141681891.0'], 'State': 'finished', 'RecordedSite': True, 'Error': [0, 'OK', {}]}, '379': {'Retries': 0, 'Restarts': 1, 'SiteHistory': ['Unknown', 'T2_CN_Beijing', 'T2_CN_Beijing', 'Unknown', 'T2_US_Wisconsin'], 'ResidentSetSize': [1536, 645952], 'SubmitTimes': [1772161725.0, -1], 'StartTimes': [1772162986.0, 1772164264.0], 'EndTimes': [1772163588.0, 1772165978.0], 'TotalUserCpuTimeHistory': [0.0, 1937], 'TotalSysCpuTimeHistory': [0.0, 561], 'WallDurations': [10.0, 274.4985866546631, 602.0, 9.0, 1714.0], 'JobIds': ['141680505.0', '141680505.0'], 'State': 'finished', 'RecordedSite': True, 'Error': [0, 'OK', {}]}, '380': {'Retries': 0, 'Restarts': 2, 'SiteHistory': ['Unknown', 'T2_CN_Beijing', 'T2_CN_Beijing', 'Unknown', 'T2_US_Florida', 'T2_UK_SGrid_RALPP'], 'ResidentSetSize': [4800, 660364, 750000], 'SubmitTimes': [1772161725.0, -1, -1], 'StartTimes': [1772162987.0, 1772164273.0, 1772167483.0], 'EndTimes': [1772163589.0, 1772167470.0, 1772170457.0], 'TotalUserCpuTimeHistory': [0.0, 3067.0, 6822], 'TotalSysCpuTimeHistory': [0.0, 381.0, 1546], 'WallDurations': [8.0, 273.4985866546631, 602.0, 9.0, 3197.0, 2974.0], 'JobIds': ['141680506.0', '141680506.0', '141680506.0'], 'State': 'finished', 'RecordedSite': True, 'Error': [0, 'OK', {}]}, '381': {'Retries': 4, 'Restarts': 2, 'SiteHistory': ['Unknown', 'T2_CN_Beijing', 'T2_CN_Beijing', 'Unknown', 'T2_US_Florida', 'T2_BE_UCL', 'Unknown', 'T2_TR_METU', 'T2_TR_METU', 'T2_CH_CERN', 'T2_CH_CERN'], 'ResidentSetSize': [4820, 659452, 750000, 641156, 4864], 'SubmitTimes': [1772161725.0, -1, -1, 1772171347.0, 1772202755.0], 'StartTimes': [1772162987.0, 1772164264.0, 1772166046.0, 1772171685.0, 1772202864.0], 'EndTimes': [1772163589.0, 1772166043.0, 1772167672.0, 1772179192.0], 'TotalUserCpuTimeHistory': [0.0, 2054.0, 3506, 7469, 0.0], 'TotalSysCpuTimeHistory': [0.0, 221.0, 249, 3039, 0.0], 'WallDurations': [8.0, 273.4985866546631, 602.0, 9.0, 1779.0, 1626.0, 10.0, 266.1406033039093, 7507.0, 8.0, 100.55532240867615], 'JobIds': ['141680507.0', '141680507.0', '141680507.0', '141681911.0', '141707148.0'], 'State': 'idle', 'RecordedSite': True, 'Error': [90000, "Got recoverable stageout exception:\nStageout failed with code 1.\nThere were 3 failed/killed stageout jobs.\nFailure reasons (per document) follow:\n- 638c2b034f8fc2903232d7b5807db11756932d66abbd279b3ed96436:\n  -----> ASO log start -----\n  ['TRANSFER [5] TRANSFER ERROR: Copy failed (3rd pull). Last attempt: copy HTTP 500 : Unexpected server error: 500 [...CUT...] Full log at https://fts3-cms.cern.ch:8449/fts3/ftsmon/#/job/587de478-13b2-11f1-b55a-fa163e1db714']\n  <----- ASO log finish ----\n  The last failure reason is recoverable.\n- 80e12529bbb64b453cc685d73a9fef920eda80984efe4dff2377e9d5:\n  -----> ASO log start -----\n  ['TRANSFER [5] TRANSFER ERROR: Copy failed (3rd pull). Last attempt: copy HTTP 500 : Unexpected server error: 500 [...CUT...] Full log at https://fts3-cms.cern.ch:8449/fts3/ftsmon/#/job/587de478-13b2-11f1-b55a-fa163e1db714']\n  <----- ASO log finish ----\n  The last failure reason is recoverable.\n- ed7803829b2c3e79a65e1770bf1848ade71ce25ea47cd099464e17f3:\n  -----> ASO log start -----\n  ['TRANSFER [5] TRANSFER ERROR: Copy failed (3rd pull). Last attempt: copy HTTP 500 : Unexpected server error: 500 [...CUT...] Full log at https://fts3-cms.cern.ch:8449/fts3/ftsmon/#/job/587de478-13b2-11f1-b55a-fa163e1db714']\n  <----- ASO log finish ----\n  The last failure reason is recoverable.", {}]}, '383': {'Retries': 0, 'Restarts': 2, 'SiteHistory': ['Unknown', 'T2_CN_Beijing', 'T2_CN_Beijing', 'Unknown', 'T2_US_Florida', 'T2_US_UCSD'], 'ResidentSetSize': [1536, 699588, 750000], 'SubmitTimes': [1772161725.0, -1, -1], 'StartTimes': [1772162987.0, 1772164263.0, 1772166119.0], 'EndTimes': [1772163589.0, 1772166105.0, 1772167999.0], 'TotalUserCpuTimeHistory': [0.0, 2466.0, 4817], 'TotalSysCpuTimeHistory': [0.0, 289.0, 858], 'WallDurations': [9.0, 273.4985866546631, 602.0, 9.0, 1842.0, 1880.0], 'JobIds': ['141680508.0', '141680508.0', '141680508.0'], 'State': 'finished', 'RecordedSite': True, 'Error': [0, 'OK', {}]}, '384': {'Retries': 0, 'Restarts': 0, 'SiteHistory': ['Unknown', 'T2_US_Nebraska', 'T2_US_Nebraska'], 'ResidentSetSize': [703600], 'SubmitTimes': [1772161725.0], 'StartTimes': [1772164268.0], 'EndTimes': [1772166223.0], 'TotalUserCpuTimeHistory': [2584], 'TotalSysCpuTimeHistory': [494], 'WallDurations': [8.0, 193.84561252593994, 1955.0], 'JobIds': ['141680509.0'], 'State': 'finished', 'RecordedSite': True, 'Error': [0, 'OK', {}]}, '385': {'Retries': 3, 'Restarts': 1, 'SiteHistory': ['Unknown', 'T2_US_Florida', 'T2_US_Florida', 'T2_BE_UCL', 'T2_TR_METU', 'T2_TR_METU', 'T3_UK_ScotGrid_GLA', 'T3_UK_ScotGrid_GLA'], 'ResidentSetSize': [633928, 750000, 3448340, 657624], 'SubmitTimes': [1772161725.0, -1, 1772176966.0, 1772186003.0], 'StartTimes': [1772164264.0, 1772167675.0, 1772176970.0, 1772186014.0], 'EndTimes': [1772167672.0, 1772169686.0, 1772180471.0, 1772189617.0], 'TotalUserCpuTimeHistory': [2704.0, 4049, 4671, 4347], 'TotalSysCpuTimeHistory': [288.0, 317, 1179, 1351], 'WallDurations': [9.0, 197.84561252593994, 3408.0, 2011.0, 0, 3501.0, 9.0, 3603.0], 'JobIds': ['141680510.0', '141680510.0', '141685689.0', '141686819.0'], 'State': 'finished', 'RecordedSite': True, 'Error': [0, 'OK', {}]}, '386': {'Retries': 2, 'Restarts': 0, 'SiteHistory': ['Unknown', 'T2_FR_IPHC', 'T2_FR_IPHC', 'T3_KR_KNU', 'T3_KR_KNU', 'T2_CH_CERN', 'T2_CH_CERN'], 'ResidentSetSize': [714644, 715320, 688620], 'SubmitTimes': [1772161725.0, 1772169250.0, 1772179907.0], 'StartTimes': [1772164261.0, 1772169311.0, 1772179909.0], 'EndTimes': [1772165573.0, 1772174374.0, 1772182453.0], 'TotalUserCpuTimeHistory': [1647, 7128, 2876], 'TotalSysCpuTimeHistory': [390, 2169, 937], 'WallDurations': [9.0, 200.84561252593994, 1312.0, 9.0, 5063.0, 10.0, 2544.0], 'JobIds': ['141680511.0', '141681621.0', '141685978.0'], 'State': 'transferring', 'RecordedSite': True, 'Error': [90000, "Got recoverable stageout exception:\nStageout failed with code 1.\nThere were 1 failed/killed stageout jobs.\nFailure reasons (per document) follow:\n- dfdd97ba0702f498e94699f5777fef3fed9a5bd95371f350b113c2c9:\n  -----> ASO log start -----\n  ['DESTINATION [5] HTTP 500 : Unexpected server error: 500 [...CUT...] Full log at https://fts3-cms.cern.ch:8449/fts3/ftsmon/#/job/4c4636ac-13a7-11f1-8e8a-fa163e255442']\n  <----- ASO log finish ----\n  The last failure reason is recoverable.", {}]}, '387': {'Retries': 2, 'Restarts': 0, 'SiteHistory': ['Unknown', 'T2_BE_IIHE', 'T2_BE_IIHE', 'T3_KR_KNU', 'T3_KR_KNU', 'T2_CH_CERN', 'T2_CH_CERN'], 'ResidentSetSize': [630348, 695636, 1826644], 'SubmitTimes': [1772161725.0, 1772176470.0, 1772188331.0], 'StartTimes': [1772164313.0, 1772176487.0, 1772188527.0], 'EndTimes': [1772165591.0, 1772181000.0, 1772190932.0], 'TotalUserCpuTimeHistory': [1588, 6215, 2981], 'TotalSysCpuTimeHistory': [413, 2190, 365], 'WallDurations': [8.0, 148.84561252593994, 1278.0, 10.0, 4513.0, 9.0, 2405.0], 'JobIds': ['141680512.0', '141685654.0', '141694530.0'], 'State': 'transferring', 'RecordedSite': True, 'Error': [90000, "Got recoverable stageout exception:\nStageout failed with code 1.\nThere were 1 failed/killed stageout jobs.\nFailure reasons (per document) follow:\n- b8b7bc8731e2a09af4b19248bc13ff6ae9f141d7e86afe0685a536f9:\n  -----> ASO log start -----\n  ['DESTINATION [110] timeout of 900s [...CUT...] Full log at https://fts3-cms.cern.ch:8449/fts3/ftsmon/#/job/bec99264-13b6-11f1-af06-fa163eaa97bf']\n  <----- ASO log finish ----\n  The last failure reason is recoverable.", {}]}, '388': {'Retries': 0, 'Restarts': 0, 'SiteHistory': ['Unknown', 'T2_US_Florida', 'T2_US_Florida'], 'ResidentSetSize': [496512], 'SubmitTimes': [1772161725.0], 'StartTimes': [1772164323.0], 'EndTimes': [1772165617.0], 'TotalUserCpuTimeHistory': [2028], 'TotalSysCpuTimeHistory': [206], 'WallDurations': [8.0, 138.84561252593994, 1294.0], 'JobIds': ['141680513.0'], 'State': 'finished', 'RecordedSite': True, 'Error': [0, 'OK', {}]}, '389': {'Retries': 0, 'Restarts': 0, 'SiteHistory': ['Unknown', 'T2_US_Florida', 'T2_US_Florida'], 'ResidentSetSize': [651932], 'SubmitTimes': [1772161725.0], 'StartTimes': [1772164326.0], 'EndTimes': [1772165704.0], 'TotalUserCpuTimeHistory': [2158], 'TotalSysCpuTimeHistory': [228], 'WallDurations': [9.0, 135.84561252593994, 1378.0], 'JobIds': ['141680514.0'], 'State': 'finished', 'RecordedSite': True, 'Error': [0, 'OK', {}]}, '390': {'Retries': 2, 'Restarts': 1, 'SiteHistory': ['Unknown', 'T2_US_Florida', 'T2_US_Florida', 'T2_US_Wisconsin', 'T3_KR_KNU', 'T3_KR_KNU'], 'ResidentSetSize': [731556, 777772, 729160], 'SubmitTimes': [1772161725.0, -1, 1772175033.0], 'StartTimes': [1772164347.0, 1772166347.0, 1772175077.0], 'EndTimes': [1772166323.0, 1772169559.0, 1772179316.0], 'TotalUserCpuTimeHistory': [2100.0, 6598, 5902], 'TotalSysCpuTimeHistory': [224.0, 1388, 1969], 'WallDurations': [8.0, 114.84561252593994, 1976.0, 3212.0, 0, 4239.0], 'JobIds': ['141680515.0', '141680515.0', '141685430.0'], 'State': 'finished', 'RecordedSite': True, 'Error': [0, 'OK', {}]}, '391': {'Retries': 2, 'Restarts': 0, 'SiteHistory': ['Unknown', 'T2_FR_IPHC', 'T2_FR_IPHC', 'T2_DE_RWTH', 'T2_DE_RWTH', 'Unknown', 'T2_DE_RWTH', 'T2_DE_RWTH'], 'ResidentSetSize': [692252, 3676516, 780736], 'SubmitTimes': [1772161725.0, 1772169928.0, 1772180754.0], 'StartTimes': [1772164551.0, 1772169937.0, 1772180846.0], 'EndTimes': [1772166259.0, 1772177019.0, 1772189258.0], 'TotalUserCpuTimeHistory': [2048, 9393, 10837], 'TotalSysCpuTimeHistory': [591, 3070, 3407], 'WallDurations': [9.0, 213.16870021820068, 1708.0, 8.0, 7082.0, 9.0, 245.6185383796692, 8412.0], 'JobIds': ['141680516.0', '141681700.0', '141686095.0'], 'State': 'finished', 'RecordedSite': True, 'Error': [0, 'OK', {}]}, '392': {'Retries': 0, 'Restarts': 0, 'SiteHistory': ['Unknown', 'T2_US_Florida', 'T2_US_Florida'], 'ResidentSetSize': [690560], 'SubmitTimes': [1772161725.0], 'StartTimes': [1772164284.0], 'EndTimes': [1772166440.0], 'TotalUserCpuTimeHistory': [3148], 'TotalSysCpuTimeHistory': [365], 'WallDurations': [8.0, 177.84561252593994, 2156.0], 'JobIds': ['141680517.0'], 'State': 'finished', 'RecordedSite': True, 'Error': [0, 'OK', {}]}, '393': {'Retries': 1, 'Restarts': 0, 'SiteHistory': ['Unknown', 'T2_BE_IIHE', 'T2_BE_IIHE', 'T2_FR_IPHC', 'T2_FR_IPHC'], 'ResidentSetSize': [702848, 737268], 'SubmitTimes': [1772161725.0, 1772172980.0], 'StartTimes': [1772164355.0, 1772173015.0], 'EndTimes': [1772165698.0, 1772174564.0], 'TotalUserCpuTimeHistory': [1725, 2020], 'TotalSysCpuTimeHistory': [477, 525], 'WallDurations': [9.0, 106.84561252593994, 1343.0, 9.0, 1549.0], 'JobIds': ['141680518.0', '141682495.0'], 'State': 'transferring', 'RecordedSite': True, 'Error': [90000, "Got recoverable stageout exception:\nStageout failed with code 1.\nThere were 3 failed/killed stageout jobs.\nFailure reasons (per document) follow:\n- e993221bc9020fca067f19cd7341fa47cf6ac36ededa330597bcd784:\n  -----> ASO log start -----\n  ['TRANSFER [5] TRANSFER ERROR: Copy failed (3rd pull). Last attempt: copy HTTP 500 : Unexpected server error: 500 [...CUT...] Full log at https://fts3-cms.cern.ch:8449/fts3/ftsmon/#/job/8ed3dc4a-1393-11f1-a9c2-fa163e255442']\n  <----- ASO log finish ----\n  The last failure reason is recoverable.\n- fb28a2881e3bd92acdd86c8159d24c12520459df17c126410e78a9f6:\n  -----> ASO log start -----\n  ['TRANSFER [5] TRANSFER ERROR: Copy failed (3rd pull). Last attempt: copy HTTP 500 : Unexpected server error: 500 [...CUT...] Full log at https://fts3-cms.cern.ch:8449/fts3/ftsmon/#/job/8ed3dc4a-1393-11f1-a9c2-fa163e255442']\n  <----- ASO log finish ----\n  The last failure reason is recoverable.\n- e0ab5254bd3ab77f34e7f35d25437bf679840d0a58cb8c373b6b5841:\n  -----> ASO log start -----\n  ['TRANSFER [5] TRANSFER ERROR: Copy failed (3rd pull). Last attempt: copy HTTP 500 : Unexpected server error: 500 [...CUT...] Full log at https://fts3-cms.cern.ch:8449/fts3/ftsmon/#/job/8ed3dc4a-1393-11f1-a9c2-fa163e255442']\n  <----- ASO log finish ----\n  The last failure reason is recoverable.", {}]}, '394': {'Retries': 0, 'Restarts': 0, 'SiteHistory': ['Unknown', 'T2_US_Florida', 'T2_US_Florida'], 'ResidentSetSize': [718920], 'SubmitTimes': [1772161725.0], 'StartTimes': [1772164334.0], 'EndTimes': [1772165667.0], 'TotalUserCpuTimeHistory': [1872], 'TotalSysCpuTimeHistory': [157], 'WallDurations': [9.0, 127.84561252593994, 1333.0], 'JobIds': ['141680519.0'], 'State': 'finished', 'RecordedSite': True, 'Error': [0, 'OK', {}]}, '395': {'Retries': 3, 'Restarts': 1, 'SiteHistory': ['Unknown', 'T2_US_Florida', 'T2_US_Florida', 'T2_DE_RWTH', 'T2_TR_METU', 'T2_TR_METU', 'Unknown', 'T2_DE_RWTH', 'T2_DE_RWTH'], 'ResidentSetSize': [697460, 3353628, 694168, 657444], 'SubmitTimes': [1772161725.0, -1, 1772178053.0, 1772189172.0], 'StartTimes': [1772164342.0, 1772166726.0, 1772178106.0, 1772189261.0], 'EndTimes': [1772166711.0, 1772170779.0, 1772181828.0, 1772197533.0], 'TotalUserCpuTimeHistory': [2043.0, 7729, 5079, 10166], 'TotalSysCpuTimeHistory': [181.0, 1229, 1299, 3127], 'WallDurations': [9.0, 119.84561252593994, 2369.0, 4053.0, 8.0, 3722.0, 8.0, 286.1379451751709, 8272.0], 'JobIds': ['141680520.0', '141680520.0', '141685776.0', '141695056.0'], 'State': 'transferring', 'RecordedSite': True, 'Error': [90000, "Got recoverable stageout exception:\nStageout failed with code 1.\nThere were 3 failed/killed stageout jobs.\nFailure reasons (per document) follow:\n- 307d4831df4c3ddb3385ecc63723aedb059e51a1c389c6b5d908a615:\n  -----> ASO log start -----\n  ['TRANSFER [5] TRANSFER ERROR: Copy failed (3rd pull). Last attempt: copy HTTP 500 : Unexpected server error: 500 [...CUT...] Full log at https://fts3-cms.cern.ch:8449/fts3/ftsmon/#/job/ee855d24-13b8-11f1-8584-fa163e1db714']\n  <----- ASO log finish ----\n  The last failure reason is recoverable.\n- 6899543bd77e0af7a9baeacfb811c07c3016f1db1a68adbefcc5aa48:\n  -----> ASO log start -----\n  ['TRANSFER [5] TRANSFER ERROR: Copy failed (3rd pull). Last attempt: copy HTTP 500 : Unexpected server error: 500 [...CUT...] Full log at https://fts3-cms.cern.ch:8449/fts3/ftsmon/#/job/ee855d24-13b8-11f1-8584-fa163e1db714']\n  <----- ASO log finish ----\n  The last failure reason is recoverable.\n- eb8d9052e488a592b78aa9b5b653db7948e860606efaefccccda6f96:\n  -----> ASO log start -----\n  ['DESTINATION [110] timeout of 900s [...CUT...] Full log at https://fts3-cms.cern.ch:8449/fts3/ftsmon/#/job/ee855d24-13b8-11f1-8584-fa163e1db714']\n  <----- ASO log finish ----\n  The last failure reason is recoverable.", {}]}, '396': {'Retries': 1, 'Restarts': 0, 'SiteHistory': ['Unknown', 'T2_BE_IIHE', 'T2_BE_IIHE', 'Unknown', 'T3_KR_KNU', 'T3_KR_KNU'], 'ResidentSetSize': [625548, 792732], 'SubmitTimes': [1772161725.0, 1772171147.0], 'StartTimes': [1772164339.0, 1772171487.0], 'EndTimes': [1772165669.0, 1772175068.0], 'TotalUserCpuTimeHistory': [1666, 4725], 'TotalSysCpuTimeHistory': [440, 1640], 'WallDurations': [9.0, 122.84561252593994, 1330.0, 9.0, 152.47571229934692, 3581.0], 'JobIds': ['141680521.0', '141681890.0'], 'State': 'finished', 'RecordedSite': True, 'Error': [0, 'OK', {}]}, '397': {'Retries': 2, 'Restarts': 1, 'SiteHistory': ['Unknown', 'T2_US_Florida', 'T2_US_Florida', 'T2_DE_RWTH', 'T2_CH_CERN', 'T2_CH_CERN'], 'ResidentSetSize': [641156, 750000, 730808], 'SubmitTimes': [1772161725.0, -1, 1772179973.0], 'StartTimes': [1772164379.0, 1772166755.0, 1772179998.0], 'EndTimes': [1772166754.0, 1772170897.0, 1772182033.0], 'TotalUserCpuTimeHistory': [2109.0, 7916, 2429], 'TotalSysCpuTimeHistory': [219.0, 1359, 717], 'WallDurations': [9.0, 82.84561252593994, 2375.0, 4142.0, 9.0, 2035.0], 'JobIds': ['141680522.0', '141680522.0', '141685991.0'], 'State': 'transferring', 'RecordedSite': True, 'Error': [90000, "Got recoverable stageout exception:\nStageout failed with code 1.\nThere were 1 failed/killed stageout jobs.\nFailure reasons (per document) follow:\n- 885f56f17735e913495e44ec5c50745ef7211c92560836c6d9b342a5:\n  -----> ASO log start -----\n  ['TRANSFER [112] TRANSFER ERROR: Copy failed (3rd pull). Last attempt: copy HTTP 400 : Server Error [...CUT...] Full log at https://fts3-cms.cern.ch:8449/fts3/ftsmon/#/job/48527720-139f-11f1-abdb-fa163e6c8d57']\n  <----- ASO log finish ----\n  The last failure reason is recoverable.", {}]}, '402': {'Retries': 2, 'Restarts': 0, 'SiteHistory': ['Unknown', 'T2_BE_UCL', 'T2_BE_UCL', 'Unknown', 'T2_US_Florida', 'T2_US_Florida', 'T2_US_Florida', 'T2_US_Florida'], 'ResidentSetSize': [725704, 713916, 665064], 'SubmitTimes': [1772161726.0, 1772170034.0, 1772178955.0], 'StartTimes': [1772164349.0, 1772170105.0, 1772178981.0], 'EndTimes': [1772166359.0, 1772171615.0, 1772180322.0], 'TotalUserCpuTimeHistory': [1717, 2241, 2129], 'TotalSysCpuTimeHistory': [128, 245, 221], 'WallDurations': [9.0, 112.84561252593994, 2010.0, 8.0, 273.00271940231323, 1510.0, 10.0, 1341.0], 'JobIds': ['141680523.0', '141681717.0', '141685878.0'], 'State': 'failed', 'RecordedSite': True, 'Error': [90000, "Got recoverable stageout exception:\nStageout failed with code 1.\nThere were 1 failed/killed stageout jobs.\nFailure reasons (per document) follow:\n- 4f646cc9a5c9b4ffe7735b077789f7dd691ae33a550f0e36380f6c4f:\n  -----> ASO log start -----\n  ['DESTINATION [5] HTTP 500 : Unexpected server error: 500 [...CUT...] Full log at https://fts3-cms.cern.ch:8449/fts3/ftsmon/#/job/4aefd11a-13b5-11f1-9dac-fa163e255442']\n  <----- ASO log finish ----\n  The last failure reason is recoverable.", {}]}, '399': {'Retries': 0, 'Restarts': 1, 'SiteHistory': ['Unknown', 'T2_US_Florida', 'T2_US_Florida', 'T2_DE_RWTH'], 'ResidentSetSize': [722544, 750000], 'SubmitTimes': [1772161726.0, -1], 'StartTimes': [1772164384.0, 1772166744.0], 'EndTimes': [1772166740.0, 1772170104.0], 'TotalUserCpuTimeHistory': [2058.0, 6725], 'TotalSysCpuTimeHistory': [203.0, 1043], 'WallDurations': [8.0, 77.84561252593994, 2356.0, 3360.0], 'JobIds': ['141680524.0', '141680524.0'], 'State': 'finished', 'RecordedSite': True, 'Error': [0, 'OK', {}]}, '407': {'Retries': 1, 'Restarts': 0, 'SiteHistory': ['Unknown', 'T2_BE_UCL', 'T2_BE_UCL', 'T3_KR_KNU', 'T3_KR_KNU'], 'ResidentSetSize': [656948, 3678096], 'SubmitTimes': [1772161726.0, 1772169581.0], 'StartTimes': [1772164398.0, 1772169614.0], 'EndTimes': [1772165905.0, 1772174484.0], 'TotalUserCpuTimeHistory': [1550, 6781], 'TotalSysCpuTimeHistory': [88, 1951], 'WallDurations': [9.0, 63.84561252593994, 1507.0, 10.0, 4870.0], 'JobIds': ['141680525.0', '141681660.0'], 'State': 'finished', 'RecordedSite': True, 'Error': [0, 'OK', {}]}, '406': {'Retries': 2, 'Restarts': 1, 'SiteHistory': ['Unknown', 'T2_US_Florida', 'T2_US_Florida', 'T2_FR_GRIF', 'T2_US_Florida', 'T2_US_Florida'], 'ResidentSetSize': [721916, 750000, 632444], 'SubmitTimes': [1772161726.0, -1, 1772201323.0], 'StartTimes': [1772164264.0, 1772167581.0, 1772201343.0], 'EndTimes': [1772167578.0, 1772172410.0], 'TotalUserCpuTimeHistory': [3062.0, 9069, 844.0], 'TotalSysCpuTimeHistory': [374.0, 1258, 96.0], 'WallDurations': [9.0, 197.84561252593994, 3314.0, 4829.0, 8.0, 608.0], 'JobIds': ['141680526.0', '141680526.0', '141706906.0'], 'State': 'running', 'RecordedSite': True, 'Error': [90000, "Got recoverable stageout exception:\nStageout failed with code 1.\nThere were 3 failed/killed stageout jobs.\nFailure reasons (per document) follow:\n- b7fa31fe15169b604e9f946347f6a2dad145f1c04595b042e05510bf:\n  -----> ASO log start -----\n  ['TRANSFER [5] TRANSFER ERROR: Copy failed (3rd pull). Last attempt: copy HTTP 500 : Unexpected server error: 500 [...CUT...] Full log at https://fts3-cms.cern.ch:8449/fts3/ftsmon/#/job/ea9e1662-13a2-11f1-aad3-fa163e172462']\n  <----- ASO log finish ----\n  The last failure reason is recoverable.\n- f32a496bf7fbb08adecafc9d12c6f60fa9023bec6f4dd7ff9fefc42e:\n  -----> ASO log start -----\n  ['TRANSFER [5] TRANSFER ERROR: Copy failed (3rd pull). Last attempt: copy HTTP 500 : Unexpected server error: 500 [...CUT...] Full log at https://fts3-cms.cern.ch:8449/fts3/ftsmon/#/job/ea9e1662-13a2-11f1-aad3-fa163e172462']\n  <----- ASO log finish ----\n  The last failure reason is recoverable.\n- f92b17fd08ef3dcd6ff3b9074cdf4b5910475fbc561b6bcbd9c27f53:\n  -----> ASO log start -----\n  ['TRANSFER [5] TRANSFER ERROR: Copy failed (3rd pull). Last attempt: copy HTTP 500 : Unexpected server error: 500 [...CUT...] Full log at https://fts3-cms.cern.ch:8449/fts3/ftsmon/#/job/ea9e1662-13a2-11f1-aad3-fa163e172462']\n  <----- ASO log finish ----\n  The last failure reason is recoverable.", {}]}, '408': {'Retries': 1, 'Restarts': 0, 'SiteHistory': ['Unknown', 'T2_IT_Rome', 'T2_IT_Rome', 'Unknown', 'T3_KR_KNU', 'T3_KR_KNU'], 'ResidentSetSize': [559172, 2401080], 'SubmitTimes': [1772161726.0, 1772171177.0], 'StartTimes': [1772164418.0, 1772171534.0], 'EndTimes': [1772167502.0, 1772175221.0], 'TotalUserCpuTimeHistory': [4816, 5009], 'TotalSysCpuTimeHistory': [618, 1718], 'WallDurations': [8.0, 43.84561252593994, 3084.0, 10.0, 105.47571229934692, 3687.0], 'JobIds': ['141680527.0', '141681895.0'], 'State': 'finished', 'RecordedSite': True, 'Error': [0, 'OK', {}]}, '417': {'Retries': 2, 'Restarts': 0, 'SiteHistory': ['Unknown', 'T2_FR_IPHC', 'T2_FR_IPHC', 'T2_IT_Pisa', 'T2_IT_Pisa', 'T2_US_Florida', 'T2_US_Florida'], 'ResidentSetSize': [700584, 767528, 575464], 'SubmitTimes': [1772161726.0, 1772171387.0, 1772183331.0], 'StartTimes': [1772164368.0, 1772171631.0, 1772183369.0], 'EndTimes': [1772165914.0, 1772179598.0, 1772184261.0], 'TotalUserCpuTimeHistory': [1915, 6361, 1411], 'TotalSysCpuTimeHistory': [554, 779, 115], 'WallDurations': [9.0, 93.84561252593994, 1546.0, 0, 7967.0, 9.0, 892.0], 'JobIds': ['141680528.0', '141681916.0', '141686406.0'], 'State': 'finished', 'RecordedSite': True, 'Error': [0, 'OK', {}]}, '410': {'Retries': 0, 'Restarts': 0, 'SiteHistory': ['Unknown', 'T2_US_Florida', 'T2_US_Florida'], 'ResidentSetSize': [664876], 'SubmitTimes': [1772161726.0], 'StartTimes': [1772164371.0], 'EndTimes': [1772165772.0], 'TotalUserCpuTimeHistory': [2048], 'TotalSysCpuTimeHistory': [226], 'WallDurations': [8.0, 90.84561252593994, 1401.0], 'JobIds': ['141680529.0'], 'State': 'finished', 'RecordedSite': True, 'Error': [0, 'OK', {}]}, '400': {'Retries': 3, 'Restarts': 1, 'SiteHistory': ['Unknown', 'T2_US_Florida', 'T2_US_Florida', 'T2_US_Nebraska', 'T3_KR_KNU', 'T3_KR_KNU', 'T2_CH_CERN', 'T2_CH_CERN'], 'ResidentSetSize': [639940, 750000, 700184, 685148], 'SubmitTimes': [1772161726.0, -1, 1772178637.0, 1772189244.0], 'StartTimes': [1772164402.0, 1772166250.0, 1772178686.0, 1772189287.0], 'EndTimes': [1772166243.0, 1772169553.0, 1772183704.0, 1772193307.0], 'TotalUserCpuTimeHistory': [2369.0, 7268, 6874, 5168], 'TotalSysCpuTimeHistory': [262.0, 1483, 2426, 1349], 'WallDurations': [8.0, 59.84561252593994, 1841.0, 3303.0, 8.0, 5018.0, 9.0, 4020.0], 'JobIds': ['141680530.0', '141680530.0', '141685847.0', '141695067.0'], 'State': 'transferring', 'RecordedSite': True, 'Error': [90000, "Got recoverable stageout exception:\nStageout failed with code 1.\nThere were 1 failed/killed stageout jobs.\nFailure reasons (per document) follow:\n- 4dcd6822e6b55219d9e54ddaf9fc11b9aad91dde30d07e662b75ad80:\n  -----> ASO log start -----\n  ['TRANSFER [112] TRANSFER ERROR: Copy failed (3rd pull). Last attempt: copy HTTP 400 : Server Error [...CUT...] Full log at https://fts3-cms.cern.ch:8449/fts3/ftsmon/#/job/4b317a5e-13bd-11f1-bda7-fa163e4409e3']\n  <----- ASO log finish ----\n  The last failure reason is recoverable.", {}]}, '415': {'Retries': 1, 'Restarts': 0, 'SiteHistory': ['Unknown', 'T2_BE_IIHE', 'T2_BE_IIHE', 'Unknown', 'T2_CH_CERN', 'T2_CH_CERN'], 'ResidentSetSize': [645496, 526212], 'SubmitTimes': [1772161726.0, 1772171217.0], 'StartTimes': [1772164405.0, 1772171586.0], 'EndTimes': [1772165741.0, 1772172998.0], 'TotalUserCpuTimeHistory': [1683, 2176], 'TotalSysCpuTimeHistory': [454, 435], 'WallDurations': [9.0, 56.84561252593994, 1336.0, 8.0, 53.475712299346924, 1412.0], 'JobIds': ['141680531.0', '141681902.0'], 'State': 'transferring', 'RecordedSite': True, 'Error': [90000, "Got recoverable stageout exception:\nStageout failed with code 1.\nThere were 3 failed/killed stageout jobs.\nFailure reasons (per document) follow:\n- 90744eec7b9f244af3ef74ff57fa43ad56a4f67ce9a3933afa0c74f4:\n  -----> ASO log start -----\n  ['TRANSFER [5] TRANSFER ERROR: Copy failed (3rd pull). Last attempt: copy HTTP 500 : Unexpected server error: 500 [...CUT...] Full log at https://fts3-cms.cern.ch:8449/fts3/ftsmon/#/job/8ed3dc4a-1393-11f1-a9c2-fa163e255442']\n  <----- ASO log finish ----\n  The last failure reason is recoverable.\n- 566b0a034d0fcfb4a7829cc1c46c9743f97961c8ddf4740f83191cc2:\n  -----> ASO log start -----\n  ['TRANSFER [5] TRANSFER ERROR: Copy failed (3rd pull). Last attempt: copy HTTP 500 : Unexpected server error: 500 [...CUT...] Full log at https://fts3-cms.cern.ch:8449/fts3/ftsmon/#/job/8ed3dc4a-1393-11f1-a9c2-fa163e255442']\n  <----- ASO log finish ----\n  The last failure reason is recoverable.\n- c4f0e9654f3cd184b6fd833a8a571ffe7cba515a30c99f9965c0e9f9:\n  -----> ASO log start -----\n  ['TRANSFER [5] TRANSFER ERROR: Copy failed (3rd pull). Last attempt: copy HTTP 500 : Unexpected server error: 500 [...CUT...] Full log at https://fts3-cms.cern.ch:8449/fts3/ftsmon/#/job/8ed3dc4a-1393-11f1-a9c2-fa163e255442']\n  <----- ASO log finish ----\n  The last failure reason is recoverable.", {}]}, '414': {'Retries': 2, 'Restarts': 1, 'SiteHistory': ['Unknown', 'T2_US_Florida', 'T2_US_Florida', 'T2_CH_CSCS', 'T3_KR_KNU', 'T3_KR_KNU'], 'ResidentSetSize': [718244, 750000, 3654032], 'SubmitTimes': [1772161726.0, -1, 1772174383.0], 'StartTimes': [1772164269.0, 1772166770.0, 1772174414.0], 'EndTimes': [1772166763.0, 1772168904.0, 1772179907.0], 'TotalUserCpuTimeHistory': [3223.0, 5911, 7645], 'TotalSysCpuTimeHistory': [412.0, 1163, 2371], 'WallDurations': [9.0, 192.84561252593994, 2494.0, 2134.0, 9.0, 5493.0], 'JobIds': ['141680532.0', '141680532.0', '141685377.0'], 'State': 'finished', 'RecordedSite': True, 'Error': [0, 'OK', {}]}, '403': {'Retries': 2, 'Restarts': 1, 'SiteHistory': ['Unknown', 'T2_US_Florida', 'T2_US_Florida', 'T2_EE_Estonia', 'T2_CH_CSCS', 'T2_CH_CSCS'], 'ResidentSetSize': [657296, 750000, 447780], 'SubmitTimes': [1772161726.0, -1, 1772190078.0], 'StartTimes': [1772164265.0, 1772166137.0, 1772190114.0], 'EndTimes': [1772166116.0, 1772173783.0, 1772192113.0], 'TotalUserCpuTimeHistory': [2026.0, 9909, 2409], 'TotalSysCpuTimeHistory': [203.0, 2689, 627], 'WallDurations': [9.0, 196.84561252593994, 1851.0, 7646.0, 8.0, 1999.0], 'JobIds': ['141680533.0', '141680533.0', '141695423.0'], 'State': 'finished', 'RecordedSite': True, 'Error': [0, 'OK', {}]}, '416': {'Retries': 3, 'Restarts': 1, 'SiteHistory': ['Unknown', 'T2_US_Florida', 'T2_US_Florida', 'T2_FR_IPHC', 'T2_DE_RWTH', 'T2_DE_RWTH', 'T2_DE_RWTH', 'T2_DE_RWTH'], 'ResidentSetSize': [637780, 791648, 1167404, 655856], 'SubmitTimes': [1772161726.0, -1, 1772178767.0, 1772191661.0], 'StartTimes': [1772164264.0, 1772166121.0, 1772178776.0, 1772191719.0], 'EndTimes': [1772166111.0, 1772167880.0, 1772186120.0, 1772198507.0], 'TotalUserCpuTimeHistory': [2118.0, 4254, 9012, 8942], 'TotalSysCpuTimeHistory': [206.0, 805, 2397, 2536], 'WallDurations': [9.0, 197.84561252593994, 1847.0, 1759.0, 8.0, 7344.0, 9.0, 6788.0], 'JobIds': ['141680534.0', '141680534.0', '141685857.0', '141696013.0'], 'State': 'finished', 'RecordedSite': True, 'Error': [0, 'OK', {}]}, '411': {'Retries': 2, 'Restarts': 1, 'SiteHistory': ['Unknown', 'T2_US_Florida', 'T2_US_Florida', 'T2_UK_London_IC', 'Unknown', 'T2_CH_CERN', 'T2_CH_CERN'], 'ResidentSetSize': [745372, 925712, 646248], 'SubmitTimes': [1772161726.0, -1, 1772176225.0], 'StartTimes': [1772164265.0, 1772166136.0, 1772176379.0], 'EndTimes': [1772166113.0, 1772168943.0, 1772179049.0], 'TotalUserCpuTimeHistory': [2082.0, 5504, 3030], 'TotalSysCpuTimeHistory': [241.0, 1195, 1070], 'WallDurations': [9.0, 196.84561252593994, 1848.0, 2807.0, 8.0, 279.66330122947693, 2670.0], 'JobIds': ['141680535.0', '141680535.0', '141685537.0'], 'State': 'transferring', 'RecordedSite': True, 'Error': [90000, "Got recoverable stageout exception:\nStageout failed with code 1.\nThere were 1 failed/killed stageout jobs.\nFailure reasons (per document) follow:\n- bdf7d2c174a223895301872832f8b5b28d168bc5a1beb4f449e76cdf:\n  -----> ASO log start -----\n  ['DESTINATION [110] timeout of 900s [...CUT...] Full log at https://fts3-cms.cern.ch:8449/fts3/ftsmon/#/job/e0949f0e-139a-11f1-9cba-fa163e4409e3']\n  <----- ASO log finish ----\n  The last failure reason is recoverable.", {}]}, '405': {'Retries': 2, 'Restarts': 1, 'SiteHistory': ['Unknown', 'T2_US_Florida', 'T2_US_Florida', 'T2_UK_SGrid_RALPP', 'T3_KR_KNU', 'T3_KR_KNU'], 'ResidentSetSize': [633916, 750000, 692792], 'SubmitTimes': [1772161726.0, -1, 1772174468.0], 'StartTimes': [1772164265.0, 1772166105.0, 1772174492.0], 'EndTimes': [1772166098.0, 1772168989.0, 1772178595.0], 'TotalUserCpuTimeHistory': [2273.0, 5747, 5889], 'TotalSysCpuTimeHistory': [282.0, 1218, 1685], 'WallDurations': [9.0, 196.84561252593994, 1833.0, 2884.0, 9.0, 4103.0], 'JobIds': ['141680536.0', '141680536.0', '141685387.0'], 'State': 'finished', 'RecordedSite': True, 'Error': [0, 'OK', {}]}, '409': {'Retries': 0, 'Restarts': 0, 'SiteHistory': ['Unknown', 'T2_US_Florida', 'T2_US_Florida'], 'ResidentSetSize': [470164], 'SubmitTimes': [1772161726.0], 'StartTimes': [1772164285.0], 'EndTimes': [1772165630.0], 'TotalUserCpuTimeHistory': [2124], 'TotalSysCpuTimeHistory': [209], 'WallDurations': [9.0, 176.84561252593994, 1345.0], 'JobIds': ['141680537.0'], 'State': 'finished', 'RecordedSite': True, 'Error': [0, 'OK', {}]}, '412': {'Retries': 2, 'Restarts': 1, 'SiteHistory': ['Unknown', 'T2_US_Florida', 'T2_US_Florida', 'T2_RU_JINR', 'T2_CH_CERN', 'T2_CH_CERN'], 'ResidentSetSize': [658216, 750000, 698840], 'SubmitTimes': [1772161726.0, -1, 1772181411.0], 'StartTimes': [1772164266.0, 1772167560.0, 1772181429.0], 'EndTimes': [1772167551.0, 1772170520.0, 1772183649.0], 'TotalUserCpuTimeHistory': [2913.0, 7237, 2637], 'TotalSysCpuTimeHistory': [326.0, 1426, 815], 'WallDurations': [8.0, 195.84561252593994, 3285.0, 2960.0, 10.0, 2220.0], 'JobIds': ['141680538.0', '141680538.0', '141686184.0'], 'State': 'transferring', 'RecordedSite': True, 'Error': [90000, "Got recoverable stageout exception:\nStageout failed with code 1.\nThere were 3 failed/killed stageout jobs.\nFailure reasons (per document) follow:\n- 1a578ae4dc19343429bf4f06f2889d9e364a1f2b946884ac4afe5b7c:\n  -----> ASO log start -----\n  ['TRANSFER [5] TRANSFER ERROR: Copy failed (3rd pull). Last attempt: copy HTTP 500 : Unexpected server error: 500 [...CUT...] Full log at https://fts3-cms.cern.ch:8449/fts3/ftsmon/#/job/89c74e2a-139e-11f1-9c0f-fa163e1db714']\n  <----- ASO log finish ----\n  The last failure reason is recoverable.\n- 10091e550a3f19b2e46e5240446ffd5e6845ef76220e29e8df93a5d9:\n  -----> ASO log start -----\n  ['TRANSFER [5] TRANSFER ERROR: Copy failed (3rd pull). Last attempt: copy HTTP 500 : Unexpected server error: 500 [...CUT...] Full log at https://fts3-cms.cern.ch:8449/fts3/ftsmon/#/job/89c74e2a-139e-11f1-9c0f-fa163e1db714']\n  <----- ASO log finish ----\n  The last failure reason is recoverable.\n- 16e7c382163f9bf2f93711d97f59932aa7cff8a66d0592846d38729a:\n  -----> ASO log start -----\n  ['TRANSFER [5] TRANSFER ERROR: Copy failed (3rd pull). Last attempt: copy HTTP 500 : Unexpected server error: 500 [...CUT...] Full log at https://fts3-cms.cern.ch:8449/fts3/ftsmon/#/job/89c74e2a-139e-11f1-9c0f-fa163e1db714']\n  <----- ASO log finish ----\n  The last failure reason is recoverable.", {}]}, '404': {'Retries': 2, 'Restarts': 1, 'SiteHistory': ['Unknown', 'T2_US_Florida', 'T2_US_Florida', 'T2_BE_IIHE', 'T2_CH_CERN', 'T2_CH_CERN'], 'ResidentSetSize': [666120, 753792, 767348], 'SubmitTimes': [1772161726.0, -1, 1772182780.0], 'StartTimes': [1772164264.0, 1772166136.0, 1772182811.0], 'EndTimes': [1772166120.0, 1772168288.0, 1772185987.0], 'TotalUserCpuTimeHistory': [2259.0, 4933, 4249], 'TotalSysCpuTimeHistory': [236.0, 1139, 844], 'WallDurations': [9.0, 197.84561252593994, 1856.0, 2152.0, 9.0, 3176.0], 'JobIds': ['141680539.0', '141680539.0', '141686347.0'], 'State': 'transferring', 'RecordedSite': True, 'Error': [90000, "Got recoverable stageout exception:\nStageout failed with code 1.\nThere were 3 failed/killed stageout jobs.\nFailure reasons (per document) follow:\n- 7b771903b0f13c2ce0d3044ef64bc9fde439a86336cb2eb21a95f97f:\n  -----> ASO log start -----\n  ['TRANSFER [5] TRANSFER ERROR: Copy failed (3rd pull). Last attempt: copy HTTP 500 : Unexpected server error: 500 [...CUT...] Full log at https://fts3-cms.cern.ch:8449/fts3/ftsmon/#/job/67d1306a-1399-11f1-ac72-fa163eaa97bf']\n  <----- ASO log finish ----\n  The last failure reason is recoverable.\n- e40168bd0d63c733add64516a845ad5fc71eda1cd75351f434aeb4aa:\n  -----> ASO log start -----\n  ['TRANSFER [5] TRANSFER ERROR: Copy failed (3rd pull). Last attempt: copy HTTP 500 : Unexpected server error: 500 [...CUT...] Full log at https://fts3-cms.cern.ch:8449/fts3/ftsmon/#/job/67d1306a-1399-11f1-ac72-fa163eaa97bf']\n  <----- ASO log finish ----\n  The last failure reason is recoverable.\n- 9315041a448fae519ee21b4caf8afdcd52fadc102014e656d4982191:\n  -----> ASO log start -----\n  ['TRANSFER [5] TRANSFER ERROR: Copy failed (3rd pull). Last attempt: copy HTTP 500 : Unexpected server error: 500 [...CUT...] Full log at https://fts3-cms.cern.ch:8449/fts3/ftsmon/#/job/67d1306a-1399-11f1-ac72-fa163eaa97bf']\n  <----- ASO log finish ----\n  The last failure reason is recoverable.", {}]}, '401': {'Retries': 0, 'Restarts': 0, 'SiteHistory': ['Unknown', 'T2_UK_London_IC', 'T2_UK_London_IC'], 'ResidentSetSize': [770672], 'SubmitTimes': [1772161726.0], 'StartTimes': [1772164419.0], 'EndTimes': [1772166657.0], 'TotalUserCpuTimeHistory': [2913], 'TotalSysCpuTimeHistory': [642], 'WallDurations': [8.0, 42.84561252593994, 2238.0], 'JobIds': ['141680540.0'], 'State': 'finished', 'RecordedSite': True, 'Error': [0, 'OK', {}]}, '418': {'Retries': 2, 'Restarts': 1, 'SiteHistory': ['Unknown', 'T2_US_Florida', 'T2_US_Florida', 'T2_IT_Rome', 'Unknown', 'T2_DE_RWTH', 'T2_DE_RWTH'], 'ResidentSetSize': [635164, 750000, 690096], 'SubmitTimes': [1772161726.0, -1, 1772175396.0], 'StartTimes': [1772164265.0, 1772166135.0, 1772175401.0], 'EndTimes': [1772166092.0, 1772168114.0, 1772179895.0], 'TotalUserCpuTimeHistory': [2498.0, 5520, 6243], 'TotalSysCpuTimeHistory': [312.0, 775, 1300], 'WallDurations': [9.0, 196.84561252593994, 1827.0, 1979.0, 310.0, 311.00471353530884, 4494.0], 'JobIds': ['141680541.0', '141680541.0', '141685463.0'], 'State': 'finished', 'RecordedSite': True, 'Error': [0, 'OK', {}]}, '413': {'Retries': 0, 'Restarts': 1, 'SiteHistory': ['Unknown', 'T2_US_Florida', 'T2_US_Florida', 'T2_DE_RWTH'], 'ResidentSetSize': [366812, 685892], 'SubmitTimes': [1772161726.0, -1], 'StartTimes': [1772164265.0, 1772166154.0], 'EndTimes': [1772166149.0, 1772169254.0], 'TotalUserCpuTimeHistory': [2602.0, 6922], 'TotalSysCpuTimeHistory': [310.0, 1004], 'WallDurations': [9.0, 196.84561252593994, 1884.0, 3100.0], 'JobIds': ['141680542.0', '141680542.0'], 'State': 'finished', 'RecordedSite': True, 'Error': [0, 'OK', {}]}, '419': {'Retries': 0, 'Restarts': 0, 'SiteHistory': ['Unknown', 'T2_US_Purdue', 'T2_US_Purdue'], 'ResidentSetSize': [130060], 'SubmitTimes': [1772161726.0], 'StartTimes': [1772164770.0], 'EndTimes': [], 'TotalUserCpuTimeHistory': [0.0], 'TotalSysCpuTimeHistory': [212.0], 'WallDurations': [13.0, 297.6101474761963, 37885.0], 'JobIds': ['141680543.0'], 'State': 'running', 'RecordedSite': True}, '422': {'Retries': 1, 'Restarts': 0, 'SiteHistory': ['Unknown', 'T2_EE_Estonia', 'T2_EE_Estonia', 'T2_CH_CERN', 'T2_CH_CERN'], 'ResidentSetSize': [639392, 2727220], 'SubmitTimes': [1772161726.0, 1772178888.0], 'StartTimes': [1772164419.0, 1772178934.0], 'EndTimes': [1772168001.0, 1772181586.0], 'TotalUserCpuTimeHistory': [5009, 2952], 'TotalSysCpuTimeHistory': [1270, 1050], 'WallDurations': [9.0, 42.84561252593994, 3582.0, 9.0, 2652.0], 'JobIds': ['141680544.0', '141685870.0'], 'State': 'transferring', 'RecordedSite': True, 'Error': [90000, "Got recoverable stageout exception:\nStageout failed with code 1.\nThere were 3 failed/killed stageout jobs.\nFailure reasons (per document) follow:\n- 8b08c2cc50112b000c220c86a4425d91ccb23265358d44685835b64e:\n  -----> ASO log start -----\n  ['TRANSFER [5] TRANSFER ERROR: Copy failed (3rd pull). Last attempt: copy HTTP 500 : Unexpected server error: 500 [...CUT...] Full log at https://fts3-cms.cern.ch:8449/fts3/ftsmon/#/job/a9f90298-1398-11f1-a315-fa163e6c8d57']\n  <----- ASO log finish ----\n  The last failure reason is recoverable.\n- ec0d3448a7abd0f139f436df7dbdadd80c3907de58e04877289d24c8:\n  -----> ASO log start -----\n  ['TRANSFER [5] TRANSFER ERROR: Copy failed (3rd pull). Last attempt: copy HTTP 500 : Unexpected server error: 500 [...CUT...] Full log at https://fts3-cms.cern.ch:8449/fts3/ftsmon/#/job/a9f90298-1398-11f1-a315-fa163e6c8d57']\n  <----- ASO log finish ----\n  The last failure reason is recoverable.\n- 015615c19dafa99db93f709e90b4bf098d1aff0ebf5101ca228b5381:\n  -----> ASO log start -----\n  ['DESTINATION [110] timeout of 900s [...CUT...] Full log at https://fts3-cms.cern.ch:8449/fts3/ftsmon/#/job/a9f90298-1398-11f1-a315-fa163e6c8d57']\n  <----- ASO log finish ----\n  The last failure reason is recoverable.", {}]}, '420': {'Retries': 0, 'Restarts': 0, 'SiteHistory': ['Unknown', 'T2_UK_London_IC', 'T2_UK_London_IC'], 'ResidentSetSize': [3651904], 'SubmitTimes': [1772161726.0], 'StartTimes': [1772164419.0], 'EndTimes': [1772167593.0], 'TotalUserCpuTimeHistory': [2973], 'TotalSysCpuTimeHistory': [554], 'WallDurations': [8.0, 42.84561252593994, 3174.0], 'JobIds': ['141680545.0'], 'State': 'finished', 'RecordedSite': True, 'Error': [0, 'OK', {}]}, '421': {'Retries': 0, 'Restarts': 0, 'SiteHistory': ['Unknown', 'T2_UK_SGrid_RALPP', 'T2_UK_SGrid_RALPP'], 'ResidentSetSize': [658276], 'SubmitTimes': [1772161726.0], 'StartTimes': [1772164420.0], 'EndTimes': [1772167481.0], 'TotalUserCpuTimeHistory': [3692], 'TotalSysCpuTimeHistory': [1010], 'WallDurations': [9.0, 41.84561252593994, 3061.0], 'JobIds': ['141680546.0'], 'State': 'finished', 'RecordedSite': True, 'Error': [0, 'OK', {}]}, '423': {'Retries': 2, 'Restarts': 0, 'SiteHistory': ['Unknown', 'T2_FR_GRIF', 'T2_FR_GRIF', 'T2_US_Florida', 'T2_US_Florida', 'T2_CH_CERN', 'T2_CH_CERN'], 'ResidentSetSize': [712060, 716180, 645588], 'SubmitTimes': [1772161726.0, 1772182247.0, 1772191561.0], 'StartTimes': [1772164417.0, 1772182279.0, 1772191585.0], 'EndTimes': [1772169566.0, 1772184220.0, 1772194355.0], 'TotalUserCpuTimeHistory': [6282, 2464, 3118], 'TotalSysCpuTimeHistory': [1290, 222, 1119], 'WallDurations': [9.0, 44.84561252593994, 5149.0, 9.0, 1941.0, 9.0, 2770.0], 'JobIds': ['141680547.0', '141686298.0', '141695992.0'], 'State': 'transferring', 'RecordedSite': True, 'Error': [90000, "Got recoverable stageout exception:\nStageout failed with code 1.\nThere were 1 failed/killed stageout jobs.\nFailure reasons (per document) follow:\n- 69279238451d1dc37f10612d07673a9da735a3527e085b825a9b3411:\n  -----> ASO log start -----\n  ['TRANSFER [112] TRANSFER ERROR: Copy failed (3rd pull). Last attempt: copy HTTP 400 : Server Error [...CUT...] Full log at https://fts3-cms.cern.ch:8449/fts3/ftsmon/#/job/069d2dec-13be-11f1-a1c4-fa163eaa97bf']\n  <----- ASO log finish ----\n  The last failure reason is recoverable.", {}]}, '424': {'Retries': 2, 'Restarts': 0, 'SiteHistory': ['Unknown', 'T2_FR_GRIF', 'T2_FR_GRIF', 'T2_TR_METU', 'T2_TR_METU', 'T2_UK_London_IC', 'T2_UK_London_IC'], 'ResidentSetSize': [708084, 693376, 658640], 'SubmitTimes': [1772161726.0, 1772178484.0, 1772201550.0], 'StartTimes': [1772164417.0, 1772178524.0, 1772201643.0], 'EndTimes': [1772167603.0, 1772181587.0], 'TotalUserCpuTimeHistory': [3564, 4209, 862.0], 'TotalSysCpuTimeHistory': [1100, 1061, 179.0], 'WallDurations': [8.0, 44.84561252593994, 3186.0, 10.0, 3063.0, 8.0, 609.0], 'JobIds': ['141680548.0', '141685827.0', '141706942.0'], 'State': 'running', 'RecordedSite': True, 'Error': [90000, "Got recoverable stageout exception:\nStageout failed with code 1.\nThere were 3 failed/killed stageout jobs.\nFailure reasons (per document) follow:\n- 72f4b2072333052594071e465acf765dd62dc27a1632dd871e7813e6:\n  -----> ASO log start -----\n  ['TRANSFER [5] TRANSFER ERROR: Copy failed (3rd pull). Last attempt: copy HTTP 500 : Unexpected server error: 500 [...CUT...] Full log at https://fts3-cms.cern.ch:8449/fts3/ftsmon/#/job/3237c6c0-13b8-11f1-9bdb-fa163e255442']\n  <----- ASO log finish ----\n  The last failure reason is recoverable.\n- 5379f444139737b44c3413bf8c2bf301863f0093f39a3bd82fe63b6e:\n  -----> ASO log start -----\n  ['TRANSFER [5] TRANSFER ERROR: Copy failed (3rd pull). Last attempt: copy HTTP 500 : Unexpected server error: 500 [...CUT...] Full log at https://fts3-cms.cern.ch:8449/fts3/ftsmon/#/job/3237c6c0-13b8-11f1-9bdb-fa163e255442']\n  <----- ASO log finish ----\n  The last failure reason is recoverable.\n- 2312371a1b3f290f681327e95d5193b1786e1afa2ce10133ca8145bb:\n  -----> ASO log start -----\n  ['TRANSFER [5] TRANSFER ERROR: Copy failed (3rd pull). Last attempt: copy HTTP 500 : Unexpected server error: 500 [...CUT...] Full log at https://fts3-cms.cern.ch:8449/fts3/ftsmon/#/job/3237c6c0-13b8-11f1-9bdb-fa163e255442']\n  <----- ASO log finish ----\n  The last failure reason is recoverable.", {}]}, '429': {'Retries': 1, 'Restarts': 0, 'SiteHistory': ['Unknown', 'T2_FR_IPHC', 'T2_FR_IPHC', 'T2_DE_RWTH', 'T2_DE_RWTH'], 'ResidentSetSize': [657560, 781320], 'SubmitTimes': [1772161726.0, 1772177001.0], 'StartTimes': [1772164420.0, 1772177021.0], 'EndTimes': [1772166119.0, 1772183795.0], 'TotalUserCpuTimeHistory': [2020, 8234], 'TotalSysCpuTimeHistory': [566, 2210], 'WallDurations': [9.0, 41.84561252593994, 1699.0, 9.0, 6774.0], 'JobIds': ['141680549.0', '141685690.0'], 'State': 'finished', 'RecordedSite': True, 'Error': [0, 'OK', {}]}, '433': {'Retries': 0, 'Restarts': 0, 'SiteHistory': ['Unknown', 'T2_UK_London_IC', 'T2_UK_London_IC'], 'ResidentSetSize': [692880], 'SubmitTimes': [1772161726.0], 'StartTimes': [1772164418.0], 'EndTimes': [1772167175.0], 'TotalUserCpuTimeHistory': [3062], 'TotalSysCpuTimeHistory': [734], 'WallDurations': [8.0, 43.84561252593994, 2757.0], 'JobIds': ['141680550.0'], 'State': 'finished', 'RecordedSite': True, 'Error': [0, 'OK', {}]}, '425': {'Retries': 0, 'Restarts': 0, 'SiteHistory': ['Unknown', 'T2_UK_London_IC', 'T2_UK_London_IC'], 'ResidentSetSize': [3659044], 'SubmitTimes': [1772161726.0], 'StartTimes': [1772164418.0], 'EndTimes': [1772168520.0], 'TotalUserCpuTimeHistory': [4310], 'TotalSysCpuTimeHistory': [1328], 'WallDurations': [8.0, 43.84561252593994, 4102.0], 'JobIds': ['141680551.0'], 'State': 'finished', 'RecordedSite': True, 'Error': [0, 'OK', {}]}, '432': {'Retries': 2, 'Restarts': 0, 'SiteHistory': ['Unknown', 'T2_BE_IIHE', 'T2_BE_IIHE', 'T2_PT_NCG_Lisbon', 'T2_PT_NCG_Lisbon', 'Unknown', 'T2_CH_CERN', 'T2_CH_CERN'], 'ResidentSetSize': [662368, 3667268, 719344], 'SubmitTimes': [1772161726.0, 1772177071.0, 1772186508.0], 'StartTimes': [1772164566.0, 1772177110.0, 1772186748.0], 'EndTimes': [1772166181.0, 1772180975.0, 1772189684.0], 'TotalUserCpuTimeHistory': [2039, 5127, 3155], 'TotalSysCpuTimeHistory': [606, 1025, 1001], 'WallDurations': [9.0, 198.16870021820068, 1615.0, 9.0, 3865.0, 9.0, 287.7671208381653, 2936.0], 'JobIds': ['141680552.0', '141685696.0', '141690488.0'], 'State': 'transferring', 'RecordedSite': True, 'Error': [90000, "Got recoverable stageout exception:\nStageout failed with code 1.\nThere were 3 failed/killed stageout jobs.\nFailure reasons (per document) follow:\n- eea2aeda78ae29a8f2b7c21c9bd40745e65bcd5411e51b65445d3698:\n  -----> ASO log start -----\n  ['TRANSFER [5] TRANSFER ERROR: Copy failed (3rd pull). Last attempt: copy HTTP 500 : Unexpected server error: 500 [...CUT...] Full log at https://fts3-cms.cern.ch:8449/fts3/ftsmon/#/job/beb1a212-13b6-11f1-af06-fa163eaa97bf']\n  <----- ASO log finish ----\n  The last failure reason is recoverable.\n- 157f0d8f15e4e2b64963f251e41e5e7a9b9eddad5b84f80bc41c3b57:\n  -----> ASO log start -----\n  ['TRANSFER [5] TRANSFER ERROR: Copy failed (3rd pull). Last attempt: copy HTTP 500 : Unexpected server error: 500 [...CUT...] Full log at https://fts3-cms.cern.ch:8449/fts3/ftsmon/#/job/beb1a212-13b6-11f1-af06-fa163eaa97bf']\n  <----- ASO log finish ----\n  The last failure reason is recoverable.\n- be34a31f0b507f4b97c98bf066cd0fda0d56ed82bae00f1a3cfa74f3:\n  -----> ASO log start -----\n  ['TRANSFER [5] TRANSFER ERROR: Copy failed (3rd pull). Last attempt: copy HTTP 500 : Unexpected server error: 500 [...CUT...] Full log at https://fts3-cms.cern.ch:8449/fts3/ftsmon/#/job/beb1a212-13b6-11f1-af06-fa163eaa97bf']\n  <----- ASO log finish ----\n  The last failure reason is recoverable.", {}]}, '426': {'Retries': 0, 'Restarts': 0, 'SiteHistory': ['Unknown', 'T2_US_Wisconsin', 'T2_US_Wisconsin'], 'ResidentSetSize': [771464], 'SubmitTimes': [1772161726.0], 'StartTimes': [1772164265.0], 'EndTimes': [1772167961.0], 'TotalUserCpuTimeHistory': [4895], 'TotalSysCpuTimeHistory': [1381], 'WallDurations': [9.0, 196.84561252593994, 3696.0], 'JobIds': ['141680553.0'], 'State': 'finished', 'RecordedSite': True, 'Error': [0, 'OK', {}]}, '434': {'Retries': 1, 'Restarts': 0, 'SiteHistory': ['Unknown', 'T2_TR_METU', 'T2_TR_METU', 'T3_KR_KNU', 'T3_KR_KNU'], 'ResidentSetSize': [680052, 658604], 'SubmitTimes': [1772161726.0, 1772185832.0], 'StartTimes': [1772164423.0, 1772185859.0], 'EndTimes': [1772171351.0, 1772191720.0], 'TotalUserCpuTimeHistory': [7160, 7604], 'TotalSysCpuTimeHistory': [2732, 2458], 'WallDurations': [11.0, 38.84561252593994, 6928.0, 9.0, 5861.0], 'JobIds': ['141680554.0', '141686803.0'], 'State': 'finished', 'RecordedSite': True, 'Error': [0, 'OK', {}]}, '428': {'Retries': 1, 'Restarts': 0, 'SiteHistory': ['Unknown', 'T2_HU_Budapest', 'T2_HU_Budapest', 'Unknown', 'T2_CH_CERN', 'T2_CH_CERN'], 'ResidentSetSize': [764272, 691728], 'SubmitTimes': [1772161726.0, 1772171568.0], 'StartTimes': [1772164419.0, 1772171833.0], 'EndTimes': [1772167893.0, 1772174967.0], 'TotalUserCpuTimeHistory': [4862, 3234], 'TotalSysCpuTimeHistory': [900, 1103], 'WallDurations': [8.0, 42.84561252593994, 3474.0, 8.0, 118.1406033039093, 3134.0], 'JobIds': ['141680555.0', '141681928.0'], 'State': 'transferring', 'RecordedSite': True, 'Error': [90000, "Got recoverable stageout exception:\nStageout failed with code 1.\nThere were 3 failed/killed stageout jobs.\nFailure reasons (per document) follow:\n- 2577f19632d657652cf78ad151d8fbb62155fcc76e582dac6b1422c8:\n  -----> ASO log start -----\n  ['TRANSFER [5] TRANSFER ERROR: Copy failed (3rd pull). Last attempt: copy HTTP 500 : Unexpected server error: 500 [...CUT...] Full log at https://fts3-cms.cern.ch:8449/fts3/ftsmon/#/job/a90ff6c0-1398-11f1-9677-fa163e255442']\n  <----- ASO log finish ----\n  The last failure reason is recoverable.\n- a86085dc3bf0cc7b4f10fcbc3d65a038766a3dfe40f9c73d0f65274c:\n  -----> ASO log start -----\n  ['TRANSFER [5] TRANSFER ERROR: Copy failed (3rd pull). Last attempt: copy HTTP 500 : Unexpected server error: 500 [...CUT...] Full log at https://fts3-cms.cern.ch:8449/fts3/ftsmon/#/job/a90ff6c0-1398-11f1-9677-fa163e255442']\n  <----- ASO log finish ----\n  The last failure reason is recoverable.\n- 6f9de6bbb9ed6d35e75af938f3ad190d89ab808c23dc002a5ffa7d34:\n  -----> ASO log start -----\n  ['TRANSFER [5] TRANSFER ERROR: Copy failed (3rd pull). Last attempt: copy HTTP 500 : Unexpected server error: 500 [...CUT...] Full log at https://fts3-cms.cern.ch:8449/fts3/ftsmon/#/job/a90ff6c0-1398-11f1-9677-fa163e255442']\n  <----- ASO log finish ----\n  The last failure reason is recoverable.", {}]}, '427': {'Retries': 1, 'Restarts': 0, 'SiteHistory': ['Unknown', 'T2_TR_METU', 'T2_TR_METU', 'T2_CH_CERN', 'T2_CH_CERN'], 'ResidentSetSize': [681184, 727820], 'SubmitTimes': [1772161726.0, 1772182534.0], 'StartTimes': [1772164423.0, 1772182548.0], 'EndTimes': [1772171653.0, 1772184752.0], 'TotalUserCpuTimeHistory': [7429, 2603], 'TotalSysCpuTimeHistory': [2975, 804], 'WallDurations': [11.0, 38.84561252593994, 7230.0, 8.0, 2204.0], 'JobIds': ['141680556.0', '141686328.0'], 'State': 'transferring', 'RecordedSite': True, 'Error': [90000, "Got recoverable stageout exception:\nStageout failed with code 1.\nThere were 3 failed/killed stageout jobs.\nFailure reasons (per document) follow:\n- 352004f943d7dda7351bdabaafb3213659504da103281ec31ca67cbd:\n  -----> ASO log start -----\n  ['TRANSFER [5] TRANSFER ERROR: Copy failed (3rd pull). Last attempt: copy HTTP 500 : Unexpected server error: 500 [...CUT...] Full log at https://fts3-cms.cern.ch:8449/fts3/ftsmon/#/job/75c7c58c-13a1-11f1-a58f-fa163eaa97bf']\n  <----- ASO log finish ----\n  The last failure reason is recoverable.\n- 792a94c28fdf822a3596239d04b7dec4f6fad0bccb37cbbb26867c80:\n  -----> ASO log start -----\n  ['TRANSFER [5] TRANSFER ERROR: Copy failed (3rd pull). Last attempt: copy HTTP 500 : Unexpected server error: 500 [...CUT...] Full log at https://fts3-cms.cern.ch:8449/fts3/ftsmon/#/job/75c7c58c-13a1-11f1-a58f-fa163eaa97bf']\n  <----- ASO log finish ----\n  The last failure reason is recoverable.\n- e5f2a3f9ed23900ec1ec502b814721b89a783b0835ad8b688101f453:\n  -----> ASO log start -----\n  ['TRANSFER [5] TRANSFER ERROR: Copy failed (3rd pull). Last attempt: copy HTTP 500 : Unexpected server error: 500 [...CUT...] Full log at https://fts3-cms.cern.ch:8449/fts3/ftsmon/#/job/75c7c58c-13a1-11f1-a58f-fa163eaa97bf']\n  <----- ASO log finish ----\n  The last failure reason is recoverable.", {}]}, '430': {'Retries': 2, 'Restarts': 0, 'SiteHistory': ['Unknown', 'T2_IT_Rome', 'T2_IT_Rome', 'T2_DE_RWTH', 'T2_DE_RWTH', 'T2_TR_METU', 'T2_TR_METU'], 'ResidentSetSize': [637296, 2347284, 688800], 'SubmitTimes': [1772161726.0, 1772170791.0, 1772182765.0], 'StartTimes': [1772164418.0, 1772170985.0, 1772182781.0], 'EndTimes': [1772167118.0, 1772179033.0, 1772185642.0], 'TotalUserCpuTimeHistory': [4282, 9877, 3878], 'TotalSysCpuTimeHistory': [534, 2993, 887], 'WallDurations': [10.0, 43.84561252593994, 2700.0, 9.0, 8048.0, 9.0, 2861.0], 'JobIds': ['141680557.0', '141681839.0', '141686346.0'], 'State': 'transferring', 'RecordedSite': True, 'Error': [90000, "Got recoverable stageout exception:\nStageout failed with code 1.\nThere were 1 failed/killed stageout jobs.\nFailure reasons (per document) follow:\n- c54e7763f72bb461b454c11984f11374341245fb0c87c2a303d3979a:\n  -----> ASO log start -----\n  ['TRANSFER [112] TRANSFER ERROR: Copy failed (3rd pull). Last attempt: copy HTTP 400 : Server Error [...CUT...] Full log at https://fts3-cms.cern.ch:8449/fts3/ftsmon/#/job/58961d0e-13b2-11f1-9cb0-fa163e4409e3']\n  <----- ASO log finish ----\n  The last failure reason is recoverable.", {}]}, '435': {'Retries': 2, 'Restarts': 0, 'SiteHistory': ['Unknown', 'T2_EE_Estonia', 'T2_EE_Estonia', 'T2_CH_CSCS', 'T2_CH_CSCS', 'T2_CH_CERN', 'T2_CH_CERN'], 'ResidentSetSize': [2593956, 659264, 747812], 'SubmitTimes': [1772161726.0, 1772175205.0, 1772181937.0], 'StartTimes': [1772164420.0, 1772175242.0, 1772181956.0], 'EndTimes': [1772167935.0, 1772178207.0, 1772184945.0], 'TotalUserCpuTimeHistory': [4884, 2223, 3206], 'TotalSysCpuTimeHistory': [846, 438, 1130], 'WallDurations': [9.0, 41.84561252593994, 3515.0, 10.0, 2965.0, 9.0, 2989.0], 'JobIds': ['141680558.0', '141685449.0', '141686256.0'], 'State': 'transferring', 'RecordedSite': True, 'Error': [90000, "Got recoverable stageout exception:\nStageout failed with code 1.\nThere were 1 failed/killed stageout jobs.\nFailure reasons (per document) follow:\n- 33d4ad5372c7fc4a3086cd0cd515d679e14ce9e45cedb052617895f3:\n  -----> ASO log start -----\n  ['TRANSFER [112] TRANSFER ERROR: Copy failed (3rd pull). Last attempt: copy HTTP 400 : Server Error [...CUT...] Full log at https://fts3-cms.cern.ch:8449/fts3/ftsmon/#/job/20530e2c-13b0-11f1-b403-fa163eaa97bf']\n  <----- ASO log finish ----\n  The last failure reason is recoverable.", {}]}, '431': {'Retries': 2, 'Restarts': 0, 'SiteHistory': ['Unknown', 'T2_FR_GRIF', 'T2_FR_GRIF', 'Unknown', 'T3_KR_KNU', 'T3_KR_KNU', 'T3_UK_ScotGrid_GLA', 'T3_UK_ScotGrid_GLA'], 'ResidentSetSize': [773372, 706776, 629428], 'SubmitTimes': [1772161726.0, 1772174765.0, 1772182413.0], 'StartTimes': [1772164417.0, 1772174863.0, 1772182429.0], 'EndTimes': [1772167483.0, 1772178676.0, 1772186012.0], 'TotalUserCpuTimeHistory': [3867, 5134, 4301], 'TotalSysCpuTimeHistory': [1364, 1738, 1383], 'WallDurations': [9.0, 44.84561252593994, 3066.0, 9.0, 221.15038895606995, 3813.0, 9.0, 3583.0], 'JobIds': ['141680559.0', '141685409.0', '141686319.0'], 'State': 'finished', 'RecordedSite': True, 'Error': [0, 'OK', {}]}, '437': {'Retries': 1, 'Restarts': 0, 'SiteHistory': ['Unknown', 'T2_UK_London_IC', 'T2_UK_London_IC', 'T2_CH_CERN', 'T2_CH_CERN'], 'ResidentSetSize': [1012780, 608508], 'SubmitTimes': [1772161726.0, 1772168992.0], 'StartTimes': [1772164417.0, 1772168997.0], 'EndTimes': [1772168926.0, 1772170477.0], 'TotalUserCpuTimeHistory': [4489, 2293], 'TotalSysCpuTimeHistory': [1442, 343], 'WallDurations': [9.0, 44.84561252593994, 4509.0, 9.0, 1480.0], 'JobIds': ['141680560.0', '141681589.0'], 'State': 'finished', 'RecordedSite': True, 'Error': [0, 'OK', {}]}, '436': {'Retries': 1, 'Restarts': 0, 'SiteHistory': ['Unknown', 'T2_BE_IIHE', 'T2_BE_IIHE', 'T3_KR_KNU', 'T3_KR_KNU'], 'ResidentSetSize': [634692, 2551224], 'SubmitTimes': [1772161726.0, 1772175094.0], 'StartTimes': [1772164420.0, 1772175104.0], 'EndTimes': [1772166014.0, 1772178739.0], 'TotalUserCpuTimeHistory': [2031, 5073], 'TotalSysCpuTimeHistory': [574, 1681], 'WallDurations': [9.0, 41.84561252593994, 1594.0, 8.0, 3635.0], 'JobIds': ['141680561.0', '141685441.0'], 'State': 'finished', 'RecordedSite': True, 'Error': [0, 'OK', {}]}, '438': {'Retries': 1, 'Restarts': 0, 'SiteHistory': ['Unknown', 'T2_FR_GRIF', 'T2_FR_GRIF', 'T2_CH_CERN', 'T2_CH_CERN'], 'ResidentSetSize': [713068, 3035964], 'SubmitTimes': [1772161726.0, 1772181285.0], 'StartTimes': [1772164418.0, 1772181297.0], 'EndTimes': [1772168608.0, 1772183755.0], 'TotalUserCpuTimeHistory': [5456, 2840], 'TotalSysCpuTimeHistory': [1080, 872], 'WallDurations': [9.0, 43.84561252593994, 4190.0, 9.0, 2458.0], 'JobIds': ['141680562.0', '141686167.0'], 'State': 'transferring', 'RecordedSite': True, 'Error': [90000, "Got recoverable stageout exception:\nStageout failed with code 1.\nThere were 3 failed/killed stageout jobs.\nFailure reasons (per document) follow:\n- e875d2e9bf879d5199be72cde6d2f2ec0fbe646ff7fa3216bd03d151:\n  -----> ASO log start -----\n  ['TRANSFER [5] TRANSFER ERROR: Copy failed (3rd pull). Last attempt: copy HTTP 500 : Unexpected server error: 500 [...CUT...] Full log at https://fts3-cms.cern.ch:8449/fts3/ftsmon/#/job/242c7e9a-139a-11f1-801e-fa163e9e00e6']\n  <----- ASO log finish ----\n  The last failure reason is recoverable.\n- d7d1869881d764abb2d8ec2974a723b748a4a8d3a72d128a15c0f32e:\n  -----> ASO log start -----\n  ['TRANSFER [5] TRANSFER ERROR: Copy failed (3rd pull). Last attempt: copy HTTP 500 : Unexpected server error: 500 [...CUT...] Full log at https://fts3-cms.cern.ch:8449/fts3/ftsmon/#/job/242c7e9a-139a-11f1-801e-fa163e9e00e6']\n  <----- ASO log finish ----\n  The last failure reason is recoverable.\n- 2346afd29647d8e79fd5a99ebf27c3eda96f179e774c27f685c3b5cf:\n  -----> ASO log start -----\n  ['TRANSFER [5] TRANSFER ERROR: Copy failed (3rd pull). Last attempt: copy HTTP 500 : Unexpected server error: 500 [...CUT...] Full log at https://fts3-cms.cern.ch:8449/fts3/ftsmon/#/job/242c7e9a-139a-11f1-801e-fa163e9e00e6']\n  <----- ASO log finish ----\n  The last failure reason is recoverable.", {}]}, '440': {'Retries': 0, 'Restarts': 0, 'SiteHistory': ['Unknown', 'T2_UK_London_IC', 'T2_UK_London_IC'], 'ResidentSetSize': [843316], 'SubmitTimes': [1772161727.0], 'StartTimes': [1772164417.0], 'EndTimes': [1772168138.0], 'TotalUserCpuTimeHistory': [4590], 'TotalSysCpuTimeHistory': [1060], 'WallDurations': [9.0, 44.84561252593994, 3721.0], 'JobIds': ['141680563.0'], 'State': 'finished', 'RecordedSite': True, 'Error': [0, 'OK', {}]}, '444': {'Retries': 1, 'Restarts': 0, 'SiteHistory': ['Unknown', 'T2_BE_IIHE', 'T2_BE_IIHE', 'T2_CH_CERN', 'T2_CH_CERN'], 'ResidentSetSize': [633140, 701964], 'SubmitTimes': [1772161727.0, 1772181250.0], 'StartTimes': [1772164420.0, 1772181297.0], 'EndTimes': [1772166763.0, 1772186332.0], 'TotalUserCpuTimeHistory': [2868, 5233], 'TotalSysCpuTimeHistory': [804, 1200], 'WallDurations': [9.0, 41.84561252593994, 2343.0, 9.0, 5035.0], 'JobIds': ['141680564.0', '141686163.0'], 'State': 'transferring', 'RecordedSite': True, 'Error': [90000, "Got recoverable stageout exception:\nStageout failed with code 1.\nThere were 3 failed/killed stageout jobs.\nFailure reasons (per document) follow:\n- ed5b9a9b657c9197ae06160bceace6b08164e979166eabe8d9513d39:\n  -----> ASO log start -----\n  ['TRANSFER [5] TRANSFER ERROR: Copy failed (3rd pull). Last attempt: copy HTTP 500 : Unexpected server error: 500 [...CUT...] Full log at https://fts3-cms.cern.ch:8449/fts3/ftsmon/#/job/ba6dbd9c-1395-11f1-a95b-fa163eaa97bf']\n  <----- ASO log finish ----\n  The last failure reason is recoverable.\n- fa7603bd523ceaaef2f43c371e311678dcc3f359dc47404f6ed0687a:\n  -----> ASO log start -----\n  ['TRANSFER [5] TRANSFER ERROR: Copy failed (3rd pull). Last attempt: copy HTTP 500 : Unexpected server error: 500 [...CUT...] Full log at https://fts3-cms.cern.ch:8449/fts3/ftsmon/#/job/ba6dbd9c-1395-11f1-a95b-fa163eaa97bf']\n  <----- ASO log finish ----\n  The last failure reason is recoverable.\n- 7ca65708b32c007f3bec3800ec50da4ceaec1cc09b16cade3050fe4c:\n  -----> ASO log start -----\n  ['TRANSFER [5] TRANSFER ERROR: Copy failed (3rd pull). Last attempt: copy HTTP 500 : Unexpected server error: 500 [...CUT...] Full log at https://fts3-cms.cern.ch:8449/fts3/ftsmon/#/job/ba6dbd9c-1395-11f1-a95b-fa163eaa97bf']\n  <----- ASO log finish ----\n  The last failure reason is recoverable.", {}]}, '439': {'Retries': 2, 'Restarts': 0, 'SiteHistory': ['Unknown', 'T2_IT_Rome', 'T2_IT_Rome', 'T2_TR_METU', 'T2_TR_METU', 'Unknown', 'T2_US_Nebraska', 'T2_US_Nebraska'], 'ResidentSetSize': [654576, 740876, 644508], 'SubmitTimes': [1772161727.0, 1772174851.0, 1772186717.0], 'StartTimes': [1772164418.0, 1772174966.0, 1772186945.0], 'EndTimes': [1772167568.0, 1772179379.0, 1772191309.0], 'TotalUserCpuTimeHistory': [4146, 4438, 6008], 'TotalSysCpuTimeHistory': [732, 984, 1210], 'WallDurations': [8.0, 43.84561252593994, 3150.0, 10.0, 4413.0, 9.0, 90.76712083816528, 4364.0], 'JobIds': ['141680565.0', '141685417.0', '141692033.0'], 'State': 'failed', 'RecordedSite': True, 'Error': [90000, "Got recoverable stageout exception:\nStageout failed with code 1.\nThere were 1 failed/killed stageout jobs.\nFailure reasons (per document) follow:\n- 232faeddfe09005d8b9cc2fc3939b5f41e1d220a0295c3c703da7e81:\n  -----> ASO log start -----\n  ['TRANSFER [112] TRANSFER ERROR: Copy failed (3rd pull). Last attempt: copy HTTP 400 : Server Error [...CUT...] Full log at https://fts3-cms.cern.ch:8449/fts3/ftsmon/#/job/dde1c226-13ce-11f1-b63b-fa163eaa97bf']\n  <----- ASO log finish ----\n  The last failure reason is recoverable.", {}]}, '449': {'Retries': 1, 'Restarts': 0, 'SiteHistory': ['Unknown', 'T2_FR_GRIF', 'T2_FR_GRIF', 'T2_CH_CERN', 'T2_CH_CERN'], 'ResidentSetSize': [781476, 679264], 'SubmitTimes': [1772161727.0, 1772179938.0], 'StartTimes': [1772164418.0, 1772179999.0], 'EndTimes': [1772169058.0, 1772183349.0], 'TotalUserCpuTimeHistory': [5397, 4544], 'TotalSysCpuTimeHistory': [876, 926], 'WallDurations': [9.0, 43.84561252593994, 4640.0, 10.0, 3350.0], 'JobIds': ['141680566.0', '141685986.0'], 'State': 'transferring', 'RecordedSite': True, 'Error': [90000, "Got recoverable stageout exception:\nStageout failed with code 1.\nThere were 3 failed/killed stageout jobs.\nFailure reasons (per document) follow:\n- dd515600d4aac93e36b1ed851403bf04f3c5c8ef11420c78de4810d1:\n  -----> ASO log start -----\n  ['TRANSFER [5] TRANSFER ERROR: Copy failed (3rd pull). Last attempt: copy HTTP 500 : Unexpected server error: 500 [...CUT...] Full log at https://fts3-cms.cern.ch:8449/fts3/ftsmon/#/job/dfe2aac4-139a-11f1-88f9-fa163e9e00e6']\n  <----- ASO log finish ----\n  The last failure reason is recoverable.\n- dfc0646d4eea0d0e2b6e743d9b26c24f72222da250df294682b96bcb:\n  -----> ASO log start -----\n  ['TRANSFER [5] TRANSFER ERROR: Copy failed (3rd pull). Last attempt: copy HTTP 500 : Unexpected server error: 500 [...CUT...] Full log at https://fts3-cms.cern.ch:8449/fts3/ftsmon/#/job/dfe2aac4-139a-11f1-88f9-fa163e9e00e6']\n  <----- ASO log finish ----\n  The last failure reason is recoverable.\n- e3421f77de0a639e4583356d89c99cf26da9a6b40cdc8484a237c318:\n  -----> ASO log start -----\n  ['DESTINATION [110] timeout of 900s [...CUT...] Full log at https://fts3-cms.cern.ch:8449/fts3/ftsmon/#/job/dfe2aac4-139a-11f1-88f9-fa163e9e00e6']\n  <----- ASO log finish ----\n  The last failure reason is recoverable.", {}]}, '445': {'Retries': 2, 'Restarts': 0, 'SiteHistory': ['Unknown', 'T2_EE_Estonia', 'T2_EE_Estonia', 'T2_RU_JINR', 'T2_RU_JINR', 'T2_CH_CERN', 'T2_CH_CERN'], 'ResidentSetSize': [2734324, 689304, 698860], 'SubmitTimes': [1772161727.0, 1772173593.0, 1772182205.0], 'StartTimes': [1772164422.0, 1772173623.0, 1772182236.0], 'EndTimes': [1772168115.0, 1772176669.0, 1772184112.0], 'TotalUserCpuTimeHistory': [5046, 3932, 2286], 'TotalSysCpuTimeHistory': [844, 837, 697], 'WallDurations': [8.0, 39.84561252593994, 3693.0, 9.0, 3046.0, 8.0, 1876.0], 'JobIds': ['141680567.0', '141683365.0', '141686292.0'], 'State': 'transferring', 'RecordedSite': True, 'Error': [90000, "Got recoverable stageout exception:\nStageout failed with code 1.\nThere were 3 failed/killed stageout jobs.\nFailure reasons (per document) follow:\n- d4b1e5588c4e131266958142ed50d4314ec5eb1a46561faf1fa29d8e:\n  -----> ASO log start -----\n  ['TRANSFER [5] TRANSFER ERROR: Copy failed (3rd pull). Last attempt: copy HTTP 500 : Unexpected server error: 500 [...CUT...] Full log at https://fts3-cms.cern.ch:8449/fts3/ftsmon/#/job/70d29704-13ac-11f1-83c1-fa163e255442']\n  <----- ASO log finish ----\n  The last failure reason is recoverable.\n- 4d381a06d5116a4112b6adabc5688abc56d68d160e1c83c28266d22a:\n  -----> ASO log start -----\n  ['TRANSFER [5] TRANSFER ERROR: Copy failed (3rd pull). Last attempt: copy HTTP 500 : Unexpected server error: 500 [...CUT...] Full log at https://fts3-cms.cern.ch:8449/fts3/ftsmon/#/job/70d29704-13ac-11f1-83c1-fa163e255442']\n  <----- ASO log finish ----\n  The last failure reason is recoverable.\n- 70ca9ac200d2b5d5fc476a7f89cd7d4faa1a2b9bb06af81012a9c834:\n  -----> ASO log start -----\n  ['TRANSFER [5] TRANSFER ERROR: Copy failed (3rd pull). Last attempt: copy HTTP 500 : Unexpected server error: 500 [...CUT...] Full log at https://fts3-cms.cern.ch:8449/fts3/ftsmon/#/job/70d29704-13ac-11f1-83c1-fa163e255442']\n  <----- ASO log finish ----\n  The last failure reason is recoverable.", {}]}, '448': {'Retries': 0, 'Restarts': 0, 'SiteHistory': ['Unknown', 'T2_UK_SGrid_RALPP', 'T2_UK_SGrid_RALPP'], 'ResidentSetSize': [642248], 'SubmitTimes': [1772161727.0], 'StartTimes': [1772164420.0], 'EndTimes': [1772166595.0], 'TotalUserCpuTimeHistory': [2730], 'TotalSysCpuTimeHistory': [676], 'WallDurations': [9.0, 41.84561252593994, 2175.0], 'JobIds': ['141680568.0'], 'State': 'finished', 'RecordedSite': True, 'Error': [0, 'OK', {}]}, '447': {'Retries': 0, 'Restarts': 0, 'SiteHistory': ['Unknown', 'T2_UK_SGrid_RALPP', 'T2_UK_SGrid_RALPP'], 'ResidentSetSize': [644720], 'SubmitTimes': [1772161727.0], 'StartTimes': [1772164423.0], 'EndTimes': [1772167424.0], 'TotalUserCpuTimeHistory': [3613], 'TotalSysCpuTimeHistory': [1091], 'WallDurations': [9.0, 38.84561252593994, 3001.0], 'JobIds': ['141680569.0'], 'State': 'finished', 'RecordedSite': True, 'Error': [0, 'OK', {}]}, '443': {'Retries': 1, 'Restarts': 0, 'SiteHistory': ['Unknown', 'T2_HU_Budapest', 'T2_HU_Budapest', 'T2_CH_CSCS', 'T2_CH_CSCS'], 'ResidentSetSize': [3661904, 691104], 'SubmitTimes': [1772161727.0, 1772173708.0], 'StartTimes': [1772164418.0, 1772173718.0], 'EndTimes': [1772168228.0, 1772176673.0], 'TotalUserCpuTimeHistory': [5356, 2992], 'TotalSysCpuTimeHistory': [984, 1097], 'WallDurations': [8.0, 43.84561252593994, 3810.0, 12.0, 2955.0], 'JobIds': ['141680570.0', '141683372.0'], 'State': 'finished', 'RecordedSite': True, 'Error': [0, 'OK', {}]}, '450': {'Retries': 1, 'Restarts': 0, 'SiteHistory': ['Unknown', 'T2_FR_GRIF', 'T2_FR_GRIF', 'T3_KR_KNU', 'T3_KR_KNU'], 'ResidentSetSize': [678560, 744488], 'SubmitTimes': [1772161727.0, 1772180967.0], 'StartTimes': [1772164418.0, 1772181009.0], 'EndTimes': [1772168275.0, 1772185611.0], 'TotalUserCpuTimeHistory': [5213, 6272], 'TotalSysCpuTimeHistory': [946, 2245], 'WallDurations': [8.0, 43.84561252593994, 3857.0, 8.0, 4602.0], 'JobIds': ['141680571.0', '141686120.0'], 'State': 'finished', 'RecordedSite': True, 'Error': [0, 'OK', {}]}, '451': {'Retries': 0, 'Restarts': 0, 'SiteHistory': ['Unknown', 'T2_UK_London_IC', 'T2_UK_London_IC'], 'ResidentSetSize': [752824], 'SubmitTimes': [1772161727.0], 'StartTimes': [1772164420.0], 'EndTimes': [1772167927.0], 'TotalUserCpuTimeHistory': [4027], 'TotalSysCpuTimeHistory': [1022], 'WallDurations': [9.0, 41.84561252593994, 3507.0], 'JobIds': ['141680572.0'], 'State': 'finished', 'RecordedSite': True, 'Error': [0, 'OK', {}]}, '452': {'Retries': 0, 'Restarts': 0, 'SiteHistory': ['Unknown', 'T2_UK_London_IC', 'T2_UK_London_IC'], 'ResidentSetSize': [712976], 'SubmitTimes': [1772161727.0], 'StartTimes': [1772164418.0], 'EndTimes': [1772167680.0], 'TotalUserCpuTimeHistory': [3471], 'TotalSysCpuTimeHistory': [531], 'WallDurations': [9.0, 43.84561252593994, 3262.0], 'JobIds': ['141680573.0'], 'State': 'finished', 'RecordedSite': True, 'Error': [0, 'OK', {}]}, '441': {'Retries': 1, 'Restarts': 0, 'SiteHistory': ['Unknown', 'T2_AT_Vienna', 'T2_AT_Vienna', 'Unknown', 'T2_US_UCSD', 'T2_US_UCSD'], 'ResidentSetSize': [528732, 631140], 'SubmitTimes': [1772161727.0, 1772171765.0], 'StartTimes': [1772164422.0, 1772171981.0], 'EndTimes': [1772168089.0, 1772173955.0], 'TotalUserCpuTimeHistory': [5233, 2469], 'TotalSysCpuTimeHistory': [1112, 628], 'WallDurations': [8.0, 39.84561252593994, 3667.0, 9.0, 280.8982946872711, 1974.0], 'JobIds': ['141680574.0', '141681944.0'], 'State': 'finished', 'RecordedSite': True, 'Error': [0, 'OK', {}]}, '442': {'Retries': 0, 'Restarts': 0, 'SiteHistory': ['Unknown', 'T2_UK_London_IC', 'T2_UK_London_IC'], 'ResidentSetSize': [1379040], 'SubmitTimes': [1772161727.0], 'StartTimes': [1772164417.0], 'EndTimes': [1772168070.0], 'TotalUserCpuTimeHistory': [2908], 'TotalSysCpuTimeHistory': [540], 'WallDurations': [9.0, 44.84561252593994, 3653.0], 'JobIds': ['141680575.0'], 'State': 'finished', 'RecordedSite': True, 'Error': [0, 'OK', {}]}, '446': {'Retries': 2, 'Restarts': 1, 'SiteHistory': ['Unknown', 'T2_IT_Rome', 'T2_IT_Rome', 'Unknown', 'T2_TR_METU', 'T2_TR_METU', 'T2_US_Florida', 'T2_US_Florida', 'Unknown', 'T2_CH_CERN'], 'ResidentSetSize': [3522472, 913612, 692516, 0], 'SubmitTimes': [1772161727.0, 1772170329.0, 1772184225.0, -1], 'StartTimes': [1772164418.0, 1772170568.0, 1772184252.0, 1772187398.0], 'EndTimes': [1772166649.0, 1772176885.0, 1772187238.0, 1772192156.0], 'TotalUserCpuTimeHistory': [3243, 6476, 2844.0, 8173], 'TotalSysCpuTimeHistory': [506, 2116, 306.0, 1616], 'WallDurations': [9.0, 43.84561252593994, 2231.0, 9.0, 124.63993883132935, 6317.0, 9.0, 2986.0, 0, 4758.0], 'JobIds': ['141680576.0', '141681768.0', '141686506.0', '141686506.0'], 'State': 'transferring', 'RecordedSite': True, 'Error': [90000, "Got recoverable stageout exception:\nStageout failed with code 1.\nThere were 3 failed/killed stageout jobs.\nFailure reasons (per document) follow:\n- 3867ee90a1a9f83ffd86b20f0d2b08cd61ba260c5194c278642b6494:\n  -----> ASO log start -----\n  ['TRANSFER [5] TRANSFER ERROR: Copy failed (3rd pull). Last attempt: copy HTTP 500 : Unexpected server error: 500 [...CUT...] Full log at https://fts3-cms.cern.ch:8449/fts3/ftsmon/#/job/2bfbbaba-13ad-11f1-9af2-fa163e65d4d2']\n  <----- ASO log finish ----\n  The last failure reason is recoverable.\n- 8e56e0764f3c0bfda5461d05225dae4dfff3a85d1f0d74fb5a8ad9d4:\n  -----> ASO log start -----\n  ['TRANSFER [5] TRANSFER ERROR: Copy failed (3rd pull). Last attempt: copy HTTP 500 : Unexpected server error: 500 [...CUT...] Full log at https://fts3-cms.cern.ch:8449/fts3/ftsmon/#/job/2bfbbaba-13ad-11f1-9af2-fa163e65d4d2']\n  <----- ASO log finish ----\n  The last failure reason is recoverable.\n- a165860cbcd924f5f8dec5c12cf7a7ee2c66e4f6e6689e07145e7f79:\n  -----> ASO log start -----\n  ['TRANSFER [5] TRANSFER ERROR: Copy failed (3rd pull). Last attempt: copy HTTP 500 : Unexpected server error: 500 [...CUT...] Full log at https://fts3-cms.cern.ch:8449/fts3/ftsmon/#/job/2bfbbaba-13ad-11f1-9af2-fa163e65d4d2']\n  <----- ASO log finish ----\n  The last failure reason is recoverable.", {}]}, '453': {'Retries': 2, 'Restarts': 0, 'SiteHistory': ['Unknown', 'T2_FR_GRIF', 'T2_FR_GRIF', 'Unknown', 'T2_TR_METU', 'T2_TR_METU', 'T2_DE_RWTH', 'T2_DE_RWTH'], 'ResidentSetSize': [3662156, 735596, 655712], 'SubmitTimes': [1772161727.0, 1772170676.0, 1772184701.0], 'StartTimes': [1772164418.0, 1772170822.0, 1772184723.0], 'EndTimes': [1772167001.0, 1772177364.0, 1772191718.0], 'TotalUserCpuTimeHistory': [3345, 6838, 8853], 'TotalSysCpuTimeHistory': [1131, 2316, 2483], 'WallDurations': [9.0, 43.84561252593994, 2583.0, 10.0, 186.44514417648315, 6542.0, 8.0, 6995.0], 'JobIds': ['141680577.0', '141681817.0', '141686566.0'], 'State': 'finished', 'RecordedSite': True, 'Error': [0, 'OK', {}]}, '457': {'Retries': 1, 'Restarts': 0, 'SiteHistory': ['Unknown', 'T2_IT_Rome', 'T2_IT_Rome', 'T2_DE_RWTH', 'T2_DE_RWTH'], 'ResidentSetSize': [530776, 748268], 'SubmitTimes': [1772161727.0, 1772170776.0], 'StartTimes': [1772164418.0, 1772170898.0], 'EndTimes': [1772167099.0, 1772175399.0], 'TotalUserCpuTimeHistory': [3955, 5611], 'TotalSysCpuTimeHistory': [693, 974], 'WallDurations': [8.0, 43.84561252593994, 2681.0, 9.0, 4501.0], 'JobIds': ['141680578.0', '141681835.0'], 'State': 'finished', 'RecordedSite': True, 'Error': [0, 'OK', {}]}, '455': {'Retries': 2, 'Restarts': 0, 'SiteHistory': ['Unknown', 'T2_BE_IIHE', 'T2_BE_IIHE', 'Unknown', 'T2_TR_METU', 'T2_TR_METU', 'T2_CH_CERN', 'T2_CH_CERN'], 'ResidentSetSize': [794252, 640172, 739444], 'SubmitTimes': [1772161727.0, 1772171107.0, 1772184390.0], 'StartTimes': [1772164420.0, 1772171410.0, 1772184464.0], 'EndTimes': [1772165636.0, 1772178856.0, 1772186849.0], 'TotalUserCpuTimeHistory': [1388, 7444, 2787], 'TotalSysCpuTimeHistory': [220, 2619, 899], 'WallDurations': [9.0, 41.84561252593994, 1216.0, 10.0, 229.47571229934692, 7446.0, 8.0, 2385.0], 'JobIds': ['141680579.0', '141681882.0', '141686541.0'], 'State': 'transferring', 'RecordedSite': True, 'Error': [90000, "Got recoverable stageout exception:\nStageout failed with code 1.\nThere were 3 failed/killed stageout jobs.\nFailure reasons (per document) follow:\n- 7b95b5fa67230430f05711f85a0246e007be9fc6c76ce5ac750c61dc:\n  -----> ASO log start -----\n  ['TRANSFER [5] TRANSFER ERROR: Copy failed (3rd pull). Last attempt: copy HTTP 500 : Unexpected server error: 500 [...CUT...] Full log at https://fts3-cms.cern.ch:8449/fts3/ftsmon/#/job/9b56770c-13b1-11f1-b55a-fa163e1db714']\n  <----- ASO log finish ----\n  The last failure reason is recoverable.\n- 7461a272935f09b13c1fc593e81ab1eca76d076f30d2abe4985014e7:\n  -----> ASO log start -----\n  ['TRANSFER [5] TRANSFER ERROR: Copy failed (3rd pull). Last attempt: copy HTTP 500 : Unexpected server error: 500 [...CUT...] Full log at https://fts3-cms.cern.ch:8449/fts3/ftsmon/#/job/9b56770c-13b1-11f1-b55a-fa163e1db714']\n  <----- ASO log finish ----\n  The last failure reason is recoverable.\n- 173a08bd553ad0d305fe3e5fcbd712409a02952b5085ce555497914e:\n  -----> ASO log start -----\n  ['TRANSFER [5] TRANSFER ERROR: Copy failed (3rd pull). Last attempt: copy HTTP 500 : Unexpected server error: 500 [...CUT...] Full log at https://fts3-cms.cern.ch:8449/fts3/ftsmon/#/job/9b56770c-13b1-11f1-b55a-fa163e1db714']\n  <----- ASO log finish ----\n  The last failure reason is recoverable.", {}]}, '454': {'Retries': 0, 'Restarts': 0, 'SiteHistory': ['Unknown', 'T3_US_Rutgers', 'T3_US_Rutgers'], 'ResidentSetSize': [700188], 'SubmitTimes': [1772161727.0], 'StartTimes': [1772164423.0], 'EndTimes': [1772168745.0], 'TotalUserCpuTimeHistory': [5371], 'TotalSysCpuTimeHistory': [949], 'WallDurations': [10.0, 38.84561252593994, 4322.0], 'JobIds': ['141680580.0'], 'State': 'finished', 'RecordedSite': True, 'Error': [0, 'OK', {}]}, '456': {'Retries': 0, 'Restarts': 0, 'SiteHistory': ['Unknown', 'T2_UK_London_IC', 'T2_UK_London_IC'], 'ResidentSetSize': [2203112], 'SubmitTimes': [1772161727.0], 'StartTimes': [1772164417.0], 'EndTimes': [1772167929.0], 'TotalUserCpuTimeHistory': [3210], 'TotalSysCpuTimeHistory': [891], 'WallDurations': [8.0, 44.84561252593994, 3512.0], 'JobIds': ['141680581.0'], 'State': 'finished', 'RecordedSite': True, 'Error': [0, 'OK', {}]}, '458': {'Retries': 1, 'Restarts': 0, 'SiteHistory': ['Unknown', 'T2_BE_IIHE', 'T2_BE_IIHE', 'T2_CH_CSCS', 'T2_CH_CSCS'], 'ResidentSetSize': [687212, 718340], 'SubmitTimes': [1772161727.0, 1772180008.0], 'StartTimes': [1772164418.0, 1772180058.0], 'EndTimes': [1772167321.0, 1772182444.0], 'TotalUserCpuTimeHistory': [3589, 2609], 'TotalSysCpuTimeHistory': [1093, 876], 'WallDurations': [9.0, 43.84561252593994, 2903.0, 12.0, 2386.0], 'JobIds': ['141680582.0', '141685998.0'], 'State': 'finished', 'RecordedSite': True, 'Error': [0, 'OK', {}]}, '461': {'Retries': 1, 'Restarts': 0, 'SiteHistory': ['Unknown', 'T2_IT_Rome', 'T2_IT_Rome', 'Unknown', 'T3_KR_KNU', 'T3_KR_KNU'], 'ResidentSetSize': [558472, 706852], 'SubmitTimes': [1772161727.0, 1772172407.0], 'StartTimes': [1772164420.0, 1772172633.0], 'EndTimes': [1772166926.0, 1772177035.0], 'TotalUserCpuTimeHistory': [3920, 5885], 'TotalSysCpuTimeHistory': [485, 1452], 'WallDurations': [9.0, 41.84561252593994, 2506.0, 8.0, 254.35983395576477, 4402.0], 'JobIds': ['141680583.0', '141682314.0'], 'State': 'finished', 'RecordedSite': True, 'Error': [0, 'OK', {}]}, '462': {'Retries': 2, 'Restarts': 0, 'SiteHistory': ['Unknown', 'T2_IT_Rome', 'T2_IT_Rome', 'Unknown', 'T2_BE_UCL', 'T2_BE_UCL', 'T2_TR_METU', 'T2_TR_METU'], 'ResidentSetSize': [555768, 697164, 694632], 'SubmitTimes': [1772161727.0, 1772170836.0, 1772181164.0], 'StartTimes': [1772164418.0, 1772171053.0, 1772181185.0], 'EndTimes': [1772167157.0, 1772173821.0, 1772184032.0], 'TotalUserCpuTimeHistory': [4061, 2791, 4072], 'TotalSysCpuTimeHistory': [697, 169, 990], 'WallDurations': [8.0, 43.84561252593994, 2739.0, 8.0, 273.53299283981323, 2768.0, 9.0, 2847.0], 'JobIds': ['141680584.0', '141681848.0', '141686151.0'], 'State': 'transferring', 'RecordedSite': True, 'Error': [90000, "Got recoverable stageout exception:\nStageout failed with code 1.\nThere were 3 failed/killed stageout jobs.\nFailure reasons (per document) follow:\n- 16c5baf334d0c7053ae9e2b42785b082e9c28e4f3cad9e08dc594977:\n  -----> ASO log start -----\n  ['TRANSFER [5] TRANSFER ERROR: Copy failed (3rd pull). Last attempt: copy HTTP 500 : Unexpected server error: 500 [...CUT...] Full log at https://fts3-cms.cern.ch:8449/fts3/ftsmon/#/job/d751cbc8-13a5-11f1-ad6f-fa163e1db714']\n  <----- ASO log finish ----\n  The last failure reason is recoverable.\n- ae5e9cc2bc489dd266a0f25230878838fd4e30346ced8b41fffa0304:\n  -----> ASO log start -----\n  ['TRANSFER [5] TRANSFER ERROR: Copy failed (3rd pull). Last attempt: copy HTTP 500 : Unexpected server error: 500 [...CUT...] Full log at https://fts3-cms.cern.ch:8449/fts3/ftsmon/#/job/d751cbc8-13a5-11f1-ad6f-fa163e1db714']\n  <----- ASO log finish ----\n  The last failure reason is recoverable.\n- a33ceab1bf9357be6212f1bd66fac36d5114412de693abc43b718519:\n  -----> ASO log start -----\n  ['TRANSFER [5] TRANSFER ERROR: Copy failed (3rd pull). Last attempt: copy HTTP 500 : Unexpected server error: 500 [...CUT...] Full log at https://fts3-cms.cern.ch:8449/fts3/ftsmon/#/job/d751cbc8-13a5-11f1-ad6f-fa163e1db714']\n  <----- ASO log finish ----\n  The last failure reason is recoverable.", {}]}, '463': {'Retries': 0, 'Restarts': 0, 'SiteHistory': ['Unknown', 'T2_UK_London_IC', 'T2_UK_London_IC'], 'ResidentSetSize': [691424], 'SubmitTimes': [1772161727.0], 'StartTimes': [1772164418.0], 'EndTimes': [1772167267.0], 'TotalUserCpuTimeHistory': [3098], 'TotalSysCpuTimeHistory': [673], 'WallDurations': [9.0, 43.84561252593994, 2849.0], 'JobIds': ['141680585.0'], 'State': 'finished', 'RecordedSite': True, 'Error': [0, 'OK', {}]}, '460': {'Retries': 2, 'Restarts': 0, 'SiteHistory': ['Unknown', 'T2_HU_Budapest', 'T2_HU_Budapest', 'T2_TR_METU', 'T2_TR_METU', 'T2_CH_CERN', 'T2_CH_CERN'], 'ResidentSetSize': [3668428, 712064, 647800], 'SubmitTimes': [1772161727.0, 1772175569.0, 1772186408.0], 'StartTimes': [1772164422.0, 1772175601.0, 1772186547.0], 'EndTimes': [1772168297.0, 1772179069.0, 1772189430.0], 'TotalUserCpuTimeHistory': [5560, 4574, 3149], 'TotalSysCpuTimeHistory': [1187, 1151, 1113], 'WallDurations': [8.0, 39.84561252593994, 3875.0, 8.0, 3468.0, 8.0, 2883.0], 'JobIds': ['141680586.0', '141685472.0', '141689885.0'], 'State': 'transferring', 'RecordedSite': True, 'Error': [90000, "Got recoverable stageout exception:\nStageout failed with code 1.\nThere were 3 failed/killed stageout jobs.\nFailure reasons (per document) follow:\n- ab9d22a682007d8f0026d6e4451e549cf3717b86afffaca0a1835163:\n  -----> ASO log start -----\n  ['TRANSFER [5] TRANSFER ERROR: Copy failed (3rd pull). Last attempt: copy HTTP 500 : Unexpected server error: 500 [...CUT...] Full log at https://fts3-cms.cern.ch:8449/fts3/ftsmon/#/job/587de478-13b2-11f1-b55a-fa163e1db714']\n  <----- ASO log finish ----\n  The last failure reason is recoverable.\n- ba669f1a71b7be3773c22271c451707abb971053e9e12549bde23c3f:\n  -----> ASO log start -----\n  ['TRANSFER [5] TRANSFER ERROR: Copy failed (3rd pull). Last attempt: copy HTTP 500 : Unexpected server error: 500 [...CUT...] Full log at https://fts3-cms.cern.ch:8449/fts3/ftsmon/#/job/587de478-13b2-11f1-b55a-fa163e1db714']\n  <----- ASO log finish ----\n  The last failure reason is recoverable.\n- fee9e7a58447a4382d5aab009e16269fc109846aebdcbe6df931010e:\n  -----> ASO log start -----\n  ['TRANSFER [5] TRANSFER ERROR: Copy failed (3rd pull). Last attempt: copy HTTP 500 : Unexpected server error: 500 [...CUT...] Full log at https://fts3-cms.cern.ch:8449/fts3/ftsmon/#/job/587de478-13b2-11f1-b55a-fa163e1db714']\n  <----- ASO log finish ----\n  The last failure reason is recoverable.", {}]}, '459': {'Retries': 1, 'Restarts': 0, 'SiteHistory': ['Unknown', 'T2_IT_Rome', 'T2_IT_Rome', 'T2_FR_IPHC', 'T2_FR_IPHC'], 'ResidentSetSize': [600388, 715280], 'SubmitTimes': [1772161727.0, 1772173020.0], 'StartTimes': [1772164419.0, 1772173068.0], 'EndTimes': [1772167543.0, 1772175725.0], 'TotalUserCpuTimeHistory': [4397, 3149], 'TotalSysCpuTimeHistory': [803, 1090], 'WallDurations': [10.0, 42.84561252593994, 3124.0, 9.0, 2657.0], 'JobIds': ['141680587.0', '141682533.0'], 'State': 'transferring', 'RecordedSite': True, 'Error': [90000, "Got recoverable stageout exception:\nStageout failed with code 1.\nThere were 3 failed/killed stageout jobs.\nFailure reasons (per document) follow:\n- ef5f01e75015e5e7a2485fff3b78f06197fc0ace0bff9de469c7b72e:\n  -----> ASO log start -----\n  ['TRANSFER [5] TRANSFER ERROR: Copy failed (3rd pull). Last attempt: copy HTTP 500 : Unexpected server error: 500 [...CUT...] Full log at https://fts3-cms.cern.ch:8449/fts3/ftsmon/#/job/307a2998-1397-11f1-abbe-fa163e172462']\n  <----- ASO log finish ----\n  The last failure reason is recoverable.\n- 3db5ab96cf32665f38780a8988f1a86b7da60ef39e65fd2644eb8f7a:\n  -----> ASO log start -----\n  ['TRANSFER [5] TRANSFER ERROR: Copy failed (3rd pull). Last attempt: copy HTTP 500 : Unexpected server error: 500 [...CUT...] Full log at https://fts3-cms.cern.ch:8449/fts3/ftsmon/#/job/307a2998-1397-11f1-abbe-fa163e172462']\n  <----- ASO log finish ----\n  The last failure reason is recoverable.\n- 32ae07ec5643a4df3b255dc4e635ec607437527d58137b4e0577396c:\n  -----> ASO log start -----\n  ['DESTINATION [110] timeout of 900s [...CUT...] Full log at https://fts3-cms.cern.ch:8449/fts3/ftsmon/#/job/307a2998-1397-11f1-abbe-fa163e172462']\n  <----- ASO log finish ----\n  The last failure reason is recoverable.", {}]}, '464': {'Retries': 1, 'Restarts': 0, 'SiteHistory': ['Unknown', 'T2_BE_IIHE', 'T2_BE_IIHE', 'T2_CH_CERN', 'T2_CH_CERN'], 'ResidentSetSize': [638900, 665300], 'SubmitTimes': [1772161727.0, 1772178842.0], 'StartTimes': [1772164419.0, 1772178864.0], 'EndTimes': [1772166160.0, 1772180735.0], 'TotalUserCpuTimeHistory': [2216, 2263], 'TotalSysCpuTimeHistory': [626, 674], 'WallDurations': [9.0, 42.84561252593994, 1741.0, 8.0, 1871.0], 'JobIds': ['141680588.0', '141685864.0'], 'State': 'transferring', 'RecordedSite': True, 'Error': [90000, "Got recoverable stageout exception:\nStageout failed with code 1.\nThere were 3 failed/killed stageout jobs.\nFailure reasons (per document) follow:\n- 9861d8c9e938966373f40aff8032e464cc09c0df625067780bf77807:\n  -----> ASO log start -----\n  ['TRANSFER [5] TRANSFER ERROR: Copy failed (3rd pull). Last attempt: copy HTTP 500 : Unexpected server error: 500 [...CUT...] Full log at https://fts3-cms.cern.ch:8449/fts3/ftsmon/#/job/4691edea-1394-11f1-9d6d-fa163e172462']\n  <----- ASO log finish ----\n  The last failure reason is recoverable.\n- 620c6840388a544451174b769e2aa757f6a34b36a92ba32a5792cd07:\n  -----> ASO log start -----\n  ['TRANSFER [5] TRANSFER ERROR: Copy failed (3rd pull). Last attempt: copy HTTP 500 : Unexpected server error: 500 [...CUT...] Full log at https://fts3-cms.cern.ch:8449/fts3/ftsmon/#/job/4691edea-1394-11f1-9d6d-fa163e172462']\n  <----- ASO log finish ----\n  The last failure reason is recoverable.\n- 8853fc3ab91eed0f31f60bd0727da873793a00648d1c773d6994f968:\n  -----> ASO log start -----\n  ['TRANSFER [5] TRANSFER ERROR: Copy failed (3rd pull). Last attempt: copy HTTP 500 : Unexpected server error: 500 [...CUT...] Full log at https://fts3-cms.cern.ch:8449/fts3/ftsmon/#/job/4691edea-1394-11f1-9d6d-fa163e172462']\n  <----- ASO log finish ----\n  The last failure reason is recoverable.", {}]}, '466': {'Retries': 2, 'Restarts': 0, 'SiteHistory': ['Unknown', 'T2_EE_Estonia', 'T2_EE_Estonia', 'T3_UK_ScotGrid_GLA', 'T3_UK_ScotGrid_GLA', 'T2_CH_CSCS', 'T2_CH_CSCS'], 'ResidentSetSize': [718000, 674196, 712984], 'SubmitTimes': [1772161727.0, 1772174872.0, 1772182413.0], 'StartTimes': [1772164420.0, 1772174953.0, 1772182466.0], 'EndTimes': [1772167594.0, 1772178678.0, 1772184616.0], 'TotalUserCpuTimeHistory': [2015, 4488, 2563], 'TotalSysCpuTimeHistory': [448, 1455, 753], 'WallDurations': [10.0, 41.84561252593994, 3174.0, 9.0, 3725.0, 9.0, 2150.0], 'JobIds': ['141680589.0', '141685420.0', '141686320.0'], 'State': 'failed', 'RecordedSite': True, 'Error': [90000, "Got recoverable stageout exception:\nStageout failed with code 1.\nThere were 1 failed/killed stageout jobs.\nFailure reasons (per document) follow:\n- 3fa2404794ad22131556bf263ee2df977daaa332c024e88d21db0e9e:\n  -----> ASO log start -----\n  ['TRANSFER [112] TRANSFER ERROR: Copy failed (3rd pull). Last attempt: copy HTTP 400 : Server Error [...CUT...] Full log at https://fts3-cms.cern.ch:8449/fts3/ftsmon/#/job/7bab18aa-13bf-11f1-81f0-fa163e1db714']\n  <----- ASO log finish ----\n  The last failure reason is recoverable.", {}]}, '467': {'Retries': 1, 'Restarts': 0, 'SiteHistory': ['Unknown', 'T2_FR_GRIF', 'T2_FR_GRIF', 'T3_KR_KNU', 'T3_KR_KNU'], 'ResidentSetSize': [677344, 699164], 'SubmitTimes': [1772161727.0, 1772171047.0], 'StartTimes': [1772164418.0, 1772171316.0], 'EndTimes': [1772167372.0, 1772174961.0], 'TotalUserCpuTimeHistory': [3619, 5134], 'TotalSysCpuTimeHistory': [1239, 1694], 'WallDurations': [8.0, 43.84561252593994, 2954.0, 8.0, 3645.0], 'JobIds': ['141680590.0', '141681871.0'], 'State': 'finished', 'RecordedSite': True, 'Error': [0, 'OK', {}]}, '469': {'Retries': 2, 'Restarts': 0, 'SiteHistory': ['Unknown', 'T2_IT_Rome', 'T2_IT_Rome', 'Unknown', 'T2_TR_METU', 'T2_TR_METU', 'Unknown', 'T2_US_Nebraska', 'T2_US_Nebraska'], 'ResidentSetSize': [3333952, 735404, 1668040], 'SubmitTimes': [1772161727.0, 1772170665.0, 1772195480.0], 'StartTimes': [1772164417.0, 1772170814.0, 1772195668.0], 'EndTimes': [1772166989.0, 1772177327.0, 1772199067.0], 'TotalUserCpuTimeHistory': [3669, 6706, 4671], 'TotalSysCpuTimeHistory': [629, 2317, 988], 'WallDurations': [9.0, 44.84561252593994, 2572.0, 10.0, 194.44514417648315, 6513.0, 10.0, 144.0471122264862, 3399.0], 'JobIds': ['141680591.0', '141681813.0', '141699563.0'], 'State': 'transferring', 'RecordedSite': True, 'Error': [90000, "Got recoverable stageout exception:\nStageout failed with code 1.\nThere were 3 failed/killed stageout jobs.\nFailure reasons (per document) follow:\n- 0996b8ea610bf79e238a5df20808a7f5ead43a6a82e8ac35344f82ac:\n  -----> ASO log start -----\n  ['TRANSFER [5] TRANSFER ERROR: Copy failed (3rd pull). Last attempt: copy HTTP 500 : Unexpected server error: 500 [...CUT...] Full log at https://fts3-cms.cern.ch:8449/fts3/ftsmon/#/job/a5ad7014-13ae-11f1-8ba7-fa163e1db714']\n  <----- ASO log finish ----\n  The last failure reason is recoverable.\n- ff578bab86f29ade5a9cd3d3584bc16c69d9ae20832d8df5e7e08d58:\n  -----> ASO log start -----\n  ['TRANSFER [5] TRANSFER ERROR: Copy failed (3rd pull). Last attempt: copy HTTP 500 : Unexpected server error: 500 [...CUT...] Full log at https://fts3-cms.cern.ch:8449/fts3/ftsmon/#/job/a5ad7014-13ae-11f1-8ba7-fa163e1db714']\n  <----- ASO log finish ----\n  The last failure reason is recoverable.\n- 0e23fe2a7d6f8ca9c8d5aa9d6803b8910c73b47ff8803ccc3a4df55f:\n  -----> ASO log start -----\n  ['TRANSFER [5] TRANSFER ERROR: Copy failed (3rd pull). Last attempt: copy HTTP 500 : Unexpected server error: 500 [...CUT...] Full log at https://fts3-cms.cern.ch:8449/fts3/ftsmon/#/job/a5ad7014-13ae-11f1-8ba7-fa163e1db714']\n  <----- ASO log finish ----\n  The last failure reason is recoverable.", {}]}, '472': {'Retries': 0, 'Restarts': 0, 'SiteHistory': ['Unknown', 'T2_UK_London_IC', 'T2_UK_London_IC'], 'ResidentSetSize': [757932], 'SubmitTimes': [1772161727.0], 'StartTimes': [1772164420.0], 'EndTimes': [1772168382.0], 'TotalUserCpuTimeHistory': [4526], 'TotalSysCpuTimeHistory': [831], 'WallDurations': [9.0, 41.84561252593994, 3962.0], 'JobIds': ['141680592.0'], 'State': 'finished', 'RecordedSite': True, 'Error': [0, 'OK', {}]}, '471': {'Retries': 1, 'Restarts': 0, 'SiteHistory': ['Unknown', 'T2_TR_METU', 'T2_TR_METU', 'T2_CH_CERN', 'T2_CH_CERN'], 'ResidentSetSize': [639328, 719228], 'SubmitTimes': [1772161727.0, 1772182408.0], 'StartTimes': [1772164426.0, 1772182454.0], 'EndTimes': [1772169732.0, 1772185228.0], 'TotalUserCpuTimeHistory': [6202, 3060], 'TotalSysCpuTimeHistory': [2031, 1033], 'WallDurations': [9.0, 35.84561252593994, 5306.0, 9.0, 2774.0], 'JobIds': ['141680593.0', '141686318.0'], 'State': 'transferring', 'RecordedSite': True, 'Error': [90000, "Got recoverable stageout exception:\nStageout failed with code 1.\nThere were 3 failed/killed stageout jobs.\nFailure reasons (per document) follow:\n- dd7e82ea33a815a68c1f5638b5301ad62534c3be3171013236230ef1:\n  -----> ASO log start -----\n  ['TRANSFER [5] TRANSFER ERROR: Copy failed (3rd pull). Last attempt: copy HTTP 500 : Unexpected server error: 500 [...CUT...] Full log at https://fts3-cms.cern.ch:8449/fts3/ftsmon/#/job/56bc3948-139c-11f1-801e-fa163e9e00e6']\n  <----- ASO log finish ----\n  The last failure reason is recoverable.\n- 9974930a8584a7a5be8ffa903a1d682624b3d003f976db54920ab740:\n  -----> ASO log start -----\n  ['TRANSFER [5] TRANSFER ERROR: Copy failed (3rd pull). Last attempt: copy HTTP 500 : Unexpected server error: 500 [...CUT...] Full log at https://fts3-cms.cern.ch:8449/fts3/ftsmon/#/job/56bc3948-139c-11f1-801e-fa163e9e00e6']\n  <----- ASO log finish ----\n  The last failure reason is recoverable.\n- fd1fe0c3efd97c8fa89b612ebd6058a77b5c0222a0fb090a5f3d5e4a:\n  -----> ASO log start -----\n  ['TRANSFER [5] TRANSFER ERROR: Copy failed (3rd pull). Last attempt: copy HTTP 500 : Unexpected server error: 500 [...CUT...] Full log at https://fts3-cms.cern.ch:8449/fts3/ftsmon/#/job/56bc3948-139c-11f1-801e-fa163e9e00e6']\n  <----- ASO log finish ----\n  The last failure reason is recoverable.", {}]}, '468': {'Retries': 2, 'Restarts': 0, 'SiteHistory': ['Unknown', 'T2_FR_IPHC', 'T2_FR_IPHC', 'T2_TR_METU', 'T2_TR_METU', 'Unknown', 'T2_CH_CERN', 'T2_CH_CERN'], 'ResidentSetSize': [665532, 732464, 440552], 'SubmitTimes': [1772161727.0, 1772169788.0, 1772189490.0], 'StartTimes': [1772164420.0, 1772169891.0, 1772189560.0], 'EndTimes': [1772166112.0, 1772174944.0, 1772192764.0], 'TotalUserCpuTimeHistory': [2055, 5876, 3286], 'TotalSysCpuTimeHistory': [625, 2002, 1001], 'WallDurations': [9.0, 41.84561252593994, 1692.0, 8.0, 5053.0, 8.0, 297.9253373146057, 3204.0], 'JobIds': ['141680594.0', '141681685.0', '141695122.0'], 'State': 'transferring', 'RecordedSite': True, 'Error': [90000, "Got recoverable stageout exception:\nStageout failed with code 1.\nThere were 3 failed/killed stageout jobs.\nFailure reasons (per document) follow:\n- a4e142d958c63fa5b024b4eed82fc57e082d981b5195b88532d9b786:\n  -----> ASO log start -----\n  ['TRANSFER [5] TRANSFER ERROR: Copy failed (3rd pull). Last attempt: copy HTTP 500 : Unexpected server error: 500 [...CUT...] Full log at https://fts3-cms.cern.ch:8449/fts3/ftsmon/#/job/c3126854-13a8-11f1-9ac5-fa163e1db714']\n  <----- ASO log finish ----\n  The last failure reason is recoverable.\n- 9cf7e762a663660cb3ad7e6a7ca0b4c4087f1d3463fe770d19ab2a30:\n  -----> ASO log start -----\n  ['TRANSFER [5] TRANSFER ERROR: Copy failed (3rd pull). Last attempt: copy HTTP 500 : Unexpected server error: 500 [...CUT...] Full log at https://fts3-cms.cern.ch:8449/fts3/ftsmon/#/job/c3126854-13a8-11f1-9ac5-fa163e1db714']\n  <----- ASO log finish ----\n  The last failure reason is recoverable.\n- b1401fd71d90a577ba555bd0397168bb85b0fe484d6c07b50ea99783:\n  -----> ASO log start -----\n  ['TRANSFER [5] TRANSFER ERROR: Copy failed (3rd pull). Last attempt: copy HTTP 500 : Unexpected server error: 500 [...CUT...] Full log at https://fts3-cms.cern.ch:8449/fts3/ftsmon/#/job/c3126854-13a8-11f1-9ac5-fa163e1db714']\n  <----- ASO log finish ----\n  The last failure reason is recoverable.", {}]}, '470': {'Retries': 1, 'Restarts': 0, 'SiteHistory': ['Unknown', 'T2_EE_Estonia', 'T2_EE_Estonia', 'T2_EE_Estonia', 'T2_EE_Estonia'], 'ResidentSetSize': [700776, 724536], 'SubmitTimes': [1772161727.0, 1772178692.0], 'StartTimes': [1772164420.0, 1772178726.0], 'EndTimes': [1772167804.0, 1772186321.0], 'TotalUserCpuTimeHistory': [4671, 7993], 'TotalSysCpuTimeHistory': [887, 2460], 'WallDurations': [9.0, 41.84561252593994, 3384.0, 8.0, 7595.0], 'JobIds': ['141680595.0', '141685851.0'], 'State': 'transferring', 'RecordedSite': True, 'Error': [90000, "Got recoverable stageout exception:\nStageout failed with code 1.\nThere were 3 failed/killed stageout jobs.\nFailure reasons (per document) follow:\n- 31cc602e655916ffe7567e7f187f14d852227c6bba80d0cab65acc35:\n  -----> ASO log start -----\n  ['DESTINATION [110] timeout of 900s [...CUT...] Full log at https://fts3-cms.cern.ch:8449/fts3/ftsmon/#/job/ed8a63fe-1397-11f1-ac22-fa163e1db714']\n  <----- ASO log finish ----\n  The last failure reason is recoverable.\n- ea849ed3a7aa6e5a2d49d1b1296d6c919b56099359b708ceb8f60ff1:\n  -----> ASO log start -----\n  ['TRANSFER [5] TRANSFER ERROR: Copy failed (3rd pull). Last attempt: copy HTTP 500 : Unexpected server error: 500 [...CUT...] Full log at https://fts3-cms.cern.ch:8449/fts3/ftsmon/#/job/ed8a63fe-1397-11f1-ac22-fa163e1db714']\n  <----- ASO log finish ----\n  The last failure reason is recoverable.\n- f15ffa2375b124d2291187cfcc25835cac8919afd6a1e2d5ed9ae656:\n  -----> ASO log start -----\n  ['TRANSFER [5] TRANSFER ERROR: Copy failed (3rd pull). Last attempt: copy HTTP 500 : Unexpected server error: 500 [...CUT...] Full log at https://fts3-cms.cern.ch:8449/fts3/ftsmon/#/job/ed8a63fe-1397-11f1-ac22-fa163e1db714']\n  <----- ASO log finish ----\n  The last failure reason is recoverable.", {}]}, '475': {'Retries': 1, 'Restarts': 0, 'SiteHistory': ['Unknown', 'T2_IT_Rome', 'T2_IT_Rome', 'T2_CH_CSCS', 'T2_CH_CSCS'], 'ResidentSetSize': [595452, 710500], 'SubmitTimes': [1772161727.0, 1772172975.0], 'StartTimes': [1772164420.0, 1772173014.0], 'EndTimes': [1772167504.0, 1772175228.0], 'TotalUserCpuTimeHistory': [4926, 2430], 'TotalSysCpuTimeHistory': [648, 434], 'WallDurations': [9.0, 41.84561252593994, 3084.0, 9.0, 2214.0], 'JobIds': ['141680596.0', '141682493.0'], 'State': 'finished', 'RecordedSite': True, 'Error': [0, 'OK', {}]}, '465': {'Retries': 1, 'Restarts': 0, 'SiteHistory': ['Unknown', 'T2_HU_Budapest', 'T2_HU_Budapest', 'T2_DE_RWTH', 'T2_DE_RWTH'], 'ResidentSetSize': [691156, 3675548], 'SubmitTimes': [1772161727.0, 1772173738.0], 'StartTimes': [1772164418.0, 1772173768.0], 'EndTimes': [1772168255.0, 1772182809.0], 'TotalUserCpuTimeHistory': [5420, 11610], 'TotalSysCpuTimeHistory': [1118, 4181], 'WallDurations': [8.0, 43.84561252593994, 3837.0, 10.0, 9041.0], 'JobIds': ['141680597.0', '141683374.0'], 'State': 'finished', 'RecordedSite': True, 'Error': [0, 'OK', {}]}, '473': {'Retries': 1, 'Restarts': 0, 'SiteHistory': ['Unknown', 'T2_RU_JINR', 'T2_RU_JINR', 'T2_DE_RWTH', 'T2_DE_RWTH'], 'ResidentSetSize': [2194484, 721532], 'SubmitTimes': [1772161727.0, 1772171327.0], 'StartTimes': [1772164420.0, 1772171586.0], 'EndTimes': [1772167651.0, 1772179751.0], 'TotalUserCpuTimeHistory': [4401, 10369], 'TotalSysCpuTimeHistory': [1146, 3371], 'WallDurations': [9.0, 41.84561252593994, 3231.0, 9.0, 8165.0], 'JobIds': ['141680598.0', '141681909.0'], 'State': 'finished', 'RecordedSite': True, 'Error': [0, 'OK', {}]}, '477': {'Retries': 2, 'Restarts': 0, 'SiteHistory': ['Unknown', 'T2_FR_IPHC', 'T2_FR_IPHC', 'T2_BE_IIHE', 'T2_BE_IIHE', 'Unknown', 'T2_CH_CERN', 'T2_CH_CERN'], 'ResidentSetSize': [653600, 660252, 607560], 'SubmitTimes': [1772161727.0, 1772165222.0, 1772189450.0], 'StartTimes': [1772164419.0, 1772165244.0, 1772189560.0], 'EndTimes': [1772165156.0, 1772167682.0, 1772192686.0], 'TotalUserCpuTimeHistory': [858, 3008, 3214], 'TotalSysCpuTimeHistory': [462, 876, 1004], 'WallDurations': [8.0, 42.84561252593994, 737.0, 9.0, 2438.0, 10.0, 297.9253373146057, 3126.0], 'JobIds': ['141680599.0', '141681180.0', '141695109.0'], 'State': 'transferring', 'RecordedSite': True, 'Error': [90000, "Got recoverable stageout exception:\nStageout failed with code 1.\nThere were 3 failed/killed stageout jobs.\nFailure reasons (per document) follow:\n- 66794ee7558f5fe681a9bc52855295bbd40be795041a9a72806b1a05:\n  -----> ASO log start -----\n  ['TRANSFER [5] TRANSFER ERROR: Copy failed (3rd pull). Last attempt: copy HTTP 500 : Unexpected server error: 500 [...CUT...] Full log at https://fts3-cms.cern.ch:8449/fts3/ftsmon/#/job/edbfa38e-1397-11f1-9504-fa163e6c8d57']\n  <----- ASO log finish ----\n  The last failure reason is recoverable.\n- 698423029e2649fc054110a1e3283cd532ced03469132004993abc2c:\n  -----> ASO log start -----\n  ['TRANSFER [5] TRANSFER ERROR: Copy failed (3rd pull). Last attempt: copy HTTP 500 : Unexpected server error: 500 [...CUT...] Full log at https://fts3-cms.cern.ch:8449/fts3/ftsmon/#/job/edbfa38e-1397-11f1-9504-fa163e6c8d57']\n  <----- ASO log finish ----\n  The last failure reason is recoverable.\n- 4aa7e2b276752ae1d54cdc313b12692478616ec2a3eebaa340d943c6:\n  -----> ASO log start -----\n  ['TRANSFER [5] TRANSFER ERROR: Copy failed (3rd pull). Last attempt: copy HTTP 500 : Unexpected server error: 500 [...CUT...] Full log at https://fts3-cms.cern.ch:8449/fts3/ftsmon/#/job/edbfa38e-1397-11f1-9504-fa163e6c8d57']\n  <----- ASO log finish ----\n  The last failure reason is recoverable.", {}]}, '483': {'Retries': 1, 'Restarts': 0, 'SiteHistory': ['Unknown', 'T2_RU_JINR', 'T2_RU_JINR', 'Unknown', 'T2_CH_CERN', 'T2_CH_CERN'], 'ResidentSetSize': [3680664, 577308], 'SubmitTimes': [1772161727.0, 1772173325.0], 'StartTimes': [1772164420.0, 1772173592.0], 'EndTimes': [1772167848.0, 1772174710.0], 'TotalUserCpuTimeHistory': [4034, 1808], 'TotalSysCpuTimeHistory': [973, 257], 'WallDurations': [9.0, 41.84561252593994, 3428.0, 9.0, 235.68663930892944, 1118.0], 'JobIds': ['141680600.0', '141683348.0'], 'State': 'transferring', 'RecordedSite': True, 'Error': [90000, "Got recoverable stageout exception:\nStageout failed with code 1.\nThere were 3 failed/killed stageout jobs.\nFailure reasons (per document) follow:\n- 37083acb28bad53058780601e981ba1b96dc7e29e1263f1d98c26353:\n  -----> ASO log start -----\n  ['TRANSFER [5] TRANSFER ERROR: Copy failed (3rd pull). Last attempt: copy HTTP 500 : Unexpected server error: 500 [...CUT...] Full log at https://fts3-cms.cern.ch:8449/fts3/ftsmon/#/job/eda3899c-1397-11f1-9378-fa163e5dc706']\n  <----- ASO log finish ----\n  The last failure reason is recoverable.\n- 36cab5ca280f5ed0f02916f7691832461357a9836b10a14f79d5ce18:\n  -----> ASO log start -----\n  ['TRANSFER [5] TRANSFER ERROR: Copy failed (3rd pull). Last attempt: copy HTTP 500 : Unexpected server error: 500 [...CUT...] Full log at https://fts3-cms.cern.ch:8449/fts3/ftsmon/#/job/eda3899c-1397-11f1-9378-fa163e5dc706']\n  <----- ASO log finish ----\n  The last failure reason is recoverable.\n- c67b3f7796e92bf9ff52dd34a8d485bca965deca945915e5e3762d9a:\n  -----> ASO log start -----\n  ['TRANSFER [5] TRANSFER ERROR: Copy failed (3rd pull). Last attempt: copy HTTP 500 : Unexpected server error: 500 [...CUT...] Full log at https://fts3-cms.cern.ch:8449/fts3/ftsmon/#/job/eda3899c-1397-11f1-9378-fa163e5dc706']\n  <----- ASO log finish ----\n  The last failure reason is recoverable.", {}]}, '474': {'Retries': 1, 'Restarts': 0, 'SiteHistory': ['Unknown', 'T2_TR_METU', 'T2_TR_METU', 'T2_CH_CERN', 'T2_CH_CERN'], 'ResidentSetSize': [688168, 676092], 'SubmitTimes': [1772161732.0, 1772182205.0], 'StartTimes': [1772164422.0, 1772182248.0], 'EndTimes': [1772171322.0, 1772183984.0], 'TotalUserCpuTimeHistory': [6776, 2734], 'TotalSysCpuTimeHistory': [2257, 422], 'WallDurations': [11.0, 39.84561252593994, 6900.0, 8.0, 1736.0], 'JobIds': ['141680601.0', '141686293.0'], 'State': 'transferring', 'RecordedSite': True, 'Error': [90000, "Got recoverable stageout exception:\nStageout failed with code 1.\nThere were 3 failed/killed stageout jobs.\nFailure reasons (per document) follow:\n- 0f1c75cc59bef6f3b6ee404fe2c39c536805612a6f8fedfc9973e022:\n  -----> ASO log start -----\n  ['TRANSFER [5] TRANSFER ERROR: Copy failed (3rd pull). Last attempt: copy HTTP 500 : Unexpected server error: 500 [...CUT...] Full log at https://fts3-cms.cern.ch:8449/fts3/ftsmon/#/job/021a12b2-13a0-11f1-b5e4-fa163e5dc706']\n  <----- ASO log finish ----\n  The last failure reason is recoverable.\n- 34dab52f4389d340ea4af35a7f7cff3ee3490692e3d43165bf3dd525:\n  -----> ASO log start -----\n  ['TRANSFER [5] TRANSFER ERROR: Copy failed (3rd pull). Last attempt: copy HTTP 500 : Unexpected server error: 500 [...CUT...] Full log at https://fts3-cms.cern.ch:8449/fts3/ftsmon/#/job/021a12b2-13a0-11f1-b5e4-fa163e5dc706']\n  <----- ASO log finish ----\n  The last failure reason is recoverable.\n- a456a0250f8ca8343178ac7f5fd33403f26ec44745c4e2929b752184:\n  -----> ASO log start -----\n  ['TRANSFER [5] TRANSFER ERROR: Copy failed (3rd pull). Last attempt: copy HTTP 500 : Unexpected server error: 500 [...CUT...] Full log at https://fts3-cms.cern.ch:8449/fts3/ftsmon/#/job/021a12b2-13a0-11f1-b5e4-fa163e5dc706']\n  <----- ASO log finish ----\n  The last failure reason is recoverable.", {}]}, '482': {'Retries': 1, 'Restarts': 0, 'SiteHistory': ['Unknown', 'T2_PT_NCG_Lisbon', 'T2_PT_NCG_Lisbon', 'Unknown', 'T2_IT_Rome', 'T2_IT_Rome'], 'ResidentSetSize': [681720, 602368], 'SubmitTimes': [1772161732.0, 1772170907.0], 'StartTimes': [1772164420.0, 1772171107.0], 'EndTimes': [1772167234.0, 1772173671.0], 'TotalUserCpuTimeHistory': [3767, 3581], 'TotalSysCpuTimeHistory': [785, 647], 'WallDurations': [9.0, 41.84561252593994, 2814.0, 9.0, 219.53299283981323, 2564.0], 'JobIds': ['141680602.0', '141681857.0'], 'State': 'transferring', 'RecordedSite': True, 'Error': [90000, "Got recoverable stageout exception:\nStageout failed with code 1.\nThere were 3 failed/killed stageout jobs.\nFailure reasons (per document) follow:\n- 947a6df21edfb0640b56d48e0cf04c9569cd4ce6699f37f0794c2e6d:\n  -----> ASO log start -----\n  ['TRANSFER [5] TRANSFER ERROR: Copy failed (3rd pull). Last attempt: copy HTTP 500 : Unexpected server error: 500 [...CUT...] Full log at https://fts3-cms.cern.ch:8449/fts3/ftsmon/#/job/31204328-1397-11f1-9cee-fa163e9e00e6']\n  <----- ASO log finish ----\n  The last failure reason is recoverable.\n- aceba580615716d163a27c98eeafe4d78ed6dccb100f52d182c34d07:\n  -----> ASO log start -----\n  ['TRANSFER [5] TRANSFER ERROR: Copy failed (3rd pull). Last attempt: copy HTTP 500 : Unexpected server error: 500 [...CUT...] Full log at https://fts3-cms.cern.ch:8449/fts3/ftsmon/#/job/31204328-1397-11f1-9cee-fa163e9e00e6']\n  <----- ASO log finish ----\n  The last failure reason is recoverable.\n- 22eddec58e45dd2b3fb7c8ece0d98bc0c379802c65f68fddd3663f87:\n  -----> ASO log start -----\n  ['TRANSFER [5] TRANSFER ERROR: Copy failed (3rd pull). Last attempt: copy HTTP 500 : Unexpected server error: 500 [...CUT...] Full log at https://fts3-cms.cern.ch:8449/fts3/ftsmon/#/job/31204328-1397-11f1-9cee-fa163e9e00e6']\n  <----- ASO log finish ----\n  The last failure reason is recoverable.", {}]}, '476': {'Retries': 0, 'Restarts': 0, 'SiteHistory': ['Unknown', 'T3_KR_KNU', 'T3_KR_KNU'], 'ResidentSetSize': [896908], 'SubmitTimes': [1772161732.0], 'StartTimes': [1772164428.0], 'EndTimes': [1772168488.0], 'TotalUserCpuTimeHistory': [5598], 'TotalSysCpuTimeHistory': [1941], 'WallDurations': [9.0, 33.84561252593994, 4060.0], 'JobIds': ['141680603.0'], 'State': 'finished', 'RecordedSite': True, 'Error': [0, 'OK', {}]}, '481': {'Retries': 2, 'Restarts': 0, 'SiteHistory': ['Unknown', 'T3_KR_KNU', 'T3_KR_KNU', 'Unknown', 'T2_IT_Rome', 'T2_IT_Rome', 'T2_UK_London_IC', 'T2_UK_London_IC'], 'ResidentSetSize': [712416, 622908, 643808], 'SubmitTimes': [1772161732.0, 1772171914.0, 1772187475.0], 'StartTimes': [1772164428.0, 1772172151.0, 1772187594.0], 'EndTimes': [1772168242.0, 1772174728.0, 1772190978.0], 'TotalUserCpuTimeHistory': [5215, 3877, 4006], 'TotalSysCpuTimeHistory': [1758, 761, 1126], 'WallDurations': [9.0, 33.84561252593994, 3814.0, 9.0, 110.89829468727112, 2577.0, 9.0, 3384.0], 'JobIds': ['141680604.0', '141681956.0', '141694074.0'], 'State': 'failed', 'RecordedSite': True, 'Error': [90000, "Got recoverable stageout exception:\nStageout failed with code 1.\nThere were 1 failed/killed stageout jobs.\nFailure reasons (per document) follow:\n- 8750d2c606a59e657361584970e1a4b50a81f14d485de9e778fe64b0:\n  -----> ASO log start -----\n  ['TRANSFER [112] TRANSFER ERROR: Copy failed (3rd pull). Last attempt: copy HTTP 400 : Server Error [...CUT...] Full log at https://fts3-cms.cern.ch:8449/fts3/ftsmon/#/job/23a40a22-13ce-11f1-be0c-fa163e9e00e6']\n  <----- ASO log finish ----\n  The last failure reason is recoverable.", {}]}, '478': {'Retries': 0, 'Restarts': 0, 'SiteHistory': ['Unknown', 'T3_KR_KNU', 'T3_KR_KNU'], 'ResidentSetSize': [714808], 'SubmitTimes': [1772161732.0], 'StartTimes': [1772164430.0], 'EndTimes': [1772168989.0], 'TotalUserCpuTimeHistory': [6586], 'TotalSysCpuTimeHistory': [1670], 'WallDurations': [9.0, 31.84561252593994, 4559.0], 'JobIds': ['141680605.0'], 'State': 'finished', 'RecordedSite': True, 'Error': [0, 'OK', {}]}, '480': {'Retries': 2, 'Restarts': 0, 'SiteHistory': ['Unknown', 'T2_TR_METU', 'T2_TR_METU', 'T2_CH_CSCS', 'T2_CH_CSCS', 'T2_CH_CERN', 'T2_CH_CERN'], 'ResidentSetSize': [760368, 657792, 614364], 'SubmitTimes': [1772161732.0, 1772181174.0, 1772190614.0], 'StartTimes': [1772164420.0, 1772181187.0, 1772190724.0], 'EndTimes': [1772170286.0, 1772183271.0, 1772193954.0], 'TotalUserCpuTimeHistory': [6678, 2556, 3272], 'TotalSysCpuTimeHistory': [2324, 711, 1079], 'WallDurations': [10.0, 41.84561252593994, 5866.0, 9.0, 2084.0, 9.0, 3230.0], 'JobIds': ['141680606.0', '141686152.0', '141695516.0'], 'State': 'transferring', 'RecordedSite': True, 'Error': [90000, "Got recoverable stageout exception:\nStageout failed with code 1.\nThere were 1 failed/killed stageout jobs.\nFailure reasons (per document) follow:\n- 9eab22514367f4cfa96a0bcee0115e6ad5b30255823e4db59055cc1c:\n  -----> ASO log start -----\n  ['DESTINATION [5] HTTP 500 : Unexpected server error: 500 [...CUT...] Full log at https://fts3-cms.cern.ch:8449/fts3/ftsmon/#/job/d680f348-13bb-11f1-b447-fa163e4409e3']\n  <----- ASO log finish ----\n  The last failure reason is recoverable.", {}]}, '479': {'Retries': 1, 'Restarts': 0, 'SiteHistory': ['Unknown', 'T2_TR_METU', 'T2_TR_METU', 'T2_US_UCSD', 'T2_US_UCSD'], 'ResidentSetSize': [638152, 662612], 'SubmitTimes': [1772161732.0, 1772180524.0], 'StartTimes': [1772164421.0, 1772180555.0], 'EndTimes': [1772169639.0, 1772183483.0], 'TotalUserCpuTimeHistory': [5851, 3640], 'TotalSysCpuTimeHistory': [2006, 845], 'WallDurations': [10.0, 40.84561252593994, 5218.0, 9.0, 2928.0], 'JobIds': ['141680607.0', '141686057.0'], 'State': 'finished', 'RecordedSite': True, 'Error': [0, 'OK', {}]}, '484': {'Retries': 1, 'Restarts': 0, 'SiteHistory': ['Unknown', 'T2_TR_METU', 'T2_TR_METU', 'Unknown', 'T2_UA_KIPT', 'T2_UA_KIPT'], 'ResidentSetSize': [638700, 729144], 'SubmitTimes': [1772161732.0, 1772181682.0], 'StartTimes': [1772164420.0, 1772181742.0], 'EndTimes': [1772170800.0, 1772184530.0], 'TotalUserCpuTimeHistory': [6824, 3915], 'TotalSysCpuTimeHistory': [2358, 729], 'WallDurations': [11.0, 41.84561252593994, 6380.0, 9.0, 284.6591250896454, 2788.0], 'JobIds': ['141680608.0', '141686218.0'], 'State': 'finished', 'RecordedSite': True, 'Error': [0, 'OK', {}]}, '485': {'Retries': 1, 'Restarts': 0, 'SiteHistory': ['Unknown', 'T2_TR_METU', 'T2_TR_METU', 'T2_CH_CERN', 'T2_CH_CERN'], 'ResidentSetSize': [636596, 666568], 'SubmitTimes': [1772161732.0, 1772183286.0], 'StartTimes': [1772164420.0, 1772183328.0], 'EndTimes': [1772170598.0, 1772185622.0], 'TotalUserCpuTimeHistory': [6294, 2630], 'TotalSysCpuTimeHistory': [2045, 888], 'WallDurations': [11.0, 41.84561252593994, 6178.0, 9.0, 2294.0], 'JobIds': ['141680609.0', '141686399.0'], 'State': 'transferring', 'RecordedSite': True, 'Error': [90000, "Got recoverable stageout exception:\nStageout failed with code 1.\nThere were 3 failed/killed stageout jobs.\nFailure reasons (per document) follow:\n- 9798052a4cc72dc0f6aab70dfcb390addb675b3ca055f0b40ca187b9:\n  -----> ASO log start -----\n  ['TRANSFER [5] TRANSFER ERROR: Copy failed (3rd pull). Last attempt: copy HTTP 500 : Unexpected server error: 500 [...CUT...] Full log at https://fts3-cms.cern.ch:8449/fts3/ftsmon/#/job/8a7f5e48-139e-11f1-92f8-fa163e172462']\n  <----- ASO log finish ----\n  The last failure reason is recoverable.\n- bfb3633e72059d2d11da108afd61755998476ee79cd7a007dafeed0b:\n  -----> ASO log start -----\n  ['TRANSFER [5] TRANSFER ERROR: Copy failed (3rd pull). Last attempt: copy HTTP 500 : Unexpected server error: 500 [...CUT...] Full log at https://fts3-cms.cern.ch:8449/fts3/ftsmon/#/job/8a7f5e48-139e-11f1-92f8-fa163e172462']\n  <----- ASO log finish ----\n  The last failure reason is recoverable.\n- ed99c6e40abff5308e13ffa4298db0228a8e8a4a699b571be221917a:\n  -----> ASO log start -----\n  ['TRANSFER [5] TRANSFER ERROR: Copy failed (3rd pull). Last attempt: copy HTTP 500 : Unexpected server error: 500 [...CUT...] Full log at https://fts3-cms.cern.ch:8449/fts3/ftsmon/#/job/8a7f5e48-139e-11f1-92f8-fa163e172462']\n  <----- ASO log finish ----\n  The last failure reason is recoverable.", {}]}, '486': {'Retries': 1, 'Restarts': 0, 'SiteHistory': ['Unknown', 'T2_TR_METU', 'T2_TR_METU', 'T2_CH_CERN', 'T2_CH_CERN'], 'ResidentSetSize': [643448, 650196], 'SubmitTimes': [1772161732.0, 1772180689.0], 'StartTimes': [1772164422.0, 1772180736.0], 'EndTimes': [1772169808.0, 1772182994.0], 'TotalUserCpuTimeHistory': [6350, 2654], 'TotalSysCpuTimeHistory': [2079, 862], 'WallDurations': [9.0, 39.84561252593994, 5386.0, 8.0, 2258.0], 'JobIds': ['141680610.0', '141686082.0'], 'State': 'transferring', 'RecordedSite': True, 'Error': [90000, "Got recoverable stageout exception:\nStageout failed with code 1.\nThere were 3 failed/killed stageout jobs.\nFailure reasons (per document) follow:\n- 1fb090e31920d09424076216eb68fbbef01b44beb550163e34231542:\n  -----> ASO log start -----\n  ['TRANSFER [5] TRANSFER ERROR: Copy failed (3rd pull). Last attempt: copy HTTP 500 : Unexpected server error: 500 [...CUT...] Full log at https://fts3-cms.cern.ch:8449/fts3/ftsmon/#/job/12f405dc-139d-11f1-81d5-fa163e5dc706']\n  <----- ASO log finish ----\n  The last failure reason is recoverable.\n- e99f2611cf4f022a8f646a4a08cd57143377b217c42189764a27b1f8:\n  -----> ASO log start -----\n  ['TRANSFER [5] TRANSFER ERROR: Copy failed (3rd pull). Last attempt: copy HTTP 500 : Unexpected server error: 500 [...CUT...] Full log at https://fts3-cms.cern.ch:8449/fts3/ftsmon/#/job/12f405dc-139d-11f1-81d5-fa163e5dc706']\n  <----- ASO log finish ----\n  The last failure reason is recoverable.\n- c7da1b5b987b8020c2773cb994649fea18b85b0bba10dea95d8baa8a:\n  -----> ASO log start -----\n  ['TRANSFER [5] TRANSFER ERROR: Copy failed (3rd pull). Last attempt: copy HTTP 500 : Unexpected server error: 500 [...CUT...] Full log at https://fts3-cms.cern.ch:8449/fts3/ftsmon/#/job/12f405dc-139d-11f1-81d5-fa163e5dc706']\n  <----- ASO log finish ----\n  The last failure reason is recoverable.", {}]}, '487': {'Retries': 1, 'Restarts': 0, 'SiteHistory': ['Unknown', 'T3_KR_KNU', 'T3_KR_KNU', 'T2_CH_CERN', 'T2_CH_CERN'], 'ResidentSetSize': [724316, 749768], 'SubmitTimes': [1772161732.0, 1772178389.0], 'StartTimes': [1772164436.0, 1772178414.0], 'EndTimes': [1772169306.0, 1772180423.0], 'TotalUserCpuTimeHistory': [6794, 2401], 'TotalSysCpuTimeHistory': [2012, 692], 'WallDurations': [9.0, 25.84561252593994, 4870.0, 9.0, 2009.0], 'JobIds': ['141680611.0', '141685817.0'], 'State': 'transferring', 'RecordedSite': True, 'Error': [90000, "Got recoverable stageout exception:\nStageout failed with code 1.\nThere were 1 failed/killed stageout jobs.\nFailure reasons (per document) follow:\n- 54eacde89be5efb8dad63e9ec5c3ef56de9bab9d9f77c25f29f835c8:\n  -----> ASO log start -----\n  ['DESTINATION [110] timeout of 900s [...CUT...] Full log at https://fts3-cms.cern.ch:8449/fts3/ftsmon/#/job/9bdf8904-139b-11f1-b76e-fa163e6c8d57']\n  <----- ASO log finish ----\n  The last failure reason is recoverable.", {}]}, '488': {'Retries': 1, 'Restarts': 0, 'SiteHistory': ['Unknown', 'T2_TR_METU', 'T2_TR_METU', 'Unknown', 'T2_CH_CERN', 'T2_CH_CERN'], 'ResidentSetSize': [765200, 706700], 'SubmitTimes': [1772161732.0, 1772181058.0], 'StartTimes': [1772164420.0, 1772181103.0], 'EndTimes': [1772170171.0, 1772183786.0], 'TotalUserCpuTimeHistory': [6521, 3061], 'TotalSysCpuTimeHistory': [2284, 1095], 'WallDurations': [11.0, 41.84561252593994, 5751.0, 9.0, 300.79079818725586, 2683.0], 'JobIds': ['141680612.0', '141686133.0'], 'State': 'transferring', 'RecordedSite': True, 'Error': [90000, "Got recoverable stageout exception:\nStageout failed with code 1.\nThere were 3 failed/killed stageout jobs.\nFailure reasons (per document) follow:\n- bc95dfcca39130cbf8ab85fde028591dc0b12ef442688a7b829eca1a:\n  -----> ASO log start -----\n  ['TRANSFER [5] TRANSFER ERROR: Copy failed (3rd pull). Last attempt: copy HTTP 500 : Unexpected server error: 500 [...CUT...] Full log at https://fts3-cms.cern.ch:8449/fts3/ftsmon/#/job/ce2266c8-139d-11f1-801e-fa163e9e00e6']\n  <----- ASO log finish ----\n  The last failure reason is recoverable.\n- bfd848f7dab5a95c15eb7829920c07ef29c4c7596058c3cb12efc0e0:\n  -----> ASO log start -----\n  ['TRANSFER [5] TRANSFER ERROR: Copy failed (3rd pull). Last attempt: copy HTTP 500 : Unexpected server error: 500 [...CUT...] Full log at https://fts3-cms.cern.ch:8449/fts3/ftsmon/#/job/ce2266c8-139d-11f1-801e-fa163e9e00e6']\n  <----- ASO log finish ----\n  The last failure reason is recoverable.\n- c0df0e2567e6a1c751d6980b1950e776e8aa0c08088187f02a131314:\n  -----> ASO log start -----\n  ['TRANSFER [5] TRANSFER ERROR: Copy failed (3rd pull). Last attempt: copy HTTP 500 : Unexpected server error: 500 [...CUT...] Full log at https://fts3-cms.cern.ch:8449/fts3/ftsmon/#/job/ce2266c8-139d-11f1-801e-fa163e9e00e6']\n  <----- ASO log finish ----\n  The last failure reason is recoverable.", {}]}, '489': {'Retries': 1, 'Restarts': 0, 'SiteHistory': ['Unknown', 'T2_TR_METU', 'T2_TR_METU', 'T2_CH_CERN', 'T2_CH_CERN'], 'ResidentSetSize': [645036, 659468], 'SubmitTimes': [1772161732.0, 1772181485.0], 'StartTimes': [1772164420.0, 1772181588.0], 'EndTimes': [1772170599.0, 1772183482.0], 'TotalUserCpuTimeHistory': [6346, 2299], 'TotalSysCpuTimeHistory': [2071, 661], 'WallDurations': [11.0, 41.84561252593994, 6179.0, 9.0, 1894.0], 'JobIds': ['141680613.0', '141686193.0'], 'State': 'transferring', 'RecordedSite': True, 'Error': [90000, "Got recoverable stageout exception:\nStageout failed with code 1.\nThere were 3 failed/killed stageout jobs.\nFailure reasons (per document) follow:\n- 82fcd55d48fd70754fb41c9bf957958f7b59defaad6d626b26611c7c:\n  -----> ASO log start -----\n  ['TRANSFER [5] TRANSFER ERROR: Copy failed (3rd pull). Last attempt: copy HTTP 500 : Unexpected server error: 500 [...CUT...] Full log at https://fts3-cms.cern.ch:8449/fts3/ftsmon/#/job/8a7f5e48-139e-11f1-92f8-fa163e172462']\n  <----- ASO log finish ----\n  The last failure reason is recoverable.\n- ef0f3c80bb04dbcf88f5d7515c41ca24a3d28f4b438b1bde2d3ed8fb:\n  -----> ASO log start -----\n  ['TRANSFER [5] TRANSFER ERROR: Copy failed (3rd pull). Last attempt: copy HTTP 500 : Unexpected server error: 500 [...CUT...] Full log at https://fts3-cms.cern.ch:8449/fts3/ftsmon/#/job/8a7f5e48-139e-11f1-92f8-fa163e172462']\n  <----- ASO log finish ----\n  The last failure reason is recoverable.\n- 92b91553336de30ab6e34da1ebc2cd378c00d96a8d7f6b114ac5aa6b:\n  -----> ASO log start -----\n  ['TRANSFER [5] TRANSFER ERROR: Copy failed (3rd pull). Last attempt: copy HTTP 500 : Unexpected server error: 500 [...CUT...] Full log at https://fts3-cms.cern.ch:8449/fts3/ftsmon/#/job/8a7f5e48-139e-11f1-92f8-fa163e172462']\n  <----- ASO log finish ----\n  The last failure reason is recoverable.", {}]}, '490': {'Retries': 2, 'Restarts': 0, 'SiteHistory': ['Unknown', 'T2_TR_METU', 'T2_TR_METU', 'Unknown', 'T3_KR_KNU', 'T3_KR_KNU', 'T2_BE_IIHE', 'T2_BE_IIHE'], 'ResidentSetSize': [3668800, 718872, 618976], 'SubmitTimes': [1772161732.0, 1772173824.0, 1772180649.0], 'StartTimes': [1772164420.0, 1772173841.0, 1772180693.0], 'EndTimes': [1772168345.0, 1772176916.0, 1772182048.0], 'TotalUserCpuTimeHistory': [3680, 4217, 1699], 'TotalSysCpuTimeHistory': [774, 1316, 466], 'WallDurations': [10.0, 41.84561252593994, 3925.0, 8.0, 302.5283052921295, 3075.0, 9.0, 1355.0], 'JobIds': ['141680614.0', '141683382.0', '141686075.0'], 'State': 'transferring', 'RecordedSite': True, 'Error': [90000, "Got recoverable stageout exception:\nStageout failed with code 1.\nThere were 1 failed/killed stageout jobs.\nFailure reasons (per document) follow:\n- bf9c8b6eb834c9c533a14cbb42a922e110a5c49acac92b5a786aea0b:\n  -----> ASO log start -----\n  ['TRANSFER [112] TRANSFER ERROR: Copy failed (3rd pull). Last attempt: copy HTTP 400 : Server Error [...CUT...] Full log at https://fts3-cms.cern.ch:8449/fts3/ftsmon/#/job/2bc9fc96-13ad-11f1-a104-fa163eaa97bf']\n  <----- ASO log finish ----\n  The last failure reason is recoverable.", {}]}, '491': {'Retries': 1, 'Restarts': 0, 'SiteHistory': ['Unknown', 'T2_TR_METU', 'T2_TR_METU', 'T2_CH_CERN', 'T2_CH_CERN'], 'ResidentSetSize': [3649676, 630664], 'SubmitTimes': [1772161732.0, 1772180659.0], 'StartTimes': [1772164420.0, 1772180736.0], 'EndTimes': [1772169776.0, 1772183985.0], 'TotalUserCpuTimeHistory': [5366, 3237], 'TotalSysCpuTimeHistory': [1565, 1015], 'WallDurations': [10.0, 41.84561252593994, 5356.0, 8.0, 3249.0], 'JobIds': ['141680615.0', '141686078.0'], 'State': 'transferring', 'RecordedSite': True, 'Error': [90000, "Got recoverable stageout exception:\nStageout failed with code 1.\nThere were 3 failed/killed stageout jobs.\nFailure reasons (per document) follow:\n- 659e5198a907c5d484622e6c1fce24044ea46c598c3ccd90f4f3fa97:\n  -----> ASO log start -----\n  ['TRANSFER [5] TRANSFER ERROR: Copy failed (3rd pull). Last attempt: copy HTTP 500 : Unexpected server error: 500 [...CUT...] Full log at https://fts3-cms.cern.ch:8449/fts3/ftsmon/#/job/12f405dc-139d-11f1-81d5-fa163e5dc706']\n  <----- ASO log finish ----\n  The last failure reason is recoverable.\n- d937c52e0a9d46941f0c337084d72ca67f9fe29d810e96e9aeb9d3eb:\n  -----> ASO log start -----\n  ['TRANSFER [5] TRANSFER ERROR: Copy failed (3rd pull). Last attempt: copy HTTP 500 : Unexpected server error: 500 [...CUT...] Full log at https://fts3-cms.cern.ch:8449/fts3/ftsmon/#/job/12f405dc-139d-11f1-81d5-fa163e5dc706']\n  <----- ASO log finish ----\n  The last failure reason is recoverable.\n- 145ae380db7787e16c17e82d88a24c1a1f4713d864b3f3070c836f22:\n  -----> ASO log start -----\n  ['TRANSFER [5] TRANSFER ERROR: Copy failed (3rd pull). Last attempt: copy HTTP 500 : Unexpected server error: 500 [...CUT...] Full log at https://fts3-cms.cern.ch:8449/fts3/ftsmon/#/job/12f405dc-139d-11f1-81d5-fa163e5dc706']\n  <----- ASO log finish ----\n  The last failure reason is recoverable.", {}]}, '492': {'Retries': 1, 'Restarts': 0, 'SiteHistory': ['Unknown', 'T3_KR_KNU', 'T3_KR_KNU', 'T2_CH_CERN', 'T2_CH_CERN'], 'ResidentSetSize': [725164, 663268], 'SubmitTimes': [1772161732.0, 1772171724.0], 'StartTimes': [1772164437.0, 1772171928.0], 'EndTimes': [1772168053.0, 1772173791.0], 'TotalUserCpuTimeHistory': [5136, 2228], 'TotalSysCpuTimeHistory': [1147, 721], 'WallDurations': [8.0, 24.84561252593994, 3616.0, 8.0, 1863.0], 'JobIds': ['141680616.0', '141681940.0'], 'State': 'transferring', 'RecordedSite': True, 'Error': [90000, "Got recoverable stageout exception:\nStageout failed with code 1.\nThere were 2 failed/killed stageout jobs.\nFailure reasons (per document) follow:\n- 26c3ecf76a9e6a9b76cdee905522bede241cb239a67e2a78c39bb8aa:\n  -----> ASO log start -----\n  ['TRANSFER [112] TRANSFER ERROR: Copy failed (3rd pull). Last attempt: copy HTTP 400 : Server Error [...CUT...] Full log at https://fts3-cms.cern.ch:8449/fts3/ftsmon/#/job/a92a5858-1398-11f1-b97c-fa163e1db714']\n  <----- ASO log finish ----\n  The last failure reason is recoverable.\n- a2560c7f483685183d4e688f6076737678261721653027b962b38a86:\n  -----> ASO log start -----\n  ['TRANSFER [112] TRANSFER ERROR: Copy failed (3rd pull). Last attempt: copy HTTP 400 : Server Error [...CUT...] Full log at https://fts3-cms.cern.ch:8449/fts3/ftsmon/#/job/a92a5858-1398-11f1-b97c-fa163e1db714']\n  <----- ASO log finish ----\n  The last failure reason is recoverable.", {}]}, '493': {'Retries': 0, 'Restarts': 0, 'SiteHistory': ['Unknown', 'T3_KR_KNU', 'T3_KR_KNU'], 'ResidentSetSize': [705304], 'SubmitTimes': [1772161732.0], 'StartTimes': [1772164429.0], 'EndTimes': [1772168554.0], 'TotalUserCpuTimeHistory': [5612], 'TotalSysCpuTimeHistory': [1925], 'WallDurations': [9.0, 32.84561252593994, 4125.0], 'JobIds': ['141680617.0'], 'State': 'finished', 'RecordedSite': True, 'Error': [0, 'OK', {}]}, '494': {'Retries': 2, 'Restarts': 0, 'SiteHistory': ['Unknown', 'T2_PT_NCG_Lisbon', 'T2_PT_NCG_Lisbon', 'T3_KR_KNU', 'T3_KR_KNU', 'T2_CH_CERN', 'T2_CH_CERN'], 'ResidentSetSize': [676616, 690664, 761240], 'SubmitTimes': [1772161732.0, 1772170761.0, 1772179821.0], 'StartTimes': [1772164423.0, 1772170901.0, 1772179824.0], 'EndTimes': [1772167086.0, 1772174286.0, 1772181743.0], 'TotalUserCpuTimeHistory': [3994, 4753, 2288], 'TotalSysCpuTimeHistory': [990, 1001, 667], 'WallDurations': [9.0, 38.84561252593994, 2663.0, 9.0, 3385.0, 9.0, 1919.0], 'JobIds': ['141680618.0', '141681834.0', '141685966.0'], 'State': 'transferring', 'RecordedSite': True, 'Error': [90000, "Got recoverable stageout exception:\nStageout failed with code 1.\nThere were 2 failed/killed stageout jobs.\nFailure reasons (per document) follow:\n- b5b8ab6daaa8310e0e881776ac3138cd90f448cc3d92420da124b4b4:\n  -----> ASO log start -----\n  ['DESTINATION [5] HTTP 500 : Unexpected server error: 500 [...CUT...] Full log at https://fts3-cms.cern.ch:8449/fts3/ftsmon/#/job/4c4636ac-13a7-11f1-8e8a-fa163e255442']\n  <----- ASO log finish ----\n  The last failure reason is recoverable.\n- 0b37d75b2ce5bee552ff1c1aefcf720249119e97dd5cdac514761fa0:\n  -----> ASO log start -----\n  ['DESTINATION [5] HTTP 500 : Unexpected server error: 500 [...CUT...] Full log at https://fts3-cms.cern.ch:8449/fts3/ftsmon/#/job/4c4636ac-13a7-11f1-8e8a-fa163e255442']\n  <----- ASO log finish ----\n  The last failure reason is recoverable.", {}]}, '495': {'Retries': 1, 'Restarts': 0, 'SiteHistory': ['Unknown', 'T3_KR_KNU', 'T3_KR_KNU', 'Unknown', 'T2_UK_SGrid_RALPP', 'T2_UK_SGrid_RALPP'], 'ResidentSetSize': [732716, 740516], 'SubmitTimes': [1772161732.0, 1772172346.0], 'StartTimes': [1772164428.0, 1772172626.0], 'EndTimes': [1772168673.0, 1772174461.0], 'TotalUserCpuTimeHistory': [5865, 2282], 'TotalSysCpuTimeHistory': [1971, 611], 'WallDurations': [9.0, 33.84561252593994, 4245.0, 8.0, 261.35983395576477, 1835.0], 'JobIds': ['141680619.0', '141682307.0'], 'State': 'finished', 'RecordedSite': True, 'Error': [0, 'OK', {}]}, '496': {'Retries': 0, 'Restarts': 0, 'SiteHistory': ['Unknown', 'T3_KR_KNU', 'T3_KR_KNU'], 'ResidentSetSize': [713336], 'SubmitTimes': [1772161732.0], 'StartTimes': [1772164428.0], 'EndTimes': [1772169045.0], 'TotalUserCpuTimeHistory': [6733], 'TotalSysCpuTimeHistory': [1687], 'WallDurations': [9.0, 33.84561252593994, 4617.0], 'JobIds': ['141680620.0'], 'State': 'finished', 'RecordedSite': True, 'Error': [0, 'OK', {}]}, '497': {'Retries': 0, 'Restarts': 0, 'SiteHistory': ['Unknown', 'T3_KR_KNU', 'T3_KR_KNU'], 'ResidentSetSize': [713884], 'SubmitTimes': [1772161732.0], 'StartTimes': [1772164429.0], 'EndTimes': [1772168167.0], 'TotalUserCpuTimeHistory': [5113], 'TotalSysCpuTimeHistory': [1719], 'WallDurations': [9.0, 32.84561252593994, 3738.0], 'JobIds': ['141680621.0'], 'State': 'finished', 'RecordedSite': True, 'Error': [0, 'OK', {}]}, '498': {'Retries': 2, 'Restarts': 0, 'SiteHistory': ['Unknown', 'T3_KR_KNU', 'T3_KR_KNU', 'Unknown', 'T3_KR_KNU', 'T3_KR_KNU', 'T2_TR_METU', 'T2_TR_METU'], 'ResidentSetSize': [3673524, 3679052, 699052], 'SubmitTimes': [1772161732.0, 1772171873.0, 1772181827.0], 'StartTimes': [1772164429.0, 1772172136.0, 1772181832.0], 'EndTimes': [1772168200.0, 1772176295.0, 1772186171.0], 'TotalUserCpuTimeHistory': [5107, 5692, 5076], 'TotalSysCpuTimeHistory': [1744, 1967, 1310], 'WallDurations': [9.0, 32.84561252593994, 3771.0, 8.0, 125.89829468727112, 4159.0, 8.0, 4339.0], 'JobIds': ['141680622.0', '141681952.0', '141686231.0'], 'State': 'failed', 'RecordedSite': True, 'Error': [90000, "Got recoverable stageout exception:\nStageout failed with code 1.\nThere were 3 failed/killed stageout jobs.\nFailure reasons (per document) follow:\n- 97c271282abe1f7ca3e42c53bf19bc91424b5226fd7c7e30d0f210e9:\n  -----> ASO log start -----\n  ['TRANSFER [5] TRANSFER ERROR: Copy failed (3rd pull). Last attempt: copy HTTP 500 : Unexpected server error: 500 [...CUT...] Full log at https://fts3-cms.cern.ch:8449/fts3/ftsmon/#/job/20fc6180-13c3-11f1-9187-fa163eaa97bf']\n  <----- ASO log finish ----\n  The last failure reason is recoverable.\n- a6d2712231c68ed218507c0643839c8f9bf3ebb699db94cfb2ca91dc:\n  -----> ASO log start -----\n  ['TRANSFER [5] TRANSFER ERROR: Copy failed (3rd pull). Last attempt: copy HTTP 500 : Unexpected server error: 500 [...CUT...] Full log at https://fts3-cms.cern.ch:8449/fts3/ftsmon/#/job/20fc6180-13c3-11f1-9187-fa163eaa97bf']\n  <----- ASO log finish ----\n  The last failure reason is recoverable.\n- bf7430cc27f99cb57065b0b5445c47dd64ce2635f2d7338ce914627f:\n  -----> ASO log start -----\n  ['TRANSFER [5] TRANSFER ERROR: Copy failed (3rd pull). Last attempt: copy HTTP 500 : Unexpected server error: 500 [...CUT...] Full log at https://fts3-cms.cern.ch:8449/fts3/ftsmon/#/job/20fc6180-13c3-11f1-9187-fa163eaa97bf']\n  <----- ASO log finish ----\n  The last failure reason is recoverable.", {}]}, '499': {'Retries': 0, 'Restarts': 0, 'SiteHistory': ['Unknown', 'T3_KR_KNU', 'T3_KR_KNU'], 'ResidentSetSize': [693256], 'SubmitTimes': [1772161732.0], 'StartTimes': [1772164435.0], 'EndTimes': [1772169587.0], 'TotalUserCpuTimeHistory': [7116], 'TotalSysCpuTimeHistory': [2166], 'WallDurations': [8.0, 26.84561252593994, 5152.0], 'JobIds': ['141680623.0'], 'State': 'finished', 'RecordedSite': True, 'Error': [0, 'OK', {}]}, '500': {'Retries': 0, 'Restarts': 0, 'SiteHistory': ['Unknown', 'T3_KR_KNU', 'T3_KR_KNU'], 'ResidentSetSize': [708352], 'SubmitTimes': [1772161732.0], 'StartTimes': [1772164429.0], 'EndTimes': [1772168285.0], 'TotalUserCpuTimeHistory': [5286], 'TotalSysCpuTimeHistory': [1730], 'WallDurations': [8.0, 32.84561252593994, 3856.0], 'JobIds': ['141680624.0'], 'State': 'finished', 'RecordedSite': True, 'Error': [0, 'OK', {}]}, '501': {'Retries': 1, 'Restarts': 0, 'SiteHistory': ['Unknown', 'T3_KR_KNU', 'T3_KR_KNU', 'Unknown', 'T2_BE_IIHE', 'T2_BE_IIHE'], 'ResidentSetSize': [697404, 620784], 'SubmitTimes': [1772161732.0, 1772172437.0], 'StartTimes': [1772164429.0, 1772172637.0], 'EndTimes': [1772168764.0, 1772173916.0], 'TotalUserCpuTimeHistory': [5845, 1637], 'TotalSysCpuTimeHistory': [2045, 454], 'WallDurations': [8.0, 32.84561252593994, 4335.0, 8.0, 250.35983395576477, 1279.0], 'JobIds': ['141680625.0', '141682317.0'], 'State': 'transferring', 'RecordedSite': True, 'Error': [90000, "Got recoverable stageout exception:\nStageout failed with code 1.\nThere were 1 failed/killed stageout jobs.\nFailure reasons (per document) follow:\n- ca3237d4ad6a75836d55e69b6677f1ac6fb7caed9afee7df2d0e0ffc:\n  -----> ASO log start -----\n  ['TRANSFER [112] TRANSFER ERROR: Copy failed (3rd pull). Last attempt: copy HTTP 400 : Server Error [...CUT...] Full log at https://fts3-cms.cern.ch:8449/fts3/ftsmon/#/job/23bbb016-139a-11f1-a739-fa163e255442']\n  <----- ASO log finish ----\n  The last failure reason is recoverable.", {}]}, '502': {'Retries': 0, 'Restarts': 0, 'SiteHistory': ['Unknown', 'T3_KR_KNU', 'T3_KR_KNU'], 'ResidentSetSize': [705604], 'SubmitTimes': [1772161732.0], 'StartTimes': [1772164429.0], 'EndTimes': [1772168977.0], 'TotalUserCpuTimeHistory': [6250], 'TotalSysCpuTimeHistory': [2201], 'WallDurations': [8.0, 32.84561252593994, 4548.0], 'JobIds': ['141680626.0'], 'State': 'finished', 'RecordedSite': True, 'Error': [0, 'OK', {}]}, '507': {'Retries': 2, 'Restarts': 0, 'SiteHistory': ['Unknown', 'T3_KR_KNU', 'T3_KR_KNU', 'Unknown', 'T2_FR_IPHC', 'T2_FR_IPHC', 'T2_CH_CERN', 'T2_CH_CERN'], 'ResidentSetSize': [1517056, 799696, 576172], 'SubmitTimes': [1772161732.0, 1772172059.0, 1772200266.0], 'StartTimes': [1772164429.0, 1772172576.0, 1772200306.0], 'EndTimes': [1772168387.0, 1772174911.0], 'TotalUserCpuTimeHistory': [5532, 2845, 997.0], 'TotalSysCpuTimeHistory': [1845, 944, 518.0], 'WallDurations': [9.0, 32.84561252593994, 3958.0, 308.0, 311.35983395576477, 2335.0, 10.0, 911.0], 'JobIds': ['141680627.0', '141682270.0', '141706336.0'], 'State': 'running', 'RecordedSite': True, 'Error': [90000, "Got recoverable stageout exception:\nStageout failed with code 1.\nThere were 3 failed/killed stageout jobs.\nFailure reasons (per document) follow:\n- 254e4d38e3035f28cdccdfb32fabe5334423677567702f0439fd7add:\n  -----> ASO log start -----\n  ['TRANSFER [5] TRANSFER ERROR: Copy failed (3rd pull). Last attempt: copy HTTP 500 : Unexpected server error: 500 [...CUT...] Full log at https://fts3-cms.cern.ch:8449/fts3/ftsmon/#/job/c2e1328e-13a8-11f1-ad6f-fa163e1db714']\n  <----- ASO log finish ----\n  The last failure reason is recoverable.\n- 25b6982823193cc8464c221239cf8b7b8d0aaf70b3fc1d2b50a6705a:\n  -----> ASO log start -----\n  ['TRANSFER [5] TRANSFER ERROR: Copy failed (3rd pull). Last attempt: copy HTTP 500 : Unexpected server error: 500 [...CUT...] Full log at https://fts3-cms.cern.ch:8449/fts3/ftsmon/#/job/c2e1328e-13a8-11f1-ad6f-fa163e1db714']\n  <----- ASO log finish ----\n  The last failure reason is recoverable.\n- 658914e7a6f809c4d8b3605d1887de56a053139304665fb30bee2dd7:\n  -----> ASO log start -----\n  ['TRANSFER [5] TRANSFER ERROR: Copy failed (3rd pull). Last attempt: copy HTTP 500 : Unexpected server error: 500 [...CUT...] Full log at https://fts3-cms.cern.ch:8449/fts3/ftsmon/#/job/c2e1328e-13a8-11f1-ad6f-fa163e1db714']\n  <----- ASO log finish ----\n  The last failure reason is recoverable.", {}]}, '515': {'Retries': 2, 'Restarts': 0, 'SiteHistory': ['Unknown', 'T3_KR_KNU', 'T3_KR_KNU', 'T2_DE_RWTH', 'T2_DE_RWTH', 'T2_CH_CERN', 'T2_CH_CERN'], 'ResidentSetSize': [674436, 718556, 2051608], 'SubmitTimes': [1772161732.0, 1772174327.0, 1772180786.0], 'StartTimes': [1772164434.0, 1772174345.0, 1772180884.0], 'EndTimes': [1772168855.0, 1772177054.0, 1772182246.0], 'TotalUserCpuTimeHistory': [6066, 3761, 2202], 'TotalSysCpuTimeHistory': [1788, 552, 287], 'WallDurations': [10.0, 27.84561252593994, 4421.0, 8.0, 2709.0, 8.0, 1362.0], 'JobIds': ['141680628.0', '141685375.0', '141686101.0'], 'State': 'transferring', 'RecordedSite': True, 'Error': [90000, "Got recoverable stageout exception:\nStageout failed with code 1.\nThere were 1 failed/killed stageout jobs.\nFailure reasons (per document) follow:\n- 63a3fc000b77dd0442319f81a503e40f72926d85bdb9942401cbe5e5:\n  -----> ASO log start -----\n  ['DESTINATION [5] HTTP 500 : Unexpected server error: 500 [...CUT...] Full log at https://fts3-cms.cern.ch:8449/fts3/ftsmon/#/job/e7a4e804-13ad-11f1-9cc0-fa163e255442']\n  <----- ASO log finish ----\n  The last failure reason is recoverable.", {}]}, '505': {'Retries': 1, 'Restarts': 0, 'SiteHistory': ['Unknown', 'T2_RU_JINR', 'T2_RU_JINR', 'Unknown', 'T2_FR_IPHC', 'T2_FR_IPHC'], 'ResidentSetSize': [3680940, 719372], 'SubmitTimes': [1772161732.0, 1772173072.0], 'StartTimes': [1772164422.0, 1772173386.0], 'EndTimes': [1772167595.0, 1772176065.0], 'TotalUserCpuTimeHistory': [3773, 3176], 'TotalSysCpuTimeHistory': [967, 1126], 'WallDurations': [8.0, 39.84561252593994, 3173.0, 8.0, 127.95208525657654, 2679.0], 'JobIds': ['141680629.0', '141682541.0'], 'State': 'transferring', 'RecordedSite': True, 'Error': [90000, "Got recoverable stageout exception:\nStageout failed with code 1.\nThere were 3 failed/killed stageout jobs.\nFailure reasons (per document) follow:\n- add65cc42f2d28a39a6d64bd685c58acf760d37c63ce8e75df037c48:\n  -----> ASO log start -----\n  ['TRANSFER [5] TRANSFER ERROR: Copy failed (3rd pull). Last attempt: copy HTTP 500 : Unexpected server error: 500 [...CUT...] Full log at https://fts3-cms.cern.ch:8449/fts3/ftsmon/#/job/eda3899c-1397-11f1-9378-fa163e5dc706']\n  <----- ASO log finish ----\n  The last failure reason is recoverable.\n- c609a528f2417b02af20ee2a9d94057263a826a93982a3237c8dd0e5:\n  -----> ASO log start -----\n  ['TRANSFER [5] TRANSFER ERROR: Copy failed (3rd pull). Last attempt: copy HTTP 500 : Unexpected server error: 500 [...CUT...] Full log at https://fts3-cms.cern.ch:8449/fts3/ftsmon/#/job/eda3899c-1397-11f1-9378-fa163e5dc706']\n  <----- ASO log finish ----\n  The last failure reason is recoverable.\n- 9c1e1d1d4be5d91e5c85591a1c828ab3ba9bb28bc056bd2bc97082c7:\n  -----> ASO log start -----\n  ['TRANSFER [5] TRANSFER ERROR: Copy failed (3rd pull). Last attempt: copy HTTP 500 : Unexpected server error: 500 [...CUT...] Full log at https://fts3-cms.cern.ch:8449/fts3/ftsmon/#/job/eda3899c-1397-11f1-9378-fa163e5dc706']\n  <----- ASO log finish ----\n  The last failure reason is recoverable.", {}]}, '522': {'Retries': 2, 'Restarts': 0, 'SiteHistory': ['Unknown', 'T2_RU_JINR', 'T2_RU_JINR', 'Unknown', 'T2_US_Nebraska', 'T2_US_Nebraska', 'T2_CH_CERN', 'T2_CH_CERN'], 'ResidentSetSize': [2195260, 683696, 695564], 'SubmitTimes': [1772161732.0, 1772173072.0, 1772181416.0], 'StartTimes': [1772164420.0, 1772173398.0, 1772181430.0], 'EndTimes': [1772167600.0, 1772175881.0, 1772185231.0], 'TotalUserCpuTimeHistory': [4366, 3668, 5069], 'TotalSysCpuTimeHistory': [1141, 787, 1096], 'WallDurations': [10.0, 41.84561252593994, 3180.0, 9.0, 115.95208525657654, 2483.0, 8.0, 3801.0], 'JobIds': ['141680630.0', '141682542.0', '141686187.0'], 'State': 'transferring', 'RecordedSite': True, 'Error': [90000, "Got recoverable stageout exception:\nStageout failed with code 1.\nThere were 1 failed/killed stageout jobs.\nFailure reasons (per document) follow:\n- 6a88478b23217510081eab9fb1583a3e9d0c4b5a3051918fe61983b7:\n  -----> ASO log start -----\n  ['DESTINATION [5] HTTP 500 : Unexpected server error: 500 [...CUT...] Full log at https://fts3-cms.cern.ch:8449/fts3/ftsmon/#/job/f6b6392c-13aa-11f1-8c2c-fa163e65d4d2']\n  <----- ASO log finish ----\n  The last failure reason is recoverable.", {}]}, '519': {'Retries': 1, 'Restarts': 0, 'SiteHistory': ['Unknown', 'T2_TR_METU', 'T2_TR_METU', 'T2_UK_SGrid_RALPP', 'T2_UK_SGrid_RALPP'], 'ResidentSetSize': [720004, 748148], 'SubmitTimes': [1772161732.0, 1772176185.0], 'StartTimes': [1772164422.0, 1772176307.0], 'EndTimes': [1772168913.0, 1772178180.0], 'TotalUserCpuTimeHistory': [3654, 2336], 'TotalSysCpuTimeHistory': [724, 636], 'WallDurations': [9.0, 39.84561252593994, 4491.0, 10.0, 1873.0], 'JobIds': ['141680631.0', '141685530.0'], 'State': 'finished', 'RecordedSite': True, 'Error': [0, 'OK', {}]}, '508': {'Retries': 1, 'Restarts': 0, 'SiteHistory': ['Unknown', 'T2_TR_METU', 'T2_TR_METU', 'T2_CH_CERN', 'T2_CH_CERN'], 'ResidentSetSize': [890028, 665900], 'SubmitTimes': [1772161732.0, 1772181280.0], 'StartTimes': [1772164420.0, 1772181297.0], 'EndTimes': [1772170395.0, 1772183326.0], 'TotalUserCpuTimeHistory': [6886, 2412], 'TotalSysCpuTimeHistory': [2361, 765], 'WallDurations': [11.0, 41.84561252593994, 5975.0, 8.0, 2029.0], 'JobIds': ['141680632.0', '141686165.0'], 'State': 'transferring', 'RecordedSite': True, 'Error': [90000, "Got recoverable stageout exception:\nStageout failed with code 1.\nThere were 3 failed/killed stageout jobs.\nFailure reasons (per document) follow:\n- 7d5fa1f17745325e3cc6256480b7aacf5b453266c1548e2515eac5ad:\n  -----> ASO log start -----\n  ['TRANSFER [5] TRANSFER ERROR: Copy failed (3rd pull). Last attempt: copy HTTP 500 : Unexpected server error: 500 [...CUT...] Full log at https://fts3-cms.cern.ch:8449/fts3/ftsmon/#/job/8a7f5e48-139e-11f1-92f8-fa163e172462']\n  <----- ASO log finish ----\n  The last failure reason is recoverable.\n- d052752ed91f50983a0fc57b14252c9ce08b2688ea2acea32df4e7a9:\n  -----> ASO log start -----\n  ['TRANSFER [5] TRANSFER ERROR: Copy failed (3rd pull). Last attempt: copy HTTP 500 : Unexpected server error: 500 [...CUT...] Full log at https://fts3-cms.cern.ch:8449/fts3/ftsmon/#/job/8a7f5e48-139e-11f1-92f8-fa163e172462']\n  <----- ASO log finish ----\n  The last failure reason is recoverable.\n- 925b85a318d256bd0caf6465ef70a46360d7819061052c488b426313:\n  -----> ASO log start -----\n  ['TRANSFER [5] TRANSFER ERROR: Copy failed (3rd pull). Last attempt: copy HTTP 500 : Unexpected server error: 500 [...CUT...] Full log at https://fts3-cms.cern.ch:8449/fts3/ftsmon/#/job/8a7f5e48-139e-11f1-92f8-fa163e172462']\n  <----- ASO log finish ----\n  The last failure reason is recoverable.", {}]}, '512': {'Retries': 1, 'Restarts': 0, 'SiteHistory': ['Unknown', 'T2_TR_METU', 'T2_TR_METU', 'Unknown', 'T2_CH_CERN', 'T2_CH_CERN'], 'ResidentSetSize': [641988, 678456], 'SubmitTimes': [1772161733.0, 1772180754.0], 'StartTimes': [1772164420.0, 1772180884.0], 'EndTimes': [1772169875.0, 1772182934.0], 'TotalUserCpuTimeHistory': [6305, 2470], 'TotalSysCpuTimeHistory': [2279, 707], 'WallDurations': [11.0, 41.84561252593994, 5455.0, 8.0, 207.6185383796692, 2050.0], 'JobIds': ['141680633.0', '141686094.0'], 'State': 'transferring', 'RecordedSite': True, 'Error': [90000, "Got recoverable stageout exception:\nStageout failed with code 1.\nThere were 3 failed/killed stageout jobs.\nFailure reasons (per document) follow:\n- 99690093f1ddacaa5ae38a346cbfa45d8cdab41b93a1dc26b9235535:\n  -----> ASO log start -----\n  ['TRANSFER [5] TRANSFER ERROR: Copy failed (3rd pull). Last attempt: copy HTTP 500 : Unexpected server error: 500 [...CUT...] Full log at https://fts3-cms.cern.ch:8449/fts3/ftsmon/#/job/12f405dc-139d-11f1-81d5-fa163e5dc706']\n  <----- ASO log finish ----\n  The last failure reason is recoverable.\n- 151edcbb40cccbab92215109aee370c4d3def510fd31bfe2baa1f00c:\n  -----> ASO log start -----\n  ['TRANSFER [5] TRANSFER ERROR: Copy failed (3rd pull). Last attempt: copy HTTP 500 : Unexpected server error: 500 [...CUT...] Full log at https://fts3-cms.cern.ch:8449/fts3/ftsmon/#/job/12f405dc-139d-11f1-81d5-fa163e5dc706']\n  <----- ASO log finish ----\n  The last failure reason is recoverable.\n- faed5842fd98d83907b5b8fd081dd9ddd749289fb851f3cfd2195586:\n  -----> ASO log start -----\n  ['TRANSFER [5] TRANSFER ERROR: Copy failed (3rd pull). Last attempt: copy HTTP 500 : Unexpected server error: 500 [...CUT...] Full log at https://fts3-cms.cern.ch:8449/fts3/ftsmon/#/job/12f405dc-139d-11f1-81d5-fa163e5dc706']\n  <----- ASO log finish ----\n  The last failure reason is recoverable.", {}]}, '521': {'Retries': 3, 'Restarts': 1, 'SiteHistory': ['Unknown', 'T2_TR_METU', 'T2_TR_METU', 'T2_US_Florida', 'T2_US_Florida', 'Unknown', 'T2_TR_METU', 'Unknown', 'T2_CH_CSCS', 'T2_CH_CSCS'], 'ResidentSetSize': [3669052, 688456, 3669236, 683924], 'SubmitTimes': [1772161733.0, 1772180100.0, -1, 1772195973.0], 'StartTimes': [1772164422.0, 1772180119.0, 1772182344.0, 1772196164.0], 'EndTimes': [1772169218.0, 1772182252.0, 1772185024.0, 1772198430.0], 'TotalUserCpuTimeHistory': [4504, 1788.0, 5493, 2425], 'TotalSysCpuTimeHistory': [950, 131.0, 981, 482], 'WallDurations': [8.0, 39.84561252593994, 4796.0, 10.0, 2133.0, 0, 2680.0, 9.0, 266.9495027065277, 2266.0], 'JobIds': ['141680634.0', '141686010.0', '141686010.0', '141700820.0'], 'State': 'transferring', 'RecordedSite': True, 'Error': [90000, "Got recoverable stageout exception:\nStageout failed with code 1.\nThere were 3 failed/killed stageout jobs.\nFailure reasons (per document) follow:\n- 9ac90c94f4ef0234be4999e917e14ba0e3729c502c027104e4700969:\n  -----> ASO log start -----\n  ['TRANSFER [5] TRANSFER ERROR: Copy failed (3rd pull). Last attempt: copy HTTP 500 : Unexpected server error: 500 [...CUT...] Full log at https://fts3-cms.cern.ch:8449/fts3/ftsmon/#/job/354af32a-13c0-11f1-94de-fa163e5dc706']\n  <----- ASO log finish ----\n  The last failure reason is recoverable.\n- a2dc9f599d46bb85a2d93fbaf9aeab8418ad8206cce622138282af9e:\n  -----> ASO log start -----\n  ['TRANSFER [5] TRANSFER ERROR: Copy failed (3rd pull). Last attempt: copy HTTP 500 : Unexpected server error: 500 [...CUT...] Full log at https://fts3-cms.cern.ch:8449/fts3/ftsmon/#/job/354af32a-13c0-11f1-94de-fa163e5dc706']\n  <----- ASO log finish ----\n  The last failure reason is recoverable.\n- 91bc2a8392991765f901b4b246650bfd5b0d62bb37e2fad031787dc0:\n  -----> ASO log start -----\n  ['TRANSFER [5] TRANSFER ERROR: Copy failed (3rd pull). Last attempt: copy HTTP 500 : Unexpected server error: 500 [...CUT...] Full log at https://fts3-cms.cern.ch:8449/fts3/ftsmon/#/job/354af32a-13c0-11f1-94de-fa163e5dc706']\n  <----- ASO log finish ----\n  The last failure reason is recoverable.", {}]}, '516': {'Retries': 1, 'Restarts': 0, 'SiteHistory': ['Unknown', 'T2_TR_METU', 'T2_TR_METU', 'T2_CH_CERN', 'T2_CH_CERN'], 'ResidentSetSize': [648176, 730040], 'SubmitTimes': [1772161733.0, 1772181411.0], 'StartTimes': [1772164420.0, 1772181429.0], 'EndTimes': [1772170525.0, 1772183700.0], 'TotalUserCpuTimeHistory': [6276, 2711], 'TotalSysCpuTimeHistory': [2092, 827], 'WallDurations': [11.0, 41.84561252593994, 6105.0, 9.0, 2271.0], 'JobIds': ['141680635.0', '141686185.0'], 'State': 'transferring', 'RecordedSite': True, 'Error': [90000, "Got recoverable stageout exception:\nStageout failed with code 1.\nThere were 3 failed/killed stageout jobs.\nFailure reasons (per document) follow:\n- 5c8c4e792e047f01acbac4f659fe950143bcee28981412283c49ba41:\n  -----> ASO log start -----\n  ['TRANSFER [5] TRANSFER ERROR: Copy failed (3rd pull). Last attempt: copy HTTP 500 : Unexpected server error: 500 [...CUT...] Full log at https://fts3-cms.cern.ch:8449/fts3/ftsmon/#/job/8a7f5e48-139e-11f1-92f8-fa163e172462']\n  <----- ASO log finish ----\n  The last failure reason is recoverable.\n- 3a76ef7b874e50af20aca865eb4ee881bdb796eeb31f577812555aeb:\n  -----> ASO log start -----\n  ['TRANSFER [5] TRANSFER ERROR: Copy failed (3rd pull). Last attempt: copy HTTP 500 : Unexpected server error: 500 [...CUT...] Full log at https://fts3-cms.cern.ch:8449/fts3/ftsmon/#/job/8a7f5e48-139e-11f1-92f8-fa163e172462']\n  <----- ASO log finish ----\n  The last failure reason is recoverable.\n- 90fdaaf769336aa080621402691c0e6430f62956cf8b48c9ad39b9c5:\n  -----> ASO log start -----\n  ['TRANSFER [5] TRANSFER ERROR: Copy failed (3rd pull). Last attempt: copy HTTP 500 : Unexpected server error: 500 [...CUT...] Full log at https://fts3-cms.cern.ch:8449/fts3/ftsmon/#/job/8a7f5e48-139e-11f1-92f8-fa163e172462']\n  <----- ASO log finish ----\n  The last failure reason is recoverable.", {}]}, '513': {'Retries': 2, 'Restarts': 0, 'SiteHistory': ['Unknown', 'T2_PT_NCG_Lisbon', 'T2_PT_NCG_Lisbon', 'Unknown', 'T3_KR_KNU', 'T3_KR_KNU', 'T2_CH_CERN', 'T2_CH_CERN'], 'ResidentSetSize': [660344, 782280, 3657772], 'SubmitTimes': [1772161733.0, 1772170917.0, 1772180388.0], 'StartTimes': [1772164420.0, 1772171269.0, 1772180415.0], 'EndTimes': [1772167240.0, 1772174854.0, 1772182996.0], 'TotalUserCpuTimeHistory': [4252, 4821, 2956], 'TotalSysCpuTimeHistory': [1049, 1620, 1009], 'WallDurations': [9.0, 41.84561252593994, 2820.0, 8.0, 57.53299283981323, 3585.0, 9.0, 2581.0], 'JobIds': ['141680636.0', '141681862.0', '141686044.0'], 'State': 'transferring', 'RecordedSite': True, 'Error': [90000, "Got recoverable stageout exception:\nStageout failed with code 1.\nThere were 1 failed/killed stageout jobs.\nFailure reasons (per document) follow:\n- 8a973afe66092b7797f1454d7dd13ed7f96a02721cb3c8ce9ef6c9d5:\n  -----> ASO log start -----\n  ['DESTINATION [5] HTTP 500 : Unexpected server error: 500 [...CUT...] Full log at https://fts3-cms.cern.ch:8449/fts3/ftsmon/#/job/c2c7e694-13a8-11f1-80e3-fa163e4409e3']\n  <----- ASO log finish ----\n  The last failure reason is recoverable.", {}]}, '523': {'Retries': 1, 'Restarts': 0, 'SiteHistory': ['Unknown', 'T2_TR_METU', 'T2_TR_METU', 'Unknown', 'T2_CH_CERN', 'T2_CH_CERN'], 'ResidentSetSize': [639500, 678288], 'SubmitTimes': [1772161733.0, 1772180769.0], 'StartTimes': [1772164420.0, 1772180884.0], 'EndTimes': [1772169881.0, 1772182163.0], 'TotalUserCpuTimeHistory': [6423, 2070], 'TotalSysCpuTimeHistory': [2090, 260], 'WallDurations': [11.0, 41.84561252593994, 5461.0, 8.0, 207.6185383796692, 1279.0], 'JobIds': ['141680637.0', '141686096.0'], 'State': 'transferring', 'RecordedSite': True, 'Error': [90000, "Got recoverable stageout exception:\nStageout failed with code 1.\nThere were 3 failed/killed stageout jobs.\nFailure reasons (per document) follow:\n- 316f413ba2da5910089916fe501fce1d222a29d67db762f96ade47cf:\n  -----> ASO log start -----\n  ['TRANSFER [5] TRANSFER ERROR: Copy failed (3rd pull). Last attempt: copy HTTP 500 : Unexpected server error: 500 [...CUT...] Full log at https://fts3-cms.cern.ch:8449/fts3/ftsmon/#/job/12f405dc-139d-11f1-81d5-fa163e5dc706']\n  <----- ASO log finish ----\n  The last failure reason is recoverable.\n- 1003d83d5789411be1c41df745c9c618161633035017d67b09b71469:\n  -----> ASO log start -----\n  ['TRANSFER [5] TRANSFER ERROR: Copy failed (3rd pull). Last attempt: copy HTTP 500 : Unexpected server error: 500 [...CUT...] Full log at https://fts3-cms.cern.ch:8449/fts3/ftsmon/#/job/12f405dc-139d-11f1-81d5-fa163e5dc706']\n  <----- ASO log finish ----\n  The last failure reason is recoverable.\n- 79dac45a1e6dd4a0560d9d484649d7d942bd9a4cc4997ecf45d72c21:\n  -----> ASO log start -----\n  ['TRANSFER [5] TRANSFER ERROR: Copy failed (3rd pull). Last attempt: copy HTTP 500 : Unexpected server error: 500 [...CUT...] Full log at https://fts3-cms.cern.ch:8449/fts3/ftsmon/#/job/12f405dc-139d-11f1-81d5-fa163e5dc706']\n  <----- ASO log finish ----\n  The last failure reason is recoverable.", {}]}, '518': {'Retries': 1, 'Restarts': 0, 'SiteHistory': ['Unknown', 'T2_TR_METU', 'T2_TR_METU', 'T2_TR_METU', 'T2_TR_METU'], 'ResidentSetSize': [639620, 716044], 'SubmitTimes': [1772161733.0, 1772183199.0], 'StartTimes': [1772164420.0, 1772183215.0], 'EndTimes': [1772170507.0, 1772186329.0], 'TotalUserCpuTimeHistory': [6243, 4254], 'TotalSysCpuTimeHistory': [2002, 1006], 'WallDurations': [9.0, 41.84561252593994, 6087.0, 9.0, 3114.0], 'JobIds': ['141680638.0', '141686387.0'], 'State': 'transferring', 'RecordedSite': True, 'Error': [90000, "Got recoverable stageout exception:\nStageout failed with code 1.\nThere were 3 failed/killed stageout jobs.\nFailure reasons (per document) follow:\n- ef5ec2514a29449fb13d36e714da27d2b393b0e106f4f197d7b8ab83:\n  -----> ASO log start -----\n  ['TRANSFER [5] TRANSFER ERROR: Copy failed (3rd pull). Last attempt: copy HTTP 500 : Unexpected server error: 500 [...CUT...] Full log at https://fts3-cms.cern.ch:8449/fts3/ftsmon/#/job/8a7f5e48-139e-11f1-92f8-fa163e172462']\n  <----- ASO log finish ----\n  The last failure reason is recoverable.\n- c0559c6ee7c739e3918d68187a7011632a61c40b5b687cb960e2ee5e:\n  -----> ASO log start -----\n  ['TRANSFER [5] TRANSFER ERROR: Copy failed (3rd pull). Last attempt: copy HTTP 500 : Unexpected server error: 500 [...CUT...] Full log at https://fts3-cms.cern.ch:8449/fts3/ftsmon/#/job/8a7f5e48-139e-11f1-92f8-fa163e172462']\n  <----- ASO log finish ----\n  The last failure reason is recoverable.\n- fb679c81cce00308513e322b701bb67ea6fee65ee646047b8888b0bc:\n  -----> ASO log start -----\n  ['TRANSFER [5] TRANSFER ERROR: Copy failed (3rd pull). Last attempt: copy HTTP 500 : Unexpected server error: 500 [...CUT...] Full log at https://fts3-cms.cern.ch:8449/fts3/ftsmon/#/job/8a7f5e48-139e-11f1-92f8-fa163e172462']\n  <----- ASO log finish ----\n  The last failure reason is recoverable.", {}]}, '514': {'Retries': 1, 'Restarts': 0, 'SiteHistory': ['Unknown', 'T2_FR_IPHC', 'T2_FR_IPHC', 'T2_US_UCSD', 'T2_US_UCSD'], 'ResidentSetSize': [911792, 685392], 'SubmitTimes': [1772161733.0, 1772165212.0], 'StartTimes': [1772164420.0, 1772165222.0], 'EndTimes': [1772165146.0, 1772167377.0], 'TotalUserCpuTimeHistory': [842, 3072], 'TotalSysCpuTimeHistory': [455, 553], 'WallDurations': [9.0, 41.84561252593994, 726.0, 9.0, 2155.0], 'JobIds': ['141680639.0', '141681178.0'], 'State': 'finished', 'RecordedSite': True, 'Error': [0, 'OK', {}]}, '509': {'Retries': 1, 'Restarts': 0, 'SiteHistory': ['Unknown', 'T2_TR_METU', 'T2_TR_METU', 'Unknown', 'T2_UK_London_IC', 'T2_UK_London_IC'], 'ResidentSetSize': [639004, 3653296], 'SubmitTimes': [1772161733.0, 1772181677.0], 'StartTimes': [1772164420.0, 1772181739.0], 'EndTimes': [1772170794.0, 1772185205.0], 'TotalUserCpuTimeHistory': [6852, 4107], 'TotalSysCpuTimeHistory': [2364, 1170], 'WallDurations': [11.0, 41.84561252593994, 6374.0, 9.0, 287.6591250896454, 3466.0], 'JobIds': ['141680640.0', '141686215.0'], 'State': 'finished', 'RecordedSite': True, 'Error': [0, 'OK', {}]}, '520': {'Retries': 1, 'Restarts': 0, 'SiteHistory': ['Unknown', 'T2_TR_METU', 'T2_TR_METU', 'T2_CH_CERN', 'T2_CH_CERN'], 'ResidentSetSize': [811952, 718384], 'SubmitTimes': [1772161733.0, 1772181123.0], 'StartTimes': [1772164420.0, 1772181171.0], 'EndTimes': [1772170240.0, 1772183768.0], 'TotalUserCpuTimeHistory': [6632, 2887], 'TotalSysCpuTimeHistory': [2303, 925], 'WallDurations': [10.0, 41.84561252593994, 5820.0, 8.0, 2597.0], 'JobIds': ['141680641.0', '141686140.0'], 'State': 'transferring', 'RecordedSite': True, 'Error': [90000, "Got recoverable stageout exception:\nStageout failed with code 1.\nThere were 3 failed/killed stageout jobs.\nFailure reasons (per document) follow:\n- 84185b8fe8a0865d397cb597cb6120fbde1a73420cd9ecad6037c6e5:\n  -----> ASO log start -----\n  ['TRANSFER [5] TRANSFER ERROR: Copy failed (3rd pull). Last attempt: copy HTTP 500 : Unexpected server error: 500 [...CUT...] Full log at https://fts3-cms.cern.ch:8449/fts3/ftsmon/#/job/ce2266c8-139d-11f1-801e-fa163e9e00e6']\n  <----- ASO log finish ----\n  The last failure reason is recoverable.\n- 7e5af1b4193dd5ea10d3a227a9e4faeaa910ef21e3ef656271621a4b:\n  -----> ASO log start -----\n  ['TRANSFER [5] TRANSFER ERROR: Copy failed (3rd pull). Last attempt: copy HTTP 500 : Unexpected server error: 500 [...CUT...] Full log at https://fts3-cms.cern.ch:8449/fts3/ftsmon/#/job/ce2266c8-139d-11f1-801e-fa163e9e00e6']\n  <----- ASO log finish ----\n  The last failure reason is recoverable.\n- a90cabd1674d60322d128c492f93091f5e700b48d7c55f51ff472c0b:\n  -----> ASO log start -----\n  ['TRANSFER [5] TRANSFER ERROR: Copy failed (3rd pull). Last attempt: copy HTTP 500 : Unexpected server error: 500 [...CUT...] Full log at https://fts3-cms.cern.ch:8449/fts3/ftsmon/#/job/ce2266c8-139d-11f1-801e-fa163e9e00e6']\n  <----- ASO log finish ----\n  The last failure reason is recoverable.", {}]}, '504': {'Retries': 1, 'Restarts': 0, 'SiteHistory': ['Unknown', 'T2_TR_METU', 'T2_TR_METU', 'T3_US_FNALLPC', 'T3_US_FNALLPC'], 'ResidentSetSize': [637796, 1626412], 'SubmitTimes': [1772161733.0, 1772185872.0], 'StartTimes': [1772164424.0, 1772185911.0], 'EndTimes': [1772171375.0, 1772189295.0], 'TotalUserCpuTimeHistory': [6874, 4831], 'TotalSysCpuTimeHistory': [2284, 861], 'WallDurations': [10.0, 37.84561252593994, 6951.0, 9.0, 3384.0], 'JobIds': ['141680642.0', '141686808.0'], 'State': 'finished', 'RecordedSite': True, 'Error': [0, 'OK', {}]}, '517': {'Retries': 1, 'Restarts': 0, 'SiteHistory': ['Unknown', 'T2_PT_NCG_Lisbon', 'T2_PT_NCG_Lisbon', 'T2_CH_CERN', 'T2_CH_CERN'], 'ResidentSetSize': [738096, 3645892], 'SubmitTimes': [1772161733.0, 1772171017.0], 'StartTimes': [1772164420.0, 1772171276.0], 'EndTimes': [1772167341.0, 1772173555.0], 'TotalUserCpuTimeHistory': [4404, 2704], 'TotalSysCpuTimeHistory': [1072, 827], 'WallDurations': [9.0, 41.84561252593994, 2921.0, 9.0, 2279.0], 'JobIds': ['141680643.0', '141681868.0'], 'State': 'transferring', 'RecordedSite': True, 'Error': [90000, "Got recoverable stageout exception:\nStageout failed with code 1.\nThere were 3 failed/killed stageout jobs.\nFailure reasons (per document) follow:\n- 0c8da0dd2f4b4f291fa7f73e278d6e27a008500f16b0a0bb89123ca7:\n  -----> ASO log start -----\n  ['TRANSFER [5] TRANSFER ERROR: Copy failed (3rd pull). Last attempt: copy HTTP 500 : Unexpected server error: 500 [...CUT...] Full log at https://fts3-cms.cern.ch:8449/fts3/ftsmon/#/job/31204328-1397-11f1-9cee-fa163e9e00e6']\n  <----- ASO log finish ----\n  The last failure reason is recoverable.\n- 47c5928635497555827c3ef7d08bf301563da6bf97e964fdf7fefee9:\n  -----> ASO log start -----\n  ['TRANSFER [5] TRANSFER ERROR: Copy failed (3rd pull). Last attempt: copy HTTP 500 : Unexpected server error: 500 [...CUT...] Full log at https://fts3-cms.cern.ch:8449/fts3/ftsmon/#/job/31204328-1397-11f1-9cee-fa163e9e00e6']\n  <----- ASO log finish ----\n  The last failure reason is recoverable.\n- fd83639af7faf93aeced1291505e9567dfa28d35aa81de245874f15f:\n  -----> ASO log start -----\n  ['TRANSFER [5] TRANSFER ERROR: Copy failed (3rd pull). Last attempt: copy HTTP 500 : Unexpected server error: 500 [...CUT...] Full log at https://fts3-cms.cern.ch:8449/fts3/ftsmon/#/job/31204328-1397-11f1-9cee-fa163e9e00e6']\n  <----- ASO log finish ----\n  The last failure reason is recoverable.", {}]}, '511': {'Retries': 1, 'Restarts': 0, 'SiteHistory': ['Unknown', 'T2_TR_METU', 'T2_TR_METU', 'T2_CH_CERN', 'T2_CH_CERN'], 'ResidentSetSize': [638824, 699404], 'SubmitTimes': [1772161733.0, 1772181617.0], 'StartTimes': [1772164420.0, 1772181641.0], 'EndTimes': [1772170740.0, 1772185352.0], 'TotalUserCpuTimeHistory': [6731, 4926], 'TotalSysCpuTimeHistory': [2330, 1237], 'WallDurations': [10.0, 41.84561252593994, 6320.0, 9.0, 3711.0], 'JobIds': ['141680644.0', '141686212.0'], 'State': 'transferring', 'RecordedSite': True, 'Error': [90000, "Got recoverable stageout exception:\nStageout failed with code 1.\nThere were 3 failed/killed stageout jobs.\nFailure reasons (per document) follow:\n- a9cceb916ded176bcbf2744dfca641d7daf3302004885b66d9b59e86:\n  -----> ASO log start -----\n  ['TRANSFER [5] TRANSFER ERROR: Copy failed (3rd pull). Last attempt: copy HTTP 500 : Unexpected server error: 500 [...CUT...] Full log at https://fts3-cms.cern.ch:8449/fts3/ftsmon/#/job/47a48b74-139f-11f1-88f9-fa163e9e00e6']\n  <----- ASO log finish ----\n  The last failure reason is recoverable.\n- d30b0d54ac046b8a903c024836f64831db4c5a080f4d5ab16c781b42:\n  -----> ASO log start -----\n  ['TRANSFER [5] TRANSFER ERROR: Copy failed (3rd pull). Last attempt: copy HTTP 500 : Unexpected server error: 500 [...CUT...] Full log at https://fts3-cms.cern.ch:8449/fts3/ftsmon/#/job/47a48b74-139f-11f1-88f9-fa163e9e00e6']\n  <----- ASO log finish ----\n  The last failure reason is recoverable.\n- 630414807f1abcd0596ed29149b0f8280890595c5cee7c1a02ba4554:\n  -----> ASO log start -----\n  ['TRANSFER [5] TRANSFER ERROR: Copy failed (3rd pull). Last attempt: copy HTTP 500 : Unexpected server error: 500 [...CUT...] Full log at https://fts3-cms.cern.ch:8449/fts3/ftsmon/#/job/47a48b74-139f-11f1-88f9-fa163e9e00e6']\n  <----- ASO log finish ----\n  The last failure reason is recoverable.", {}]}, '510': {'Retries': 1, 'Restarts': 0, 'SiteHistory': ['Unknown', 'T2_TR_METU', 'T2_TR_METU', 'T2_CH_CERN', 'T2_CH_CERN'], 'ResidentSetSize': [713620, 678756], 'SubmitTimes': [1772161733.0, 1772180679.0], 'StartTimes': [1772164422.0, 1772180736.0], 'EndTimes': [1772169797.0, 1772182976.0], 'TotalUserCpuTimeHistory': [6435, 2656], 'TotalSysCpuTimeHistory': [2089, 794], 'WallDurations': [9.0, 39.84561252593994, 5375.0, 8.0, 2240.0], 'JobIds': ['141680645.0', '141686079.0'], 'State': 'transferring', 'RecordedSite': True, 'Error': [90000, "Got recoverable stageout exception:\nStageout failed with code 1.\nThere were 3 failed/killed stageout jobs.\nFailure reasons (per document) follow:\n- 9b6cf28de21458a5e457bbf39b6b9b12ef34764400130b69045603ea:\n  -----> ASO log start -----\n  ['TRANSFER [5] TRANSFER ERROR: Copy failed (3rd pull). Last attempt: copy HTTP 500 : Unexpected server error: 500 [...CUT...] Full log at https://fts3-cms.cern.ch:8449/fts3/ftsmon/#/job/12f405dc-139d-11f1-81d5-fa163e5dc706']\n  <----- ASO log finish ----\n  The last failure reason is recoverable.\n- 104c728cc6acaea605bf5db0f1abe936f7c44062acd292845033b06d:\n  -----> ASO log start -----\n  ['TRANSFER [5] TRANSFER ERROR: Copy failed (3rd pull). Last attempt: copy HTTP 500 : Unexpected server error: 500 [...CUT...] Full log at https://fts3-cms.cern.ch:8449/fts3/ftsmon/#/job/12f405dc-139d-11f1-81d5-fa163e5dc706']\n  <----- ASO log finish ----\n  The last failure reason is recoverable.\n- fc178e2f20f17e86b0b92bd795e2fd5a57cc4d5845c418e9714e0cd0:\n  -----> ASO log start -----\n  ['TRANSFER [5] TRANSFER ERROR: Copy failed (3rd pull). Last attempt: copy HTTP 500 : Unexpected server error: 500 [...CUT...] Full log at https://fts3-cms.cern.ch:8449/fts3/ftsmon/#/job/12f405dc-139d-11f1-81d5-fa163e5dc706']\n  <----- ASO log finish ----\n  The last failure reason is recoverable.", {}]}, '506': {'Retries': 1, 'Restarts': 0, 'SiteHistory': ['Unknown', 'T2_TR_METU', 'T2_TR_METU', 'T2_CH_CERN', 'T2_CH_CERN'], 'ResidentSetSize': [890792, 656824], 'SubmitTimes': [1772161733.0, 1772181230.0], 'StartTimes': [1772164421.0, 1772181253.0], 'EndTimes': [1772170342.0, 1772183943.0], 'TotalUserCpuTimeHistory': [6695, 3011], 'TotalSysCpuTimeHistory': [2308, 996], 'WallDurations': [10.0, 40.84561252593994, 5921.0, 9.0, 2690.0], 'JobIds': ['141680646.0', '141686157.0'], 'State': 'transferring', 'RecordedSite': True, 'Error': [90000, "Got recoverable stageout exception:\nStageout failed with code 1.\nThere were 3 failed/killed stageout jobs.\nFailure reasons (per document) follow:\n- b1a1c3d1cfb61498c57618e9c7f46adf91ae7b3c6e861c7e4baaba1e:\n  -----> ASO log start -----\n  ['TRANSFER [5] TRANSFER ERROR: Copy failed (3rd pull). Last attempt: copy HTTP 500 : Unexpected server error: 500 [...CUT...] Full log at https://fts3-cms.cern.ch:8449/fts3/ftsmon/#/job/ce2266c8-139d-11f1-801e-fa163e9e00e6']\n  <----- ASO log finish ----\n  The last failure reason is recoverable.\n- 923874bdadafd87933f24619abcd6710798efb2cfc01a3c0aa963c17:\n  -----> ASO log start -----\n  ['TRANSFER [5] TRANSFER ERROR: Copy failed (3rd pull). Last attempt: copy HTTP 500 : Unexpected server error: 500 [...CUT...] Full log at https://fts3-cms.cern.ch:8449/fts3/ftsmon/#/job/ce2266c8-139d-11f1-801e-fa163e9e00e6']\n  <----- ASO log finish ----\n  The last failure reason is recoverable.\n- d46429214c0c6a2f3d5a71cd70faeaba1841f5a5052a8afb4bdae8a4:\n  -----> ASO log start -----\n  ['TRANSFER [5] TRANSFER ERROR: Copy failed (3rd pull). Last attempt: copy HTTP 500 : Unexpected server error: 500 [...CUT...] Full log at https://fts3-cms.cern.ch:8449/fts3/ftsmon/#/job/ce2266c8-139d-11f1-801e-fa163e9e00e6']\n  <----- ASO log finish ----\n  The last failure reason is recoverable.", {}]}, '524': {'Retries': 2, 'Restarts': 0, 'SiteHistory': ['Unknown', 'T2_TR_METU', 'T2_TR_METU', 'T2_TR_METU', 'T2_TR_METU', 'T2_US_Nebraska', 'T2_US_Nebraska'], 'ResidentSetSize': [673212, 689088, 668448], 'SubmitTimes': [1772161733.0, 1772183255.0, 1772195531.0], 'StartTimes': [1772164422.0, 1772183265.0, 1772195670.0], 'EndTimes': [1772170562.0, 1772186387.0, 1772198343.0], 'TotalUserCpuTimeHistory': [6275, 4345, 3514], 'TotalSysCpuTimeHistory': [2036, 1067, 562], 'WallDurations': [9.0, 39.84561252593994, 6140.0, 8.0, 3122.0, 9.0, 2673.0], 'JobIds': ['141680647.0', '141686394.0', '141699572.0'], 'State': 'transferring', 'RecordedSite': True, 'Error': [90000, "Got recoverable stageout exception:\nStageout failed with code 1.\nThere were 3 failed/killed stageout jobs.\nFailure reasons (per document) follow:\n- cdc56869fc5319c477844f6b3925d1d61cde4e8b318043583d2229e3:\n  -----> ASO log start -----\n  ['TRANSFER [5] TRANSFER ERROR: Copy failed (3rd pull). Last attempt: copy HTTP 500 : Unexpected server error: 500 [...CUT...] Full log at https://fts3-cms.cern.ch:8449/fts3/ftsmon/#/job/20fc6180-13c3-11f1-9187-fa163eaa97bf']\n  <----- ASO log finish ----\n  The last failure reason is recoverable.\n- cb78381e8a8cca82d3e7889e3b3221619b29b364cd69ae331c3eafd9:\n  -----> ASO log start -----\n  ['TRANSFER [5] TRANSFER ERROR: Copy failed (3rd pull). Last attempt: copy HTTP 500 : Unexpected server error: 500 [...CUT...] Full log at https://fts3-cms.cern.ch:8449/fts3/ftsmon/#/job/20fc6180-13c3-11f1-9187-fa163eaa97bf']\n  <----- ASO log finish ----\n  The last failure reason is recoverable.\n- eebf70de5d4eb07503d583ead48ce51304564c7e48b253b09a669cd7:\n  -----> ASO log start -----\n  ['TRANSFER [5] TRANSFER ERROR: Copy failed (3rd pull). Last attempt: copy HTTP 500 : Unexpected server error: 500 [...CUT...] Full log at https://fts3-cms.cern.ch:8449/fts3/ftsmon/#/job/20fc6180-13c3-11f1-9187-fa163eaa97bf']\n  <----- ASO log finish ----\n  The last failure reason is recoverable.", {}]}, '525': {'Retries': 2, 'Restarts': 0, 'SiteHistory': ['Unknown', 'T2_RU_JINR', 'T2_RU_JINR', 'Unknown', 'T2_TR_METU', 'T2_TR_METU', 'Unknown', 'T2_CH_CERN', 'T2_CH_CERN'], 'ResidentSetSize': [2194828, 686076, 690424], 'SubmitTimes': [1772161733.0, 1772173030.0, 1772185435.0], 'StartTimes': [1772164422.0, 1772173232.0, 1772185498.0], 'EndTimes': [1772167556.0, 1772178102.0, 1772188296.0], 'TotalUserCpuTimeHistory': [4277, 6013, 3097], 'TotalSysCpuTimeHistory': [1131, 1896, 1042], 'WallDurations': [8.0, 39.84561252593994, 3134.0, 10.0, 281.95208525657654, 4870.0, 9.0, 282.8936593532562, 2798.0], 'JobIds': ['141680648.0', '141682537.0', '141686778.0'], 'State': 'transferring', 'RecordedSite': True, 'Error': [90000, "Got recoverable stageout exception:\nStageout failed with code 1.\nThere were 3 failed/killed stageout jobs.\nFailure reasons (per document) follow:\n- 533b85d419a9b95c611480504a08ad0051dd28873eef7d97087c8c37:\n  -----> ASO log start -----\n  ['TRANSFER [5] TRANSFER ERROR: Copy failed (3rd pull). Last attempt: copy HTTP 500 : Unexpected server error: 500 [...CUT...] Full log at https://fts3-cms.cern.ch:8449/fts3/ftsmon/#/job/209a449a-13b0-11f1-93ac-fa163e4409e3']\n  <----- ASO log finish ----\n  The last failure reason is recoverable.\n- 6d8fd8f15db2b7579e7edc4bb93206d4133634b051e21d532133d414:\n  -----> ASO log start -----\n  ['TRANSFER [5] TRANSFER ERROR: Copy failed (3rd pull). Last attempt: copy HTTP 500 : Unexpected server error: 500 [...CUT...] Full log at https://fts3-cms.cern.ch:8449/fts3/ftsmon/#/job/209a449a-13b0-11f1-93ac-fa163e4409e3']\n  <----- ASO log finish ----\n  The last failure reason is recoverable.\n- adfdcf34457ccfa0d7be95d13311db7b843e7086647e21cce3a014a7:\n  -----> ASO log start -----\n  ['TRANSFER [5] TRANSFER ERROR: Copy failed (3rd pull). Last attempt: copy HTTP 500 : Unexpected server error: 500 [...CUT...] Full log at https://fts3-cms.cern.ch:8449/fts3/ftsmon/#/job/209a449a-13b0-11f1-93ac-fa163e4409e3']\n  <----- ASO log finish ----\n  The last failure reason is recoverable.", {}]}, '528': {'Retries': 1, 'Restarts': 0, 'SiteHistory': ['Unknown', 'T2_TR_METU', 'T2_TR_METU', 'T2_CH_CERN', 'T2_CH_CERN'], 'ResidentSetSize': [641588, 664420], 'SubmitTimes': [1772161733.0, 1772181469.0], 'StartTimes': [1772164422.0, 1772181588.0], 'EndTimes': [1772170584.0, 1772183033.0], 'TotalUserCpuTimeHistory': [6250, 2303], 'TotalSysCpuTimeHistory': [2031, 292], 'WallDurations': [9.0, 39.84561252593994, 6162.0, 8.0, 1445.0], 'JobIds': ['141680649.0', '141686191.0'], 'State': 'transferring', 'RecordedSite': True, 'Error': [90000, "Got recoverable stageout exception:\nStageout failed with code 1.\nThere were 3 failed/killed stageout jobs.\nFailure reasons (per document) follow:\n- c8f935388d9cc6a157c00b91c7af705fec9231697e8ae8f13b9efd18:\n  -----> ASO log start -----\n  ['TRANSFER [5] TRANSFER ERROR: Copy failed (3rd pull). Last attempt: copy HTTP 500 : Unexpected server error: 500 [...CUT...] Full log at https://fts3-cms.cern.ch:8449/fts3/ftsmon/#/job/8a7f5e48-139e-11f1-92f8-fa163e172462']\n  <----- ASO log finish ----\n  The last failure reason is recoverable.\n- 23673354e9e336ed30aa6552ba190c833fc121e7b8fbb7ec93a04a03:\n  -----> ASO log start -----\n  ['TRANSFER [5] TRANSFER ERROR: Copy failed (3rd pull). Last attempt: copy HTTP 500 : Unexpected server error: 500 [...CUT...] Full log at https://fts3-cms.cern.ch:8449/fts3/ftsmon/#/job/8a7f5e48-139e-11f1-92f8-fa163e172462']\n  <----- ASO log finish ----\n  The last failure reason is recoverable.\n- 3f5ad4808d3b0d12fcf54de00d56517b04623a0b8be52fbe54d8bd80:\n  -----> ASO log start -----\n  ['TRANSFER [5] TRANSFER ERROR: Copy failed (3rd pull). Last attempt: copy HTTP 500 : Unexpected server error: 500 [...CUT...] Full log at https://fts3-cms.cern.ch:8449/fts3/ftsmon/#/job/8a7f5e48-139e-11f1-92f8-fa163e172462']\n  <----- ASO log finish ----\n  The last failure reason is recoverable.", {}]}, '532': {'Retries': 1, 'Restarts': 0, 'SiteHistory': ['Unknown', 'T2_TR_METU', 'T2_TR_METU', 'Unknown', 'T2_CH_CERN', 'T2_CH_CERN'], 'ResidentSetSize': [761132, 624912], 'SubmitTimes': [1772161733.0, 1772180744.0], 'StartTimes': [1772164423.0, 1772180884.0], 'EndTimes': [1772169864.0, 1772183280.0], 'TotalUserCpuTimeHistory': [5485, 2763], 'TotalSysCpuTimeHistory': [1585, 882], 'WallDurations': [10.0, 38.84561252593994, 5441.0, 9.0, 207.6185383796692, 2396.0], 'JobIds': ['141680650.0', '141686092.0'], 'State': 'transferring', 'RecordedSite': True, 'Error': [90000, "Got recoverable stageout exception:\nStageout failed with code 1.\nThere were 3 failed/killed stageout jobs.\nFailure reasons (per document) follow:\n- a30fd70bd33df634760927dc9a0256d939465afa622eae5a9966c215:\n  -----> ASO log start -----\n  ['TRANSFER [5] TRANSFER ERROR: Copy failed (3rd pull). Last attempt: copy HTTP 500 : Unexpected server error: 500 [...CUT...] Full log at https://fts3-cms.cern.ch:8449/fts3/ftsmon/#/job/12f405dc-139d-11f1-81d5-fa163e5dc706']\n  <----- ASO log finish ----\n  The last failure reason is recoverable.\n- 9c35cd921f44571f8a210e5c903703a806d1373eb34ff6b6b230f453:\n  -----> ASO log start -----\n  ['TRANSFER [5] TRANSFER ERROR: Copy failed (3rd pull). Last attempt: copy HTTP 500 : Unexpected server error: 500 [...CUT...] Full log at https://fts3-cms.cern.ch:8449/fts3/ftsmon/#/job/12f405dc-139d-11f1-81d5-fa163e5dc706']\n  <----- ASO log finish ----\n  The last failure reason is recoverable.\n- b44b0d4106489b04d3b0e203b51e062ae5b86fd48ae2415f161e5046:\n  -----> ASO log start -----\n  ['TRANSFER [5] TRANSFER ERROR: Copy failed (3rd pull). Last attempt: copy HTTP 500 : Unexpected server error: 500 [...CUT...] Full log at https://fts3-cms.cern.ch:8449/fts3/ftsmon/#/job/12f405dc-139d-11f1-81d5-fa163e5dc706']\n  <----- ASO log finish ----\n  The last failure reason is recoverable.", {}]}, '527': {'Retries': 1, 'Restarts': 0, 'SiteHistory': ['Unknown', 'T2_TR_METU', 'T2_TR_METU', 'T2_CH_CERN', 'T2_CH_CERN'], 'ResidentSetSize': [746832, 653548], 'SubmitTimes': [1772161733.0, 1772181038.0], 'StartTimes': [1772164422.0, 1772181047.0], 'EndTimes': [1772170158.0, 1772182729.0], 'TotalUserCpuTimeHistory': [6537, 2054], 'TotalSysCpuTimeHistory': [2278, 587], 'WallDurations': [9.0, 39.84561252593994, 5736.0, 8.0, 1682.0], 'JobIds': ['141680651.0', '141686129.0'], 'State': 'transferring', 'RecordedSite': True, 'Error': [90000, "Got recoverable stageout exception:\nStageout failed with code 1.\nThere were 3 failed/killed stageout jobs.\nFailure reasons (per document) follow:\n- 6a5161fbdf0b47a4318d51152e02d9208779e966b4d363850a0396c4:\n  -----> ASO log start -----\n  ['TRANSFER [5] TRANSFER ERROR: Copy failed (3rd pull). Last attempt: copy HTTP 500 : Unexpected server error: 500 [...CUT...] Full log at https://fts3-cms.cern.ch:8449/fts3/ftsmon/#/job/ce2266c8-139d-11f1-801e-fa163e9e00e6']\n  <----- ASO log finish ----\n  The last failure reason is recoverable.\n- 0339c0afd380e696d9e8c0e31444f8b616a5a0bf6606d814f3cbb205:\n  -----> ASO log start -----\n  ['TRANSFER [5] TRANSFER ERROR: Copy failed (3rd pull). Last attempt: copy HTTP 500 : Unexpected server error: 500 [...CUT...] Full log at https://fts3-cms.cern.ch:8449/fts3/ftsmon/#/job/ce2266c8-139d-11f1-801e-fa163e9e00e6']\n  <----- ASO log finish ----\n  The last failure reason is recoverable.\n- 6f451af05ac7222824fe8afa4ff7eeb92a3e8fc33738c513af4b41fa:\n  -----> ASO log start -----\n  ['TRANSFER [5] TRANSFER ERROR: Copy failed (3rd pull). Last attempt: copy HTTP 500 : Unexpected server error: 500 [...CUT...] Full log at https://fts3-cms.cern.ch:8449/fts3/ftsmon/#/job/ce2266c8-139d-11f1-801e-fa163e9e00e6']\n  <----- ASO log finish ----\n  The last failure reason is recoverable.", {}]}, '526': {'Retries': 1, 'Restarts': 0, 'SiteHistory': ['Unknown', 'T2_TR_METU', 'T2_TR_METU', 'Unknown', 'T2_CH_CERN', 'T2_CH_CERN'], 'ResidentSetSize': [643724, 684860], 'SubmitTimes': [1772161733.0, 1772180770.0], 'StartTimes': [1772164423.0, 1772180885.0], 'EndTimes': [1772169886.0, 1772183102.0], 'TotalUserCpuTimeHistory': [6448, 2607], 'TotalSysCpuTimeHistory': [2105, 804], 'WallDurations': [10.0, 38.84561252593994, 5463.0, 8.0, 206.6185383796692, 2217.0], 'JobIds': ['141680652.0', '141686097.0'], 'State': 'transferring', 'RecordedSite': True, 'Error': [90000, "Got recoverable stageout exception:\nStageout failed with code 1.\nThere were 3 failed/killed stageout jobs.\nFailure reasons (per document) follow:\n- 5ccda4f10161bf371f3bd319410a6d8b9e047374302b970d8ae7316a:\n  -----> ASO log start -----\n  ['TRANSFER [5] TRANSFER ERROR: Copy failed (3rd pull). Last attempt: copy HTTP 500 : Unexpected server error: 500 [...CUT...] Full log at https://fts3-cms.cern.ch:8449/fts3/ftsmon/#/job/12f405dc-139d-11f1-81d5-fa163e5dc706']\n  <----- ASO log finish ----\n  The last failure reason is recoverable.\n- b1352c481fb4b74e7808e41e8776ce0f301fef8813c7567feeed30aa:\n  -----> ASO log start -----\n  ['TRANSFER [5] TRANSFER ERROR: Copy failed (3rd pull). Last attempt: copy HTTP 500 : Unexpected server error: 500 [...CUT...] Full log at https://fts3-cms.cern.ch:8449/fts3/ftsmon/#/job/12f405dc-139d-11f1-81d5-fa163e5dc706']\n  <----- ASO log finish ----\n  The last failure reason is recoverable.\n- fdeb45305a3ea2601d5b1b70fe5e90deecbbc077425309fe1a34e461:\n  -----> ASO log start -----\n  ['TRANSFER [5] TRANSFER ERROR: Copy failed (3rd pull). Last attempt: copy HTTP 500 : Unexpected server error: 500 [...CUT...] Full log at https://fts3-cms.cern.ch:8449/fts3/ftsmon/#/job/12f405dc-139d-11f1-81d5-fa163e5dc706']\n  <----- ASO log finish ----\n  The last failure reason is recoverable.", {}]}, '533': {'Retries': 1, 'Restarts': 0, 'SiteHistory': ['Unknown', 'T2_TR_METU', 'T2_TR_METU', 'T2_BE_IIHE', 'T2_BE_IIHE'], 'ResidentSetSize': [700220, 729460], 'SubmitTimes': [1772161733.0, 1772180023.0], 'StartTimes': [1772164422.0, 1772180058.0], 'EndTimes': [1772169142.0, 1772181357.0], 'TotalUserCpuTimeHistory': [4375, 1473], 'TotalSysCpuTimeHistory': [896, 236], 'WallDurations': [10.0, 39.84561252593994, 4720.0, 8.0, 1299.0], 'JobIds': ['141680653.0', '141686000.0'], 'State': 'transferring', 'RecordedSite': True, 'Error': [90000, "Got recoverable stageout exception:\nStageout failed with code 1.\nThere were 3 failed/killed stageout jobs.\nFailure reasons (per document) follow:\n- ceefc2eee5d57c84c02bdd328326ea0f40d6a71c9706a3ea1e108b4e:\n  -----> ASO log start -----\n  ['TRANSFER [5] TRANSFER ERROR: Copy failed (3rd pull). Last attempt: copy HTTP 500 : Unexpected server error: 500 [...CUT...] Full log at https://fts3-cms.cern.ch:8449/fts3/ftsmon/#/job/9bf93e30-139b-11f1-8a11-fa163e5dc706']\n  <----- ASO log finish ----\n  The last failure reason is recoverable.\n- abb5e6925b0b441e196bda474b3cf5ce521af2ec39fa9e68a3340748:\n  -----> ASO log start -----\n  ['TRANSFER [5] TRANSFER ERROR: Copy failed (3rd pull). Last attempt: copy HTTP 500 : Unexpected server error: 500 [...CUT...] Full log at https://fts3-cms.cern.ch:8449/fts3/ftsmon/#/job/9bf93e30-139b-11f1-8a11-fa163e5dc706']\n  <----- ASO log finish ----\n  The last failure reason is recoverable.\n- 02e1e841b8e2cff8c5718301d156fa3b254923023faae672ce006788:\n  -----> ASO log start -----\n  ['TRANSFER [5] TRANSFER ERROR: Copy failed (3rd pull). Last attempt: copy HTTP 500 : Unexpected server error: 500 [...CUT...] Full log at https://fts3-cms.cern.ch:8449/fts3/ftsmon/#/job/9bf93e30-139b-11f1-8a11-fa163e5dc706']\n  <----- ASO log finish ----\n  The last failure reason is recoverable.", {}]}, '529': {'Retries': 1, 'Restarts': 0, 'SiteHistory': ['Unknown', 'T2_TR_METU', 'T2_TR_METU', 'T2_CH_CERN', 'T2_CH_CERN'], 'ResidentSetSize': [738604, 661292], 'SubmitTimes': [1772161733.0, 1772182200.0], 'StartTimes': [1772164426.0, 1772182244.0], 'EndTimes': [1772171319.0, 1772184279.0], 'TotalUserCpuTimeHistory': [6799, 2438], 'TotalSysCpuTimeHistory': [2275, 726], 'WallDurations': [9.0, 35.84561252593994, 6893.0, 9.0, 2035.0], 'JobIds': ['141680654.0', '141686291.0'], 'State': 'transferring', 'RecordedSite': True, 'Error': [90000, "Got recoverable stageout exception:\nStageout failed with code 1.\nThere were 3 failed/killed stageout jobs.\nFailure reasons (per document) follow:\n- 1942b0ba276602ede01ff611b9e7f1fded6ed702511f9e663f4f8c0c:\n  -----> ASO log start -----\n  ['TRANSFER [5] TRANSFER ERROR: Copy failed (3rd pull). Last attempt: copy HTTP 500 : Unexpected server error: 500 [...CUT...] Full log at https://fts3-cms.cern.ch:8449/fts3/ftsmon/#/job/021a12b2-13a0-11f1-b5e4-fa163e5dc706']\n  <----- ASO log finish ----\n  The last failure reason is recoverable.\n- 77c77ab420dd3cc7e2d1a1c6ad45055fc64603797acfcea8be55ffc4:\n  -----> ASO log start -----\n  ['TRANSFER [5] TRANSFER ERROR: Copy failed (3rd pull). Last attempt: copy HTTP 500 : Unexpected server error: 500 [...CUT...] Full log at https://fts3-cms.cern.ch:8449/fts3/ftsmon/#/job/021a12b2-13a0-11f1-b5e4-fa163e5dc706']\n  <----- ASO log finish ----\n  The last failure reason is recoverable.\n- d82f45f7f085ce27c611bc8ad42e9028c34ab6ad753c69d3c8e3346a:\n  -----> ASO log start -----\n  ['TRANSFER [5] TRANSFER ERROR: Copy failed (3rd pull). Last attempt: copy HTTP 500 : Unexpected server error: 500 [...CUT...] Full log at https://fts3-cms.cern.ch:8449/fts3/ftsmon/#/job/021a12b2-13a0-11f1-b5e4-fa163e5dc706']\n  <----- ASO log finish ----\n  The last failure reason is recoverable.", {}]}, '535': {'Retries': 1, 'Restarts': 0, 'SiteHistory': ['Unknown', 'T2_TR_METU', 'T2_TR_METU', 'T2_CH_CERN', 'T2_CH_CERN'], 'ResidentSetSize': [641924, 657672], 'SubmitTimes': [1772161733.0, 1772180388.0], 'StartTimes': [1772164422.0, 1772180416.0], 'EndTimes': [1772169493.0, 1772182566.0], 'TotalUserCpuTimeHistory': [5660, 2465], 'TotalSysCpuTimeHistory': [1925, 773], 'WallDurations': [9.0, 39.84561252593994, 5071.0, 8.0, 2150.0], 'JobIds': ['141680655.0', '141686043.0'], 'State': 'transferring', 'RecordedSite': True, 'Error': [90000, "Got recoverable stageout exception:\nStageout failed with code 1.\nThere were 3 failed/killed stageout jobs.\nFailure reasons (per document) follow:\n- 131e839cb78fd2c82a27497d6318a7f77f9f1568c29d74d3f228f7d7:\n  -----> ASO log start -----\n  ['TRANSFER [5] TRANSFER ERROR: Copy failed (3rd pull). Last attempt: copy HTTP 500 : Unexpected server error: 500 [...CUT...] Full log at https://fts3-cms.cern.ch:8449/fts3/ftsmon/#/job/56bc3948-139c-11f1-801e-fa163e9e00e6']\n  <----- ASO log finish ----\n  The last failure reason is recoverable.\n- b58b424ca4ac87ede0a6ba2681d6cc89d245f5b9da955ab4ee61e41a:\n  -----> ASO log start -----\n  ['TRANSFER [5] TRANSFER ERROR: Copy failed (3rd pull). Last attempt: copy HTTP 500 : Unexpected server error: 500 [...CUT...] Full log at https://fts3-cms.cern.ch:8449/fts3/ftsmon/#/job/56bc3948-139c-11f1-801e-fa163e9e00e6']\n  <----- ASO log finish ----\n  The last failure reason is recoverable.\n- 5f80dcd3c1353b7cdfd3c45043ac805ff1a100383f5b3f351446779a:\n  -----> ASO log start -----\n  ['TRANSFER [5] TRANSFER ERROR: Copy failed (3rd pull). Last attempt: copy HTTP 500 : Unexpected server error: 500 [...CUT...] Full log at https://fts3-cms.cern.ch:8449/fts3/ftsmon/#/job/56bc3948-139c-11f1-801e-fa163e9e00e6']\n  <----- ASO log finish ----\n  The last failure reason is recoverable.", {}]}, '539': {'Retries': 1, 'Restarts': 0, 'SiteHistory': ['Unknown', 'T2_PT_NCG_Lisbon', 'T2_PT_NCG_Lisbon', 'Unknown', 'T2_CH_CERN', 'T2_CH_CERN'], 'ResidentSetSize': [686608, 3266892], 'SubmitTimes': [1772161733.0, 1772170691.0], 'StartTimes': [1772164426.0, 1772170803.0], 'EndTimes': [1772167016.0, 1772173331.0], 'TotalUserCpuTimeHistory': [3878, 2871], 'TotalSysCpuTimeHistory': [968, 968], 'WallDurations': [8.0, 35.84561252593994, 2590.0, 8.0, 205.44514417648315, 2528.0], 'JobIds': ['141680656.0', '141681818.0'], 'State': 'transferring', 'RecordedSite': True, 'Error': [90000, "Got recoverable stageout exception:\nStageout failed with code 1.\nThere were 3 failed/killed stageout jobs.\nFailure reasons (per document) follow:\n- 69d72945215b402e7df0f439cd69bc91582d98019985c8693c0e3b62:\n  -----> ASO log start -----\n  ['TRANSFER [5] TRANSFER ERROR: Copy failed (3rd pull). Last attempt: copy HTTP 500 : Unexpected server error: 500 [...CUT...] Full log at https://fts3-cms.cern.ch:8449/fts3/ftsmon/#/job/74e45974-1396-11f1-9919-fa163e9e00e6']\n  <----- ASO log finish ----\n  The last failure reason is recoverable.\n- 9f5147f5ad4fad1f3c8d0bba4b142b111cc28ec6a33bc5a35851679b:\n  -----> ASO log start -----\n  ['TRANSFER [5] TRANSFER ERROR: Copy failed (3rd pull). Last attempt: copy HTTP 500 : Unexpected server error: 500 [...CUT...] Full log at https://fts3-cms.cern.ch:8449/fts3/ftsmon/#/job/74e45974-1396-11f1-9919-fa163e9e00e6']\n  <----- ASO log finish ----\n  The last failure reason is recoverable.\n- 7b33c6db235793ba923fa25175ffe3d7de8aad4ce2d893122a6a8d98:\n  -----> ASO log start -----\n  ['TRANSFER [5] TRANSFER ERROR: Copy failed (3rd pull). Last attempt: copy HTTP 500 : Unexpected server error: 500 [...CUT...] Full log at https://fts3-cms.cern.ch:8449/fts3/ftsmon/#/job/74e45974-1396-11f1-9919-fa163e9e00e6']\n  <----- ASO log finish ----\n  The last failure reason is recoverable.", {}]}, '537': {'Retries': 1, 'Restarts': 0, 'SiteHistory': ['Unknown', 'T2_TR_METU', 'T2_TR_METU', 'Unknown', 'T2_UK_London_IC', 'T2_UK_London_IC'], 'ResidentSetSize': [641188, 739652], 'SubmitTimes': [1772161733.0, 1772181677.0], 'StartTimes': [1772164422.0, 1772181739.0], 'EndTimes': [1772170793.0, 1772183868.0], 'TotalUserCpuTimeHistory': [6818, 2524], 'TotalSysCpuTimeHistory': [2353, 258], 'WallDurations': [9.0, 39.84561252593994, 6371.0, 9.0, 287.6591250896454, 2129.0], 'JobIds': ['141680657.0', '141686216.0'], 'State': 'finished', 'RecordedSite': True, 'Error': [0, 'OK', {}]}, '540': {'Retries': 1, 'Restarts': 0, 'SiteHistory': ['Unknown', 'T2_TR_METU', 'T2_TR_METU', 'T2_CH_CERN', 'T2_CH_CERN'], 'ResidentSetSize': [696760, 712912], 'SubmitTimes': [1772161733.0, 1772180831.0], 'StartTimes': [1772164422.0, 1772180885.0], 'EndTimes': [1772169951.0, 1772185129.0], 'TotalUserCpuTimeHistory': [4629, 5367], 'TotalSysCpuTimeHistory': [993, 1254], 'WallDurations': [8.0, 39.84561252593994, 5529.0, 8.0, 4244.0], 'JobIds': ['141680658.0', '141686104.0'], 'State': 'transferring', 'RecordedSite': True, 'Error': [90000, "Got recoverable stageout exception:\nStageout failed with code 1.\nThere were 3 failed/killed stageout jobs.\nFailure reasons (per document) follow:\n- 1c115767b7fec9d135c87a5245114ecce898012993ead1d0f645e821:\n  -----> ASO log start -----\n  ['TRANSFER [5] TRANSFER ERROR: Copy failed (3rd pull). Last attempt: copy HTTP 500 : Unexpected server error: 500 [...CUT...] Full log at https://fts3-cms.cern.ch:8449/fts3/ftsmon/#/job/12f405dc-139d-11f1-81d5-fa163e5dc706']\n  <----- ASO log finish ----\n  The last failure reason is recoverable.\n- 448de7c2fd3c1670af0f7574ae7025b86b71a0d8ef1cd72cd08ff3f6:\n  -----> ASO log start -----\n  ['TRANSFER [5] TRANSFER ERROR: Copy failed (3rd pull). Last attempt: copy HTTP 500 : Unexpected server error: 500 [...CUT...] Full log at https://fts3-cms.cern.ch:8449/fts3/ftsmon/#/job/12f405dc-139d-11f1-81d5-fa163e5dc706']\n  <----- ASO log finish ----\n  The last failure reason is recoverable.\n- 159631690877eed3042e71341508adfe275048834aa1d494b3ed69f4:\n  -----> ASO log start -----\n  ['TRANSFER [5] TRANSFER ERROR: Copy failed (3rd pull). Last attempt: copy HTTP 500 : Unexpected server error: 500 [...CUT...] Full log at https://fts3-cms.cern.ch:8449/fts3/ftsmon/#/job/12f405dc-139d-11f1-81d5-fa163e5dc706']\n  <----- ASO log finish ----\n  The last failure reason is recoverable.", {}]}, '534': {'Retries': 1, 'Restarts': 0, 'SiteHistory': ['Unknown', 'T2_TR_METU', 'T2_TR_METU', 'T2_CH_CERN', 'T2_CH_CERN'], 'ResidentSetSize': [857640, 668620], 'SubmitTimes': [1772161734.0, 1772181225.0], 'StartTimes': [1772164424.0, 1772181245.0], 'EndTimes': [1772170339.0, 1772183090.0], 'TotalUserCpuTimeHistory': [6737, 2260], 'TotalSysCpuTimeHistory': [2336, 651], 'WallDurations': [9.0, 37.84561252593994, 5915.0, 8.0, 1845.0], 'JobIds': ['141680659.0', '141686156.0'], 'State': 'transferring', 'RecordedSite': True, 'Error': [90000, "Got recoverable stageout exception:\nStageout failed with code 1.\nThere were 3 failed/killed stageout jobs.\nFailure reasons (per document) follow:\n- faea87d72d8f8f19aac0b68cbda3b6199fd85e47b635cf87a851f278:\n  -----> ASO log start -----\n  ['TRANSFER [5] TRANSFER ERROR: Copy failed (3rd pull). Last attempt: copy HTTP 500 : Unexpected server error: 500 [...CUT...] Full log at https://fts3-cms.cern.ch:8449/fts3/ftsmon/#/job/ce2266c8-139d-11f1-801e-fa163e9e00e6']\n  <----- ASO log finish ----\n  The last failure reason is recoverable.\n- 2b5cd6c61eb6b0adc5d6d95334aee13383d730f5a9c5d789925a545d:\n  -----> ASO log start -----\n  ['TRANSFER [5] TRANSFER ERROR: Copy failed (3rd pull). Last attempt: copy HTTP 500 : Unexpected server error: 500 [...CUT...] Full log at https://fts3-cms.cern.ch:8449/fts3/ftsmon/#/job/ce2266c8-139d-11f1-801e-fa163e9e00e6']\n  <----- ASO log finish ----\n  The last failure reason is recoverable.\n- 1dda74e13769222b7d2d03f354fde84b02f4d983c455b475eec79804:\n  -----> ASO log start -----\n  ['TRANSFER [5] TRANSFER ERROR: Copy failed (3rd pull). Last attempt: copy HTTP 500 : Unexpected server error: 500 [...CUT...] Full log at https://fts3-cms.cern.ch:8449/fts3/ftsmon/#/job/ce2266c8-139d-11f1-801e-fa163e9e00e6']\n  <----- ASO log finish ----\n  The last failure reason is recoverable.", {}]}, '543': {'Retries': 1, 'Restarts': 0, 'SiteHistory': ['Unknown', 'T2_RU_JINR', 'T2_RU_JINR', 'Unknown', 'T2_FR_IPHC', 'T2_FR_IPHC'], 'ResidentSetSize': [776144, 768204], 'SubmitTimes': [1772161734.0, 1772173204.0], 'StartTimes': [1772164422.0, 1772173563.0], 'EndTimes': [1772167730.0, 1772176333.0], 'TotalUserCpuTimeHistory': [4562, 3318], 'TotalSysCpuTimeHistory': [1192, 1163], 'WallDurations': [9.0, 39.84561252593994, 3308.0, 8.0, 264.68663930892944, 2770.0], 'JobIds': ['141680660.0', '141682557.0'], 'State': 'transferring', 'RecordedSite': True, 'Error': [90000, "Got recoverable stageout exception:\nStageout failed with code 1.\nThere were 3 failed/killed stageout jobs.\nFailure reasons (per document) follow:\n- 505763ae3288e256bc8e7f05b6bd82aeaaa68f52dae0469d919e3dff:\n  -----> ASO log start -----\n  ['TRANSFER [5] TRANSFER ERROR: Copy failed (3rd pull). Last attempt: copy HTTP 500 : Unexpected server error: 500 [...CUT...] Full log at https://fts3-cms.cern.ch:8449/fts3/ftsmon/#/job/eda3899c-1397-11f1-9378-fa163e5dc706']\n  <----- ASO log finish ----\n  The last failure reason is recoverable.\n- a71fc47e52adc440f56d24b09dc14d9238ebb0f4a31702f423a5bd60:\n  -----> ASO log start -----\n  ['DESTINATION [110] timeout of 900s [...CUT...] Full log at https://fts3-cms.cern.ch:8449/fts3/ftsmon/#/job/eda3899c-1397-11f1-9378-fa163e5dc706']\n  <----- ASO log finish ----\n  The last failure reason is recoverable.\n- a1abb94539cfab67e9583597b9155183336d50abcd2c8d736660b0e0:\n  -----> ASO log start -----\n  ['TRANSFER [5] TRANSFER ERROR: Copy failed (3rd pull). Last attempt: copy HTTP 500 : Unexpected server error: 500 [...CUT...] Full log at https://fts3-cms.cern.ch:8449/fts3/ftsmon/#/job/eda3899c-1397-11f1-9378-fa163e5dc706']\n  <----- ASO log finish ----\n  The last failure reason is recoverable.", {}]}, '530': {'Retries': 1, 'Restarts': 0, 'SiteHistory': ['Unknown', 'T2_TR_METU', 'T2_TR_METU', 'Unknown', 'T2_CH_CERN', 'T2_CH_CERN'], 'ResidentSetSize': [743144, 662484], 'SubmitTimes': [1772161734.0, 1772182956.0], 'StartTimes': [1772164424.0, 1772182995.0], 'EndTimes': [1772170271.0, 1772185270.0], 'TotalUserCpuTimeHistory': [6640, 2592], 'TotalSysCpuTimeHistory': [2282, 802], 'WallDurations': [9.0, 37.84561252593994, 5847.0, 9.0, 282.7400197982788, 2275.0], 'JobIds': ['141680661.0', '141686368.0'], 'State': 'transferring', 'RecordedSite': True, 'Error': [90000, "Got recoverable stageout exception:\nStageout failed with code 1.\nThere were 3 failed/killed stageout jobs.\nFailure reasons (per document) follow:\n- 15ce290575313c51d76d14d8efe59b357595d501d8206ee75e8cb6cf:\n  -----> ASO log start -----\n  ['TRANSFER [5] TRANSFER ERROR: Copy failed (3rd pull). Last attempt: copy HTTP 500 : Unexpected server error: 500 [...CUT...] Full log at https://fts3-cms.cern.ch:8449/fts3/ftsmon/#/job/ce2266c8-139d-11f1-801e-fa163e9e00e6']\n  <----- ASO log finish ----\n  The last failure reason is recoverable.\n- b954c9e507732f37c580ce91735525bf0ea5480c5ce1530c49226345:\n  -----> ASO log start -----\n  ['TRANSFER [5] TRANSFER ERROR: Copy failed (3rd pull). Last attempt: copy HTTP 500 : Unexpected server error: 500 [...CUT...] Full log at https://fts3-cms.cern.ch:8449/fts3/ftsmon/#/job/ce2266c8-139d-11f1-801e-fa163e9e00e6']\n  <----- ASO log finish ----\n  The last failure reason is recoverable.\n- d4853396ebf43e4722c46979863e2d1e41d07eeea3c322f1abae03be:\n  -----> ASO log start -----\n  ['TRANSFER [5] TRANSFER ERROR: Copy failed (3rd pull). Last attempt: copy HTTP 500 : Unexpected server error: 500 [...CUT...] Full log at https://fts3-cms.cern.ch:8449/fts3/ftsmon/#/job/ce2266c8-139d-11f1-801e-fa163e9e00e6']\n  <----- ASO log finish ----\n  The last failure reason is recoverable.", {}]}, '541': {'Retries': 1, 'Restarts': 0, 'SiteHistory': ['Unknown', 'T2_TR_METU', 'T2_TR_METU', 'T2_CH_CERN', 'T2_CH_CERN'], 'ResidentSetSize': [639944, 655328], 'SubmitTimes': [1772161734.0, 1772183224.0], 'StartTimes': [1772164424.0, 1772183230.0], 'EndTimes': [1772170530.0, 1772186209.0], 'TotalUserCpuTimeHistory': [6234, 3148], 'TotalSysCpuTimeHistory': [2060, 1101], 'WallDurations': [10.0, 37.84561252593994, 6106.0, 8.0, 2979.0], 'JobIds': ['141680662.0', '141686392.0'], 'State': 'transferring', 'RecordedSite': True, 'Error': [90000, "Got recoverable stageout exception:\nStageout failed with code 1.\nThere were 3 failed/killed stageout jobs.\nFailure reasons (per document) follow:\n- 1821cb39bf79d887fe924e3d427ae972e269ea839f733d8f7537316c:\n  -----> ASO log start -----\n  ['TRANSFER [5] TRANSFER ERROR: Copy failed (3rd pull). Last attempt: copy HTTP 500 : Unexpected server error: 500 [...CUT...] Full log at https://fts3-cms.cern.ch:8449/fts3/ftsmon/#/job/8a7f5e48-139e-11f1-92f8-fa163e172462']\n  <----- ASO log finish ----\n  The last failure reason is recoverable.\n- 4c19c48b1f1a5d138159277d3014fa1e047dc3c8273e4a2f68ab7b56:\n  -----> ASO log start -----\n  ['TRANSFER [5] TRANSFER ERROR: Copy failed (3rd pull). Last attempt: copy HTTP 500 : Unexpected server error: 500 [...CUT...] Full log at https://fts3-cms.cern.ch:8449/fts3/ftsmon/#/job/8a7f5e48-139e-11f1-92f8-fa163e172462']\n  <----- ASO log finish ----\n  The last failure reason is recoverable.\n- 20eb32d508193ecbf24d9be76fffae42411dc75161022a017d327694:\n  -----> ASO log start -----\n  ['TRANSFER [5] TRANSFER ERROR: Copy failed (3rd pull). Last attempt: copy HTTP 500 : Unexpected server error: 500 [...CUT...] Full log at https://fts3-cms.cern.ch:8449/fts3/ftsmon/#/job/8a7f5e48-139e-11f1-92f8-fa163e172462']\n  <----- ASO log finish ----\n  The last failure reason is recoverable.", {}]}, '536': {'Retries': 1, 'Restarts': 0, 'SiteHistory': ['Unknown', 'T2_TR_METU', 'T2_TR_METU', 'T2_CH_CERN', 'T2_CH_CERN'], 'ResidentSetSize': [722408, 653520], 'SubmitTimes': [1772161734.0, 1772178273.0], 'StartTimes': [1772164423.0, 1772178331.0], 'EndTimes': [1772169196.0, 1772180297.0], 'TotalUserCpuTimeHistory': [4459, 2379], 'TotalSysCpuTimeHistory': [937, 710], 'WallDurations': [10.0, 38.84561252593994, 4773.0, 9.0, 1966.0], 'JobIds': ['141680663.0', '141685808.0'], 'State': 'transferring', 'RecordedSite': True, 'Error': [90000, "Got recoverable stageout exception:\nStageout failed with code 1.\nThere were 3 failed/killed stageout jobs.\nFailure reasons (per document) follow:\n- 03c0d437bc0977066efa7ba421f42b10a60425d5894d520b6063faf2:\n  -----> ASO log start -----\n  ['TRANSFER [5] TRANSFER ERROR: Copy failed (3rd pull). Last attempt: copy HTTP 500 : Unexpected server error: 500 [...CUT...] Full log at https://fts3-cms.cern.ch:8449/fts3/ftsmon/#/job/9bf93e30-139b-11f1-8a11-fa163e5dc706']\n  <----- ASO log finish ----\n  The last failure reason is recoverable.\n- 205e488d8baef27d5be1b10d40cadf4692cb78aa8412436687b2d85c:\n  -----> ASO log start -----\n  ['TRANSFER [5] TRANSFER ERROR: Copy failed (3rd pull). Last attempt: copy HTTP 500 : Unexpected server error: 500 [...CUT...] Full log at https://fts3-cms.cern.ch:8449/fts3/ftsmon/#/job/9bf93e30-139b-11f1-8a11-fa163e5dc706']\n  <----- ASO log finish ----\n  The last failure reason is recoverable.\n- d12fc8fa9c6cd99296ff082960f05a386ca1bbd3bc914a9939ae44e7:\n  -----> ASO log start -----\n  ['TRANSFER [5] TRANSFER ERROR: Copy failed (3rd pull). Last attempt: copy HTTP 500 : Unexpected server error: 500 [...CUT...] Full log at https://fts3-cms.cern.ch:8449/fts3/ftsmon/#/job/9bf93e30-139b-11f1-8a11-fa163e5dc706']\n  <----- ASO log finish ----\n  The last failure reason is recoverable.", {}]}, '538': {'Retries': 1, 'Restarts': 0, 'SiteHistory': ['Unknown', 'T2_TR_METU', 'T2_TR_METU', 'Unknown', 'T2_CH_CERN', 'T2_CH_CERN'], 'ResidentSetSize': [641308, 756748], 'SubmitTimes': [1772161734.0, 1772183275.0], 'StartTimes': [1772164424.0, 1772183282.0], 'EndTimes': [1772170587.0, 1772185902.0], 'TotalUserCpuTimeHistory': [6321, 2840], 'TotalSysCpuTimeHistory': [2090, 1074], 'WallDurations': [10.0, 37.84561252593994, 6163.0, 9.0, 309.15254402160645, 2620.0], 'JobIds': ['141680664.0', '141686397.0'], 'State': 'transferring', 'RecordedSite': True, 'Error': [90000, "Got recoverable stageout exception:\nStageout failed with code 1.\nThere were 3 failed/killed stageout jobs.\nFailure reasons (per document) follow:\n- 60790d17ee3af6d28034ef269f4a94caf3f1d62f0d40d52677781c1d:\n  -----> ASO log start -----\n  ['TRANSFER [5] TRANSFER ERROR: Copy failed (3rd pull). Last attempt: copy HTTP 500 : Unexpected server error: 500 [...CUT...] Full log at https://fts3-cms.cern.ch:8449/fts3/ftsmon/#/job/8a7f5e48-139e-11f1-92f8-fa163e172462']\n  <----- ASO log finish ----\n  The last failure reason is recoverable.\n- 3437f35e137b7e09322cc782944d47531ee553f01f203fcdd047be70:\n  -----> ASO log start -----\n  ['TRANSFER [5] TRANSFER ERROR: Copy failed (3rd pull). Last attempt: copy HTTP 500 : Unexpected server error: 500 [...CUT...] Full log at https://fts3-cms.cern.ch:8449/fts3/ftsmon/#/job/8a7f5e48-139e-11f1-92f8-fa163e172462']\n  <----- ASO log finish ----\n  The last failure reason is recoverable.\n- b287b34e87b350a8ffe171f425020103cab26b34a788cb8c619f78a9:\n  -----> ASO log start -----\n  ['TRANSFER [5] TRANSFER ERROR: Copy failed (3rd pull). Last attempt: copy HTTP 500 : Unexpected server error: 500 [...CUT...] Full log at https://fts3-cms.cern.ch:8449/fts3/ftsmon/#/job/8a7f5e48-139e-11f1-92f8-fa163e172462']\n  <----- ASO log finish ----\n  The last failure reason is recoverable.", {}]}, '531': {'Retries': 1, 'Restarts': 0, 'SiteHistory': ['Unknown', 'T2_PT_NCG_Lisbon', 'T2_PT_NCG_Lisbon', 'T2_CH_CERN', 'T2_CH_CERN'], 'ResidentSetSize': [704492, 1963960], 'SubmitTimes': [1772161734.0, 1772170816.0], 'StartTimes': [1772164423.0, 1772170989.0], 'EndTimes': [1772167145.0, 1772173470.0], 'TotalUserCpuTimeHistory': [4091, 2886], 'TotalSysCpuTimeHistory': [1016, 917], 'WallDurations': [9.0, 38.84561252593994, 2722.0, 8.0, 2481.0], 'JobIds': ['141680665.0', '141681841.0'], 'State': 'transferring', 'RecordedSite': True, 'Error': [90000, "Got recoverable stageout exception:\nStageout failed with code 1.\nThere were 3 failed/killed stageout jobs.\nFailure reasons (per document) follow:\n- 3f79a9aadd9c02142ca41ec09e883dca3486e8625f98cac0947df7fa:\n  -----> ASO log start -----\n  ['TRANSFER [5] TRANSFER ERROR: Copy failed (3rd pull). Last attempt: copy HTTP 500 : Unexpected server error: 500 [...CUT...] Full log at https://fts3-cms.cern.ch:8449/fts3/ftsmon/#/job/74e45974-1396-11f1-9919-fa163e9e00e6']\n  <----- ASO log finish ----\n  The last failure reason is recoverable.\n- 1fd24ea75c80ae14ebb20061d4c93165d0c2b079267661db7d48126f:\n  -----> ASO log start -----\n  ['TRANSFER [5] TRANSFER ERROR: Copy failed (3rd pull). Last attempt: copy HTTP 500 : Unexpected server error: 500 [...CUT...] Full log at https://fts3-cms.cern.ch:8449/fts3/ftsmon/#/job/74e45974-1396-11f1-9919-fa163e9e00e6']\n  <----- ASO log finish ----\n  The last failure reason is recoverable.\n- 2847861aba698bb10e235c368d8dd53b072fd2ad094bdb9b08389f50:\n  -----> ASO log start -----\n  ['TRANSFER [5] TRANSFER ERROR: Copy failed (3rd pull). Last attempt: copy HTTP 500 : Unexpected server error: 500 [...CUT...] Full log at https://fts3-cms.cern.ch:8449/fts3/ftsmon/#/job/74e45974-1396-11f1-9919-fa163e9e00e6']\n  <----- ASO log finish ----\n  The last failure reason is recoverable.", {}]}, '542': {'Retries': 2, 'Restarts': 0, 'SiteHistory': ['Unknown', 'T3_KR_KNU', 'T3_KR_KNU', 'Unknown', 'T2_UK_SGrid_RALPP', 'T2_UK_SGrid_RALPP', 'T2_BE_IIHE', 'T2_BE_IIHE'], 'ResidentSetSize': [659944, 650348, 805856], 'SubmitTimes': [1772161734.0, 1772174453.0, 1772180043.0], 'StartTimes': [1772164432.0, 1772174464.0, 1772180058.0], 'EndTimes': [1772168977.0, 1772176306.0, 1772181290.0], 'TotalUserCpuTimeHistory': [6607, 2291, 1403], 'TotalSysCpuTimeHistory': [1700, 630, 223], 'WallDurations': [8.0, 29.84561252593994, 4545.0, 9.0, 305.0221998691559, 1842.0, 8.0, 1232.0], 'JobIds': ['141680666.0', '141685385.0', '141686002.0'], 'State': 'transferring', 'RecordedSite': True, 'Error': [90000, "Got recoverable stageout exception:\nStageout failed with code 1.\nThere were 1 failed/killed stageout jobs.\nFailure reasons (per document) follow:\n- f4c6a7fbc15a072943b1e7ad5c6ab10e1b4d026f5d8d937cd64d40e4:\n  -----> ASO log start -----\n  ['TRANSFER [112] TRANSFER ERROR: Copy failed (3rd pull). Last attempt: copy HTTP 400 : Server Error [...CUT...] Full log at https://fts3-cms.cern.ch:8449/fts3/ftsmon/#/job/b2497690-13ab-11f1-b0d2-fa163e5dc706']\n  <----- ASO log finish ----\n  The last failure reason is recoverable.", {}]}, '547': {'Retries': 1, 'Restarts': 0, 'SiteHistory': ['Unknown', 'T3_KR_KNU', 'T3_KR_KNU', 'Unknown', 'T2_CH_CERN', 'T2_CH_CERN'], 'ResidentSetSize': [709592, 696328], 'SubmitTimes': [1772161734.0, 1772172164.0], 'StartTimes': [1772164432.0, 1772172614.0], 'EndTimes': [1772168486.0, 1772174950.0], 'TotalUserCpuTimeHistory': [5527, 2819], 'TotalSysCpuTimeHistory': [1869, 873], 'WallDurations': [9.0, 29.84561252593994, 4054.0, 8.0, 273.35983395576477, 2336.0], 'JobIds': ['141680667.0', '141682282.0'], 'State': 'transferring', 'RecordedSite': True, 'Error': [90000, "Got recoverable stageout exception:\nStageout failed with code 1.\nThere were 1 failed/killed stageout jobs.\nFailure reasons (per document) follow:\n- b7b7c052245100082ac73dd7e1df246747fbd0900c2f61d19b3b2001:\n  -----> ASO log start -----\n  ['TRANSFER [112] TRANSFER ERROR: Copy failed (3rd pull). Last attempt: copy HTTP 400 : Server Error [...CUT...] Full log at https://fts3-cms.cern.ch:8449/fts3/ftsmon/#/job/68084b68-1399-11f1-a96e-fa163e5dc706']\n  <----- ASO log finish ----\n  The last failure reason is recoverable.", {}]}, '546': {'Retries': 0, 'Restarts': 0, 'SiteHistory': ['Unknown', 'T3_KR_KNU', 'T3_KR_KNU'], 'ResidentSetSize': [684620], 'SubmitTimes': [1772161734.0], 'StartTimes': [1772164432.0], 'EndTimes': [1772168358.0], 'TotalUserCpuTimeHistory': [5381], 'TotalSysCpuTimeHistory': [1805], 'WallDurations': [9.0, 29.84561252593994, 3926.0], 'JobIds': ['141680668.0'], 'State': 'finished', 'RecordedSite': True, 'Error': [0, 'OK', {}]}, '548': {'Retries': 0, 'Restarts': 0, 'SiteHistory': ['Unknown', 'T3_KR_KNU', 'T3_KR_KNU'], 'ResidentSetSize': [713344], 'SubmitTimes': [1772161734.0], 'StartTimes': [1772164430.0], 'EndTimes': [1772168678.0], 'TotalUserCpuTimeHistory': [5859], 'TotalSysCpuTimeHistory': [1957], 'WallDurations': [10.0, 31.84561252593994, 4248.0], 'JobIds': ['141680669.0'], 'State': 'finished', 'RecordedSite': True, 'Error': [0, 'OK', {}]}, '555': {'Retries': 0, 'Restarts': 0, 'SiteHistory': ['Unknown', 'T3_KR_KNU', 'T3_KR_KNU'], 'ResidentSetSize': [3671296], 'SubmitTimes': [1772161734.0], 'StartTimes': [1772164433.0], 'EndTimes': [1772168346.0], 'TotalUserCpuTimeHistory': [5408], 'TotalSysCpuTimeHistory': [1837], 'WallDurations': [8.0, 28.84561252593994, 3913.0], 'JobIds': ['141680670.0'], 'State': 'finished', 'RecordedSite': True, 'Error': [0, 'OK', {}]}, '544': {'Retries': 0, 'Restarts': 0, 'SiteHistory': ['Unknown', 'T3_KR_KNU', 'T3_KR_KNU'], 'ResidentSetSize': [711968], 'SubmitTimes': [1772161734.0], 'StartTimes': [1772164438.0], 'EndTimes': [1772169601.0], 'TotalUserCpuTimeHistory': [7118], 'TotalSysCpuTimeHistory': [2136], 'WallDurations': [8.0, 23.84561252593994, 5163.0], 'JobIds': ['141680671.0'], 'State': 'finished', 'RecordedSite': True, 'Error': [0, 'OK', {}]}, '551': {'Retries': 1, 'Restarts': 0, 'SiteHistory': ['Unknown', 'T3_KR_KNU', 'T3_KR_KNU', 'T2_FR_IPHC', 'T2_FR_IPHC'], 'ResidentSetSize': [656160, 2101624], 'SubmitTimes': [1772161734.0, 1772176205.0], 'StartTimes': [1772164433.0, 1772176335.0], 'EndTimes': [1772168925.0, 1772178676.0], 'TotalUserCpuTimeHistory': [6134, 2887], 'TotalSysCpuTimeHistory': [2164, 906], 'WallDurations': [8.0, 28.84561252593994, 4492.0, 0, 2341.0], 'JobIds': ['141680672.0', '141685535.0'], 'State': 'transferring', 'RecordedSite': True, 'Error': [90000, "Got recoverable stageout exception:\nStageout failed with code 1.\nThere were 1 failed/killed stageout jobs.\nFailure reasons (per document) follow:\n- 4129a6420c3ec050670cee9e85b6eef1e5017deac07833f013ea6fe2:\n  -----> ASO log start -----\n  ['DESTINATION [110] timeout of 900s [...CUT...] Full log at https://fts3-cms.cern.ch:8449/fts3/ftsmon/#/job/e07679fc-139a-11f1-b92e-fa163e9e00e6']\n  <----- ASO log finish ----\n  The last failure reason is recoverable.", {}]}, '549': {'Retries': 1, 'Restarts': 0, 'SiteHistory': ['Unknown', 'T3_KR_KNU', 'T3_KR_KNU', 'T2_IT_Rome', 'T2_IT_Rome'], 'ResidentSetSize': [748284, 501820], 'SubmitTimes': [1772161734.0, 1772174694.0], 'StartTimes': [1772164433.0, 1772174732.0], 'EndTimes': [1772169214.0, 1772177418.0], 'TotalUserCpuTimeHistory': [6619, 3778], 'TotalSysCpuTimeHistory': [1997, 736], 'WallDurations': [9.0, 28.84561252593994, 4781.0, 9.0, 2686.0], 'JobIds': ['141680673.0', '141685404.0'], 'State': 'transferring', 'RecordedSite': True, 'Error': [90000, "Got recoverable stageout exception:\nStageout failed with code 1.\nThere were 1 failed/killed stageout jobs.\nFailure reasons (per document) follow:\n- 48991b76d375cfb33c7a45cc43a318c916d794542687e18a4d81aa90:\n  -----> ASO log start -----\n  ['DESTINATION [5] HTTP 500 : Unexpected server error: 500 [...CUT...] Full log at https://fts3-cms.cern.ch:8449/fts3/ftsmon/#/job/9bdf8904-139b-11f1-b76e-fa163e6c8d57']\n  <----- ASO log finish ----\n  The last failure reason is recoverable.", {}]}, '550': {'Retries': 1, 'Restarts': 0, 'SiteHistory': ['Unknown', 'T3_KR_KNU', 'T3_KR_KNU', 'Unknown', 'T2_DE_RWTH', 'T2_DE_RWTH'], 'ResidentSetSize': [3037748, 701584], 'SubmitTimes': [1772161734.0, 1772171863.0], 'StartTimes': [1772164433.0, 1772172049.0], 'EndTimes': [1772168191.0, 1772180844.0], 'TotalUserCpuTimeHistory': [5171, 11200], 'TotalSysCpuTimeHistory': [1748, 3820], 'WallDurations': [9.0, 28.84561252593994, 3758.0, 8.0, 212.89829468727112, 8795.0], 'JobIds': ['141680674.0', '141681950.0'], 'State': 'finished', 'RecordedSite': True, 'Error': [0, 'OK', {}]}, '554': {'Retries': 2, 'Restarts': 0, 'SiteHistory': ['Unknown', 'T3_KR_KNU', 'T3_KR_KNU', 'Unknown', 'T3_KR_KNU', 'T3_KR_KNU', 'Unknown', 'T2_CH_CERN', 'T2_CH_CERN'], 'ResidentSetSize': [694988, 713344, 684108], 'SubmitTimes': [1772161734.0, 1772171989.0, 1772182012.0], 'StartTimes': [1772164433.0, 1772172297.0, 1772182034.0], 'EndTimes': [1772168317.0, 1772176478.0, 1772184293.0], 'TotalUserCpuTimeHistory': [5300, 5694, 2762], 'TotalSysCpuTimeHistory': [1782, 1997, 849], 'WallDurations': [9.0, 28.84561252593994, 3884.0, 9.0, 278.4482002258301, 4181.0, 8.0, 308.495402097702, 2259.0], 'JobIds': ['141680675.0', '141681968.0', '141686266.0'], 'State': 'transferring', 'RecordedSite': True, 'Error': [90000, "Got recoverable stageout exception:\nStageout failed with code 1.\nThere were 1 failed/killed stageout jobs.\nFailure reasons (per document) follow:\n- 792123d6d06e31d428528ac3e0f94ba174832df68237ac36e6c387c6:\n  -----> ASO log start -----\n  ['DESTINATION [5] HTTP 500 : Unexpected server error: 500 [...CUT...] Full log at https://fts3-cms.cern.ch:8449/fts3/ftsmon/#/job/708df194-13ac-11f1-9402-fa163e4409e3']\n  <----- ASO log finish ----\n  The last failure reason is recoverable.", {}]}, '553': {'Retries': 2, 'Restarts': 0, 'SiteHistory': ['Unknown', 'T3_KR_KNU', 'T3_KR_KNU', 'T2_US_UCSD', 'T2_US_UCSD', 'T2_CH_CERN', 'T2_CH_CERN'], 'ResidentSetSize': [681024, 692608, 1707096], 'SubmitTimes': [1772161734.0, 1772175780.0, 1772181360.0], 'StartTimes': [1772164432.0, 1772175791.0, 1772181364.0], 'EndTimes': [1772168505.0, 1772177630.0, 1772183861.0], 'TotalUserCpuTimeHistory': [5660, 2312, 2874], 'TotalSysCpuTimeHistory': [1933, 568, 951], 'WallDurations': [10.0, 29.84561252593994, 4073.0, 9.0, 1839.0, 9.0, 2497.0], 'JobIds': ['141680676.0', '141685490.0', '141686178.0'], 'State': 'transferring', 'RecordedSite': True, 'Error': [90000, "Got recoverable stageout exception:\nStageout failed with code 1.\nThere were 1 failed/killed stageout jobs.\nFailure reasons (per document) follow:\n- 9bcb0bb2c2949f0c827c8d239b4900ba9eef6ae0c200c635a3564f45:\n  -----> ASO log start -----\n  ['DESTINATION [5] HTTP 500 : Unexpected server error: 500 [...CUT...] Full log at https://fts3-cms.cern.ch:8449/fts3/ftsmon/#/job/62a153fc-13af-11f1-8c2c-fa163e65d4d2']\n  <----- ASO log finish ----\n  The last failure reason is recoverable.", {}]}, '545': {'Retries': 0, 'Restarts': 0, 'SiteHistory': ['Unknown', 'T3_KR_KNU', 'T3_KR_KNU'], 'ResidentSetSize': [2872940], 'SubmitTimes': [1772161734.0], 'StartTimes': [1772164433.0], 'EndTimes': [1772168273.0], 'TotalUserCpuTimeHistory': [5313], 'TotalSysCpuTimeHistory': [1748], 'WallDurations': [8.0, 28.84561252593994, 3840.0], 'JobIds': ['141680677.0'], 'State': 'finished', 'RecordedSite': True, 'Error': [0, 'OK', {}]}, '559': {'Retries': 0, 'Restarts': 0, 'SiteHistory': ['Unknown', 'T3_KR_KNU', 'T3_KR_KNU'], 'ResidentSetSize': [687064], 'SubmitTimes': [1772161734.0], 'StartTimes': [1772164437.0], 'EndTimes': [1772169295.0], 'TotalUserCpuTimeHistory': [6818], 'TotalSysCpuTimeHistory': [2000], 'WallDurations': [9.0, 24.84561252593994, 4858.0], 'JobIds': ['141680678.0'], 'State': 'finished', 'RecordedSite': True, 'Error': [0, 'OK', {}]}, '560': {'Retries': 0, 'Restarts': 0, 'SiteHistory': ['Unknown', 'T3_KR_KNU', 'T3_KR_KNU'], 'ResidentSetSize': [683484], 'SubmitTimes': [1772161734.0], 'StartTimes': [1772164432.0], 'EndTimes': [1772168797.0], 'TotalUserCpuTimeHistory': [5975], 'TotalSysCpuTimeHistory': [2057], 'WallDurations': [8.0, 29.84561252593994, 4365.0], 'JobIds': ['141680679.0'], 'State': 'finished', 'RecordedSite': True, 'Error': [0, 'OK', {}]}, '561': {'Retries': 0, 'Restarts': 0, 'SiteHistory': ['Unknown', 'T3_KR_KNU', 'T3_KR_KNU'], 'ResidentSetSize': [681600], 'SubmitTimes': [1772161734.0], 'StartTimes': [1772164436.0], 'EndTimes': [1772167864.0], 'TotalUserCpuTimeHistory': [4886], 'TotalSysCpuTimeHistory': [1122], 'WallDurations': [10.0, 25.84561252593994, 3428.0], 'JobIds': ['141680680.0'], 'State': 'finished', 'RecordedSite': True, 'Error': [0, 'OK', {}]}, '556': {'Retries': 1, 'Restarts': 0, 'SiteHistory': ['Unknown', 'T3_KR_KNU', 'T3_KR_KNU', 'Unknown', 'T2_CH_CERN', 'T2_CH_CERN'], 'ResidentSetSize': [688588, 666948], 'SubmitTimes': [1772161734.0, 1772176230.0], 'StartTimes': [1772164431.0, 1772176409.0], 'EndTimes': [1772168950.0, 1772182070.0], 'TotalUserCpuTimeHistory': [6574, 5806], 'TotalSysCpuTimeHistory': [1629, 1405], 'WallDurations': [10.0, 30.84561252593994, 4519.0, 8.0, 249.66330122947693, 5661.0], 'JobIds': ['141680681.0', '141685539.0'], 'State': 'transferring', 'RecordedSite': True, 'Error': [90000, "Got recoverable stageout exception:\nStageout failed with code 1.\nThere were 1 failed/killed stageout jobs.\nFailure reasons (per document) follow:\n- 16abd49b41dec66054ad074a090a614481f0dcf0909c151d004422cd:\n  -----> ASO log start -----\n  ['DESTINATION [110] timeout of 900s [...CUT...] Full log at https://fts3-cms.cern.ch:8449/fts3/ftsmon/#/job/e07679fc-139a-11f1-b92e-fa163e9e00e6']\n  <----- ASO log finish ----\n  The last failure reason is recoverable.", {}]}, '552': {'Retries': 0, 'Restarts': 0, 'SiteHistory': ['Unknown', 'T3_KR_KNU', 'T3_KR_KNU'], 'ResidentSetSize': [764516], 'SubmitTimes': [1772161734.0], 'StartTimes': [1772164434.0], 'EndTimes': [1772168585.0], 'TotalUserCpuTimeHistory': [5708], 'TotalSysCpuTimeHistory': [1976], 'WallDurations': [9.0, 27.84561252593994, 4151.0], 'JobIds': ['141680682.0'], 'State': 'finished', 'RecordedSite': True, 'Error': [0, 'OK', {}]}, '562': {'Retries': 2, 'Restarts': 0, 'SiteHistory': ['Unknown', 'T2_TR_METU', 'T2_TR_METU', 'T2_US_Florida', 'T2_US_Florida', 'Unknown', 'T2_CH_CERN', 'T2_CH_CERN'], 'ResidentSetSize': [639192, 660252, 431624], 'SubmitTimes': [1772161734.0, 1772182231.0, 1772191000.0], 'StartTimes': [1772164427.0, 1772182280.0, 1772191171.0], 'EndTimes': [1772171349.0, 1772183660.0, 1772194601.0], 'TotalUserCpuTimeHistory': [6881, 1818, 3277], 'TotalSysCpuTimeHistory': [2296, 133, 926], 'WallDurations': [11.0, 34.84561252593994, 6922.0, 9.0, 1380.0, 8.0, 280.0156524181366, 3430.0], 'JobIds': ['141680683.0', '141686296.0', '141695585.0'], 'State': 'transferring', 'RecordedSite': True, 'Error': [90000, "Got recoverable stageout exception:\nStageout failed with code 1.\nThere were 1 failed/killed stageout jobs.\nFailure reasons (per document) follow:\n- faa669249dd35171b9407fad87e6d70c970c0b7f183ada3b8eeacf74:\n  -----> ASO log start -----\n  ['TRANSFER [112] TRANSFER ERROR: Copy failed (3rd pull). Last attempt: copy HTTP 400 : Server Error [...CUT...] Full log at https://fts3-cms.cern.ch:8449/fts3/ftsmon/#/job/4b4ce186-13bd-11f1-ab2e-fa163e9e00e6']\n  <----- ASO log finish ----\n  The last failure reason is recoverable.", {}]}, '557': {'Retries': 2, 'Restarts': 0, 'SiteHistory': ['Unknown', 'T3_KR_KNU', 'T3_KR_KNU', 'T2_BE_UCL', 'T2_BE_UCL', 'T2_CH_CERN', 'T2_CH_CERN'], 'ResidentSetSize': [3684336, 664824, 656680], 'SubmitTimes': [1772161734.0, 1772175174.0, 1772183523.0], 'StartTimes': [1772164442.0, 1772175196.0, 1772183588.0], 'EndTimes': [1772169698.0, 1772177985.0, 1772185807.0], 'TotalUserCpuTimeHistory': [7270, 1586, 2607], 'TotalSysCpuTimeHistory': [2212, 73, 805], 'WallDurations': [9.0, 19.84561252593994, 5256.0, 8.0, 2789.0, 0, 2219.0], 'JobIds': ['141680684.0', '141685448.0', '141686421.0'], 'State': 'transferring', 'RecordedSite': True, 'Error': [90000, "Got recoverable stageout exception:\nStageout failed with code 1.\nThere were 3 failed/killed stageout jobs.\nFailure reasons (per document) follow:\n- dcfd9f15e2b7a570fee1a9efa40b73f47536f024aa8420d32d017f92:\n  -----> ASO log start -----\n  ['TRANSFER [5] TRANSFER ERROR: Copy failed (3rd pull). Last attempt: copy HTTP 500 : Unexpected server error: 500 [...CUT...] Full log at https://fts3-cms.cern.ch:8449/fts3/ftsmon/#/job/20b3fb74-13b0-11f1-a60f-fa163e65d4d2']\n  <----- ASO log finish ----\n  The last failure reason is recoverable.\n- 9237194311b615bf62e537e236141b3d44a47aa48904360554197ec0:\n  -----> ASO log start -----\n  ['TRANSFER [5] TRANSFER ERROR: Copy failed (3rd pull). Last attempt: copy HTTP 500 : Unexpected server error: 500 [...CUT...] Full log at https://fts3-cms.cern.ch:8449/fts3/ftsmon/#/job/20b3fb74-13b0-11f1-a60f-fa163e65d4d2']\n  <----- ASO log finish ----\n  The last failure reason is recoverable.\n- 82141a5f87a24bb1331bf44c59ade3432b243adb1781671fec628d52:\n  -----> ASO log start -----\n  ['TRANSFER [5] TRANSFER ERROR: Copy failed (3rd pull). Last attempt: copy HTTP 500 : Unexpected server error: 500 [...CUT...] Full log at https://fts3-cms.cern.ch:8449/fts3/ftsmon/#/job/20b3fb74-13b0-11f1-a60f-fa163e65d4d2']\n  <----- ASO log finish ----\n  The last failure reason is recoverable.", {}]}, '558': {'Retries': 2, 'Restarts': 0, 'SiteHistory': ['Unknown', 'T3_KR_KNU', 'T3_KR_KNU', 'Unknown', 'T2_BE_UCL', 'T2_BE_UCL', 'T2_CH_CERN', 'T2_CH_CERN'], 'ResidentSetSize': [676148, 1444360, 715312], 'SubmitTimes': [1772161734.0, 1772171603.0, 1772180654.0], 'StartTimes': [1772164437.0, 1772171833.0, 1772180700.0], 'EndTimes': [1772167928.0, 1772175119.0, 1772181932.0], 'TotalUserCpuTimeHistory': [4942, 2835, 1973], 'TotalSysCpuTimeHistory': [1159, 190, 256], 'WallDurations': [8.0, 24.84561252593994, 3491.0, 9.0, 118.1406033039093, 3286.0, 9.0, 1232.0], 'JobIds': ['141680685.0', '141681929.0', '141686076.0'], 'State': 'transferring', 'RecordedSite': True, 'Error': [90000, "Got recoverable stageout exception:\nStageout failed with code 1.\nThere were 3 failed/killed stageout jobs.\nFailure reasons (per document) follow:\n- 721ae51dfa94774e5d16556050c36735474874a45b208b61d18d01c2:\n  -----> ASO log start -----\n  ['TRANSFER [5] TRANSFER ERROR: Copy failed (3rd pull). Last attempt: copy HTTP 500 : Unexpected server error: 500 [...CUT...] Full log at https://fts3-cms.cern.ch:8449/fts3/ftsmon/#/job/7e2dd3d0-13a9-11f1-a0d4-fa163e4409e3']\n  <----- ASO log finish ----\n  The last failure reason is recoverable.\n- 7a734693578d1e38d65047eaeb0a62b6b3f38cc1515e9834f602c6fe:\n  -----> ASO log start -----\n  ['TRANSFER [5] TRANSFER ERROR: Copy failed (3rd pull). Last attempt: copy HTTP 500 : Unexpected server error: 500 [...CUT...] Full log at https://fts3-cms.cern.ch:8449/fts3/ftsmon/#/job/7e2dd3d0-13a9-11f1-a0d4-fa163e4409e3']\n  <----- ASO log finish ----\n  The last failure reason is recoverable.\n- d955dae3ecf9f452f2fb585f0c8f8b1750685ec0307116aff3490641:\n  -----> ASO log start -----\n  ['TRANSFER [5] TRANSFER ERROR: Copy failed (3rd pull). Last attempt: copy HTTP 500 : Unexpected server error: 500 [...CUT...] Full log at https://fts3-cms.cern.ch:8449/fts3/ftsmon/#/job/7e2dd3d0-13a9-11f1-a0d4-fa163e4409e3']\n  <----- ASO log finish ----\n  The last failure reason is recoverable.", {}]}, '564': {'Retries': 1, 'Restarts': 0, 'SiteHistory': ['Unknown', 'T3_KR_KNU', 'T3_KR_KNU', 'T2_CH_CERN', 'T2_CH_CERN'], 'ResidentSetSize': [713056, 674604], 'SubmitTimes': [1772161734.0, 1772178158.0], 'StartTimes': [1772164434.0, 1772178179.0], 'EndTimes': [1772169077.0, 1772180255.0], 'TotalUserCpuTimeHistory': [6779, 2504], 'TotalSysCpuTimeHistory': [1686, 741], 'WallDurations': [9.0, 27.84561252593994, 4643.0, 9.0, 2076.0], 'JobIds': ['141680686.0', '141685793.0'], 'State': 'transferring', 'RecordedSite': True, 'Error': [90000, "Got recoverable stageout exception:\nStageout failed with code 1.\nThere were 2 failed/killed stageout jobs.\nFailure reasons (per document) follow:\n- 2371657e7cc1ec2044c09119ed2bec1fae63cc4a60bb84a8482108cf:\n  -----> ASO log start -----\n  ['DESTINATION [110] timeout of 900s [...CUT...] Full log at https://fts3-cms.cern.ch:8449/fts3/ftsmon/#/job/e07679fc-139a-11f1-b92e-fa163e9e00e6']\n  <----- ASO log finish ----\n  The last failure reason is recoverable.\n- 7af5aad98729b085352cad89126388af00576e1474acf04c06350952:\n  -----> ASO log start -----\n  ['DESTINATION [110] timeout of 900s [...CUT...] Full log at https://fts3-cms.cern.ch:8449/fts3/ftsmon/#/job/e07679fc-139a-11f1-b92e-fa163e9e00e6']\n  <----- ASO log finish ----\n  The last failure reason is recoverable.", {}]}, '563': {'Retries': 2, 'Restarts': 0, 'SiteHistory': ['Unknown', 'T3_KR_KNU', 'T3_KR_KNU', 'Unknown', 'T2_DE_RWTH', 'T2_DE_RWTH', 'T2_CH_CERN', 'T2_CH_CERN'], 'ResidentSetSize': [737224, 697288, 728432], 'SubmitTimes': [1772161734.0, 1772171883.0, 1772184275.0], 'StartTimes': [1772164434.0, 1772172137.0, 1772184280.0], 'EndTimes': [1772168210.0, 1772180540.0, 1772186517.0], 'TotalUserCpuTimeHistory': [5153, 10785, 2671], 'TotalSysCpuTimeHistory': [1741, 3638, 821], 'WallDurations': [9.0, 27.84561252593994, 3776.0, 9.0, 124.89829468727112, 8403.0, 10.0, 2237.0], 'JobIds': ['141680687.0', '141681954.0', '141686527.0'], 'State': 'transferring', 'RecordedSite': True, 'Error': [90000, "Got recoverable stageout exception:\nStageout failed with code 1.\nThere were 1 failed/killed stageout jobs.\nFailure reasons (per document) follow:\n- dcbdaf1a7f0734f83f03f2cab5ecca7fb3e0719f8c45ce1abc955e20:\n  -----> ASO log start -----\n  ['DESTINATION [5] HTTP 500 : Unexpected server error: 500 [...CUT...] Full log at https://fts3-cms.cern.ch:8449/fts3/ftsmon/#/job/04f56fe8-13b6-11f1-b0d4-fa163e9e00e6']\n  <----- ASO log finish ----\n  The last failure reason is recoverable.", {}]}, '565': {'Retries': 0, 'Restarts': 0, 'SiteHistory': ['Unknown', 'T3_KR_KNU', 'T3_KR_KNU'], 'ResidentSetSize': [801820], 'SubmitTimes': [1772161734.0], 'StartTimes': [1772164434.0], 'EndTimes': [1772168508.0], 'TotalUserCpuTimeHistory': [5528], 'TotalSysCpuTimeHistory': [1877], 'WallDurations': [9.0, 27.84561252593994, 4074.0], 'JobIds': ['141680688.0'], 'State': 'finished', 'RecordedSite': True, 'Error': [0, 'OK', {}]}, '575': {'Retries': 0, 'Restarts': 0, 'SiteHistory': ['Unknown', 'T3_KR_KNU', 'T3_KR_KNU'], 'ResidentSetSize': [684500], 'SubmitTimes': [1772161734.0], 'StartTimes': [1772164439.0], 'EndTimes': [1772169154.0], 'TotalUserCpuTimeHistory': [6567], 'TotalSysCpuTimeHistory': [1931], 'WallDurations': [8.0, 22.84561252593994, 4715.0], 'JobIds': ['141680689.0'], 'State': 'finished', 'RecordedSite': True, 'Error': [0, 'OK', {}]}, '566': {'Retries': 2, 'Restarts': 0, 'SiteHistory': ['Unknown', 'T3_KR_KNU', 'T3_KR_KNU', 'T2_BE_UCL', 'T2_BE_UCL', 'T2_CH_CERN', 'T2_CH_CERN'], 'ResidentSetSize': [1819708, 1197672, 680784], 'SubmitTimes': [1772161734.0, 1772173814.0, 1772180230.0], 'StartTimes': [1772164435.0, 1772173824.0, 1772180261.0], 'EndTimes': [1772168335.0, 1772176496.0, 1772182086.0], 'TotalUserCpuTimeHistory': [5366, 2785, 2218], 'TotalSysCpuTimeHistory': [1858, 162, 638], 'WallDurations': [9.0, 26.84561252593994, 3900.0, 0, 2672.0, 8.0, 1825.0], 'JobIds': ['141680690.0', '141683381.0', '141686024.0'], 'State': 'transferring', 'RecordedSite': True, 'Error': [90000, "Got recoverable stageout exception:\nStageout failed with code 1.\nThere were 3 failed/killed stageout jobs.\nFailure reasons (per document) follow:\n- 7d50b508ac595a219dffe9e9b228cee89b1fda044fc1c814cc8da7ad:\n  -----> ASO log start -----\n  ['TRANSFER [5] TRANSFER ERROR: Copy failed (3rd pull). Last attempt: copy HTTP 500 : Unexpected server error: 500 [...CUT...] Full log at https://fts3-cms.cern.ch:8449/fts3/ftsmon/#/job/70a47950-13ac-11f1-b4d0-fa163e5dc706']\n  <----- ASO log finish ----\n  The last failure reason is recoverable.\n- e4c33a58a2cb221b89f7972ba8896a5ecd078cde6726e801d954a562:\n  -----> ASO log start -----\n  ['TRANSFER [5] TRANSFER ERROR: Copy failed (3rd pull). Last attempt: copy HTTP 500 : Unexpected server error: 500 [...CUT...] Full log at https://fts3-cms.cern.ch:8449/fts3/ftsmon/#/job/70a47950-13ac-11f1-b4d0-fa163e5dc706']\n  <----- ASO log finish ----\n  The last failure reason is recoverable.\n- c0f48bbf871181284307ef46026e4c5ef5d6853cdcbcdc4ada2d92a4:\n  -----> ASO log start -----\n  ['TRANSFER [5] TRANSFER ERROR: Copy failed (3rd pull). Last attempt: copy HTTP 500 : Unexpected server error: 500 [...CUT...] Full log at https://fts3-cms.cern.ch:8449/fts3/ftsmon/#/job/70a47950-13ac-11f1-b4d0-fa163e5dc706']\n  <----- ASO log finish ----\n  The last failure reason is recoverable.", {}]}, '571': {'Retries': 0, 'Restarts': 0, 'SiteHistory': ['Unknown', 'T3_KR_KNU', 'T3_KR_KNU'], 'ResidentSetSize': [688020], 'SubmitTimes': [1772161734.0], 'StartTimes': [1772164435.0], 'EndTimes': [1772168903.0], 'TotalUserCpuTimeHistory': [6127], 'TotalSysCpuTimeHistory': [2133], 'WallDurations': [8.0, 26.84561252593994, 4468.0], 'JobIds': ['141680691.0'], 'State': 'finished', 'RecordedSite': True, 'Error': [0, 'OK', {}]}, '567': {'Retries': 0, 'Restarts': 0, 'SiteHistory': ['Unknown', 'T3_KR_KNU', 'T3_KR_KNU'], 'ResidentSetSize': [740624], 'SubmitTimes': [1772161734.0], 'StartTimes': [1772164434.0], 'EndTimes': [1772168973.0], 'TotalUserCpuTimeHistory': [6137], 'TotalSysCpuTimeHistory': [2085], 'WallDurations': [9.0, 27.84561252593994, 4539.0], 'JobIds': ['141680692.0'], 'State': 'finished', 'RecordedSite': True, 'Error': [0, 'OK', {}]}, '568': {'Retries': 0, 'Restarts': 0, 'SiteHistory': ['Unknown', 'T3_KR_KNU', 'T3_KR_KNU'], 'ResidentSetSize': [653576], 'SubmitTimes': [1772161734.0], 'StartTimes': [1772164435.0], 'EndTimes': [1772168294.0], 'TotalUserCpuTimeHistory': [5286], 'TotalSysCpuTimeHistory': [1802], 'WallDurations': [9.0, 26.84561252593994, 3859.0], 'JobIds': ['141680693.0'], 'State': 'finished', 'RecordedSite': True, 'Error': [0, 'OK', {}]}, '574': {'Retries': 1, 'Restarts': 0, 'SiteHistory': ['Unknown', 'T3_KR_KNU', 'T3_KR_KNU', 'T2_TR_METU', 'T2_TR_METU'], 'ResidentSetSize': [704812, 714916], 'SubmitTimes': [1772161734.0, 1772175780.0], 'StartTimes': [1772164435.0, 1772175821.0], 'EndTimes': [1772168498.0, 1772179430.0], 'TotalUserCpuTimeHistory': [5652, 4752], 'TotalSysCpuTimeHistory': [1951, 1268], 'WallDurations': [9.0, 26.84561252593994, 4063.0, 10.0, 3609.0], 'JobIds': ['141680694.0', '141685491.0'], 'State': 'transferring', 'RecordedSite': True, 'Error': [90000, "Got recoverable stageout exception:\nStageout failed with code 1.\nThere were 3 failed/killed stageout jobs.\nFailure reasons (per document) follow:\n- 88f63e06ae9aef7448cf21d0d74b22e169ef847b386d70fc173eb25c:\n  -----> ASO log start -----\n  ['TRANSFER [5] TRANSFER ERROR: Copy failed (3rd pull). Last attempt: copy HTTP 500 : Unexpected server error: 500 [...CUT...] Full log at https://fts3-cms.cern.ch:8449/fts3/ftsmon/#/job/19e72a16-13b3-11f1-86ad-fa163e255442']\n  <----- ASO log finish ----\n  The last failure reason is recoverable.\n- f396ee183f2c27d060bd55dfc1665e2f414f41726c6fe3e11d2fe564:\n  -----> ASO log start -----\n  ['TRANSFER [5] TRANSFER ERROR: Copy failed (3rd pull). Last attempt: copy HTTP 500 : Unexpected server error: 500 [...CUT...] Full log at https://fts3-cms.cern.ch:8449/fts3/ftsmon/#/job/19e72a16-13b3-11f1-86ad-fa163e255442']\n  <----- ASO log finish ----\n  The last failure reason is recoverable.\n- 437b64e12389638f76dacd0579cf77405b7203053bad06f6b087781c:\n  -----> ASO log start -----\n  ['TRANSFER [5] TRANSFER ERROR: Copy failed (3rd pull). Last attempt: copy HTTP 500 : Unexpected server error: 500 [...CUT...] Full log at https://fts3-cms.cern.ch:8449/fts3/ftsmon/#/job/19e72a16-13b3-11f1-86ad-fa163e255442']\n  <----- ASO log finish ----\n  The last failure reason is recoverable.", {}]}, '569': {'Retries': 1, 'Restarts': 0, 'SiteHistory': ['Unknown', 'T3_KR_KNU', 'T3_KR_KNU', 'T2_CH_CERN', 'T2_CH_CERN'], 'ResidentSetSize': [677264, 1547304], 'SubmitTimes': [1772161734.0, 1772178053.0], 'StartTimes': [1772164434.0, 1772178179.0], 'EndTimes': [1772168973.0, 1772179517.0], 'TotalUserCpuTimeHistory': [6552, 2159], 'TotalSysCpuTimeHistory': [1610, 271], 'WallDurations': [9.0, 27.84561252593994, 4539.0, 9.0, 1338.0], 'JobIds': ['141680695.0', '141685777.0'], 'State': 'transferring', 'RecordedSite': True, 'Error': [90000, "Got recoverable stageout exception:\nStageout failed with code 1.\nThere were 1 failed/killed stageout jobs.\nFailure reasons (per document) follow:\n- 39584b10cd4ce8fc92df07a0258b019ac32a2ea36d14a983657e5dba:\n  -----> ASO log start -----\n  ['DESTINATION [110] timeout of 900s [...CUT...] Full log at https://fts3-cms.cern.ch:8449/fts3/ftsmon/#/job/e07679fc-139a-11f1-b92e-fa163e9e00e6']\n  <----- ASO log finish ----\n  The last failure reason is recoverable.", {}]}, '572': {'Retries': 0, 'Restarts': 0, 'SiteHistory': ['Unknown', 'T3_KR_KNU', 'T3_KR_KNU'], 'ResidentSetSize': [707948], 'SubmitTimes': [1772161739.0], 'StartTimes': [1772164435.0], 'EndTimes': [1772168096.0], 'TotalUserCpuTimeHistory': [5009], 'TotalSysCpuTimeHistory': [1663], 'WallDurations': [8.0, 26.84561252593994, 3661.0], 'JobIds': ['141680696.0'], 'State': 'finished', 'RecordedSite': True, 'Error': [0, 'OK', {}]}, '570': {'Retries': 0, 'Restarts': 0, 'SiteHistory': ['Unknown', 'T3_KR_KNU', 'T3_KR_KNU'], 'ResidentSetSize': [710500], 'SubmitTimes': [1772161739.0], 'StartTimes': [1772164443.0], 'EndTimes': [1772169238.0], 'TotalUserCpuTimeHistory': [6591], 'TotalSysCpuTimeHistory': [1956], 'WallDurations': [10.0, 18.84561252593994, 4795.0], 'JobIds': ['141680697.0'], 'State': 'finished', 'RecordedSite': True, 'Error': [0, 'OK', {}]}, '573': {'Retries': 0, 'Restarts': 0, 'SiteHistory': ['Unknown', 'T3_KR_KNU', 'T3_KR_KNU'], 'ResidentSetSize': [748296], 'SubmitTimes': [1772161739.0], 'StartTimes': [1772164434.0], 'EndTimes': [1772168225.0], 'TotalUserCpuTimeHistory': [5177], 'TotalSysCpuTimeHistory': [1722], 'WallDurations': [10.0, 27.84561252593994, 3791.0], 'JobIds': ['141680698.0'], 'State': 'finished', 'RecordedSite': True, 'Error': [0, 'OK', {}]}, '576': {'Retries': 1, 'Restarts': 0, 'SiteHistory': ['Unknown', 'T2_IT_Rome', 'T2_IT_Rome', 'Unknown', 'T2_CH_CERN', 'T2_CH_CERN'], 'ResidentSetSize': [618528, 723364], 'SubmitTimes': [1772161739.0, 1772171538.0], 'StartTimes': [1772164479.0, 1772171669.0], 'EndTimes': [1772166058.0, 1772174297.0], 'TotalUserCpuTimeHistory': [2561, 2924], 'TotalSysCpuTimeHistory': [372, 1041], 'WallDurations': [8.0, 285.1687002182007, 1579.0, 8.0, 282.1406033039093, 2628.0], 'JobIds': ['141680699.0', '141681926.0'], 'State': 'transferring', 'RecordedSite': True, 'Error': [90000, "Got recoverable stageout exception:\nStageout failed with code 1.\nThere were 3 failed/killed stageout jobs.\nFailure reasons (per document) follow:\n- 3622f5317de2ee208c2011220d77b4971fafb6e92dbe91fbc42e0a54:\n  -----> ASO log start -----\n  ['TRANSFER [5] TRANSFER ERROR: Copy failed (3rd pull). Last attempt: copy HTTP 500 : Unexpected server error: 500 [...CUT...] Full log at https://fts3-cms.cern.ch:8449/fts3/ftsmon/#/job/46775d0e-1394-11f1-8d33-fa163e9e00e6']\n  <----- ASO log finish ----\n  The last failure reason is recoverable.\n- ee7b9cd6e1f07bd884a0a6834ada11b31ef3b21c1ff85276f92b0503:\n  -----> ASO log start -----\n  ['TRANSFER [5] TRANSFER ERROR: Copy failed (3rd pull). Last attempt: copy HTTP 500 : Unexpected server error: 500 [...CUT...] Full log at https://fts3-cms.cern.ch:8449/fts3/ftsmon/#/job/46775d0e-1394-11f1-8d33-fa163e9e00e6']\n  <----- ASO log finish ----\n  The last failure reason is recoverable.\n- 1702f7d7fd06acd83a1ebbdeb2fe10e06152e2a9449b11f98b8b947d:\n  -----> ASO log start -----\n  ['TRANSFER [5] TRANSFER ERROR: Copy failed (3rd pull). Last attempt: copy HTTP 500 : Unexpected server error: 500 [...CUT...] Full log at https://fts3-cms.cern.ch:8449/fts3/ftsmon/#/job/46775d0e-1394-11f1-8d33-fa163e9e00e6']\n  <----- ASO log finish ----\n  The last failure reason is recoverable.", {}]}, '577': {'Retries': 1, 'Restarts': 0, 'SiteHistory': ['Unknown', 'T2_IT_Legnaro', 'T2_IT_Legnaro', 'T2_US_UCSD', 'T2_US_UCSD'], 'ResidentSetSize': [688488, 695296], 'SubmitTimes': [1772161739.0, 1772169763.0], 'StartTimes': [1772164515.0, 1772169853.0], 'EndTimes': [1772166088.0, 1772171976.0], 'TotalUserCpuTimeHistory': [1994, 2430], 'TotalSysCpuTimeHistory': [469, 611], 'WallDurations': [9.0, 249.16870021820068, 1573.0, 9.0, 2123.0], 'JobIds': ['141680700.0', '141681682.0'], 'State': 'finished', 'RecordedSite': True, 'Error': [0, 'OK', {}]}, '578': {'Retries': 1, 'Restarts': 0, 'SiteHistory': ['Unknown', 'T2_BE_IIHE', 'T2_BE_IIHE', 'Unknown', 'T2_CH_CERN', 'T2_CH_CERN'], 'ResidentSetSize': [672552, 669244], 'SubmitTimes': [1772161739.0, 1772173380.0], 'StartTimes': [1772164520.0, 1772173593.0], 'EndTimes': [1772166100.0, 1772175765.0], 'TotalUserCpuTimeHistory': [2011, 2586], 'TotalSysCpuTimeHistory': [630, 763], 'WallDurations': [9.0, 244.16870021820068, 1580.0, 8.0, 234.68663930892944, 2172.0], 'JobIds': ['141680701.0', '141683351.0'], 'State': 'transferring', 'RecordedSite': True, 'Error': [90000, "Got recoverable stageout exception:\nStageout failed with code 1.\nThere were 3 failed/killed stageout jobs.\nFailure reasons (per document) follow:\n- a71956aa02612802f6f38cde0495244ef210b7bc8f151e10daea3b80:\n  -----> ASO log start -----\n  ['DESTINATION [110] timeout of 900s [...CUT...] Full log at https://fts3-cms.cern.ch:8449/fts3/ftsmon/#/job/4691edea-1394-11f1-9d6d-fa163e172462']\n  <----- ASO log finish ----\n  The last failure reason is recoverable.\n- 1475a3dcd92e79003661b6bcf99ab0e56dc36dc374751860cccf435a:\n  -----> ASO log start -----\n  ['TRANSFER [5] TRANSFER ERROR: Copy failed (3rd pull). Last attempt: copy HTTP 500 : Unexpected server error: 500 [...CUT...] Full log at https://fts3-cms.cern.ch:8449/fts3/ftsmon/#/job/4691edea-1394-11f1-9d6d-fa163e172462']\n  <----- ASO log finish ----\n  The last failure reason is recoverable.\n- 2dae609ff1788141bcaf8a263931eb40cc8d2447a7cd380a9200f21b:\n  -----> ASO log start -----\n  ['TRANSFER [5] TRANSFER ERROR: Copy failed (3rd pull). Last attempt: copy HTTP 500 : Unexpected server error: 500 [...CUT...] Full log at https://fts3-cms.cern.ch:8449/fts3/ftsmon/#/job/4691edea-1394-11f1-9d6d-fa163e172462']\n  <----- ASO log finish ----\n  The last failure reason is recoverable.", {}]}, '579': {'Retries': 2, 'Restarts': 0, 'SiteHistory': ['Unknown', 'T2_BE_IIHE', 'T2_BE_IIHE', 'Unknown', 'T3_KR_KNU', 'T3_KR_KNU', 'T2_CH_CERN', 'T2_CH_CERN'], 'ResidentSetSize': [618388, 770276, 1501580], 'SubmitTimes': [1772161739.0, 1772171638.0, 1772181485.0], 'StartTimes': [1772164585.0, 1772171859.0, 1772181588.0], 'EndTimes': [1772166162.0, 1772175954.0, 1772184247.0], 'TotalUserCpuTimeHistory': [2017, 5020, 2972], 'TotalSysCpuTimeHistory': [570, 1849, 1031], 'WallDurations': [9.0, 179.16870021820068, 1577.0, 9.0, 92.1406033039093, 4095.0, 8.0, 2659.0], 'JobIds': ['141680702.0', '141681935.0', '141686192.0'], 'State': 'transferring', 'RecordedSite': True, 'Error': [90000, "Got recoverable stageout exception:\nStageout failed with code 1.\nThere were 1 failed/killed stageout jobs.\nFailure reasons (per document) follow:\n- 07b80c27f1752da3191b629d86f574dff6d79b173e25573e856602bb:\n  -----> ASO log start -----\n  ['TRANSFER [112] TRANSFER ERROR: Copy failed (3rd pull). Last attempt: copy HTTP 400 : Server Error [...CUT...] Full log at https://fts3-cms.cern.ch:8449/fts3/ftsmon/#/job/f64d2cc0-13aa-11f1-8625-fa163e9e00e6']\n  <----- ASO log finish ----\n  The last failure reason is recoverable.", {}]}, '580': {'Retries': 1, 'Restarts': 0, 'SiteHistory': ['Unknown', 'T2_BE_IIHE', 'T2_BE_IIHE', 'Unknown', 'T2_CH_CERN', 'T2_CH_CERN'], 'ResidentSetSize': [682540, 748332], 'SubmitTimes': [1772161739.0, 1772171776.0], 'StartTimes': [1772164589.0, 1772171996.0], 'EndTimes': [1772166303.0, 1772173604.0], 'TotalUserCpuTimeHistory': [2174, 2543], 'TotalSysCpuTimeHistory': [665, 376], 'WallDurations': [8.0, 175.16870021820068, 1714.0, 9.0, 265.8982946872711, 1608.0], 'JobIds': ['141680703.0', '141681946.0'], 'State': 'transferring', 'RecordedSite': True, 'Error': [90000, "Got recoverable stageout exception:\nStageout failed with code 1.\nThere were 3 failed/killed stageout jobs.\nFailure reasons (per document) follow:\n- 6848dc0101184bdc3b30121c9fc91ad303500ce6e2d1cfa062161bea:\n  -----> ASO log start -----\n  ['TRANSFER [5] TRANSFER ERROR: Copy failed (3rd pull). Last attempt: copy HTTP 500 : Unexpected server error: 500 [...CUT...] Full log at https://fts3-cms.cern.ch:8449/fts3/ftsmon/#/job/ff844e38-1394-11f1-89fc-fa163eaa97bf']\n  <----- ASO log finish ----\n  The last failure reason is recoverable.\n- 1847804e3be3416a0dfdcb6636c4451d60a85b6ba8f90c2fe66f549f:\n  -----> ASO log start -----\n  ['TRANSFER [5] TRANSFER ERROR: Copy failed (3rd pull). Last attempt: copy HTTP 500 : Unexpected server error: 500 [...CUT...] Full log at https://fts3-cms.cern.ch:8449/fts3/ftsmon/#/job/ff844e38-1394-11f1-89fc-fa163eaa97bf']\n  <----- ASO log finish ----\n  The last failure reason is recoverable.\n- 8e257bb4486a4c6b2f021d7dc41b72748c9c9b1d9a5eae010aadd1cd:\n  -----> ASO log start -----\n  ['TRANSFER [5] TRANSFER ERROR: Copy failed (3rd pull). Last attempt: copy HTTP 500 : Unexpected server error: 500 [...CUT...] Full log at https://fts3-cms.cern.ch:8449/fts3/ftsmon/#/job/ff844e38-1394-11f1-89fc-fa163eaa97bf']\n  <----- ASO log finish ----\n  The last failure reason is recoverable.", {}]}, '581': {'Retries': 1, 'Restarts': 0, 'SiteHistory': ['Unknown', 'T2_IT_Rome', 'T2_IT_Rome', 'T2_CH_CERN', 'T2_CH_CERN'], 'ResidentSetSize': [581708, 2815312], 'SubmitTimes': [1772161739.0, 1772169963.0], 'StartTimes': [1772164593.0, 1772170037.0], 'EndTimes': [1772166290.0, 1772173860.0], 'TotalUserCpuTimeHistory': [2615, 4999], 'TotalSysCpuTimeHistory': [364, 1389], 'WallDurations': [9.0, 171.16870021820068, 1697.0, 9.0, 3823.0], 'JobIds': ['141680704.0', '141681708.0'], 'State': 'transferring', 'RecordedSite': True, 'Error': [90000, "Got recoverable stageout exception:\nStageout failed with code 1.\nThere were 3 failed/killed stageout jobs.\nFailure reasons (per document) follow:\n- a4ebb4eef413573a74032332125d66b77394f6c64ebfbd6ffd722a38:\n  -----> ASO log start -----\n  ['TRANSFER [5] TRANSFER ERROR: Copy failed (3rd pull). Last attempt: copy HTTP 500 : Unexpected server error: 500 [...CUT...] Full log at https://fts3-cms.cern.ch:8449/fts3/ftsmon/#/job/46775d0e-1394-11f1-8d33-fa163e9e00e6']\n  <----- ASO log finish ----\n  The last failure reason is recoverable.\n- ef83c949c28be6208dbf53031ec8d7bc38b9118fdb0bf9f53712505d:\n  -----> ASO log start -----\n  ['TRANSFER [5] TRANSFER ERROR: Copy failed (3rd pull). Last attempt: copy HTTP 500 : Unexpected server error: 500 [...CUT...] Full log at https://fts3-cms.cern.ch:8449/fts3/ftsmon/#/job/46775d0e-1394-11f1-8d33-fa163e9e00e6']\n  <----- ASO log finish ----\n  The last failure reason is recoverable.\n- 8b1d1358310d596e2654aba371162d83bd5ebb5be269d25f18dffe77:\n  -----> ASO log start -----\n  ['TRANSFER [5] TRANSFER ERROR: Copy failed (3rd pull). Last attempt: copy HTTP 500 : Unexpected server error: 500 [...CUT...] Full log at https://fts3-cms.cern.ch:8449/fts3/ftsmon/#/job/46775d0e-1394-11f1-8d33-fa163e9e00e6']\n  <----- ASO log finish ----\n  The last failure reason is recoverable.", {}]}, '582': {'Retries': 1, 'Restarts': 0, 'SiteHistory': ['Unknown', 'T2_FR_IPHC', 'T2_FR_IPHC', 'T2_CH_CERN', 'T2_CH_CERN'], 'ResidentSetSize': [696876, 777332], 'SubmitTimes': [1772161739.0, 1772178908.0], 'StartTimes': [1772164594.0, 1772178935.0], 'EndTimes': [1772166231.0, 1772181308.0], 'TotalUserCpuTimeHistory': [1988, 3186], 'TotalSysCpuTimeHistory': [596, 645], 'WallDurations': [8.0, 170.16870021820068, 1637.0, 8.0, 2373.0], 'JobIds': ['141680705.0', '141685873.0'], 'State': 'transferring', 'RecordedSite': True, 'Error': [90000, "Got recoverable stageout exception:\nStageout failed with code 1.\nThere were 3 failed/killed stageout jobs.\nFailure reasons (per document) follow:\n- 1fafd5ef91e3924749658fc4a4ced99fc61f84d5be8c8358c96f62cb:\n  -----> ASO log start -----\n  ['TRANSFER [5] TRANSFER ERROR: Copy failed (3rd pull). Last attempt: copy HTTP 500 : Unexpected server error: 500 [...CUT...] Full log at https://fts3-cms.cern.ch:8449/fts3/ftsmon/#/job/472d5ec4-1394-11f1-8668-fa163e65d4d2']\n  <----- ASO log finish ----\n  The last failure reason is recoverable.\n- d5db4afd32829dcc128070c316ac9c0e0a375175b6663bb7258768f0:\n  -----> ASO log start -----\n  ['TRANSFER [5] TRANSFER ERROR: Copy failed (3rd pull). Last attempt: copy HTTP 500 : Unexpected server error: 500 [...CUT...] Full log at https://fts3-cms.cern.ch:8449/fts3/ftsmon/#/job/472d5ec4-1394-11f1-8668-fa163e65d4d2']\n  <----- ASO log finish ----\n  The last failure reason is recoverable.\n- 0647421a8ead75e1c56b51c215acfb810165e1a5756a00ccb95aa2da:\n  -----> ASO log start -----\n  ['TRANSFER [5] TRANSFER ERROR: Copy failed (3rd pull). Last attempt: copy HTTP 500 : Unexpected server error: 500 [...CUT...] Full log at https://fts3-cms.cern.ch:8449/fts3/ftsmon/#/job/472d5ec4-1394-11f1-8668-fa163e65d4d2']\n  <----- ASO log finish ----\n  The last failure reason is recoverable.", {}]}, '583': {'Retries': 2, 'Restarts': 0, 'SiteHistory': ['Unknown', 'T2_BE_UCL', 'T2_BE_UCL', 'Unknown', 'T2_TR_METU', 'T2_TR_METU', 'T2_CH_CERN', 'T2_CH_CERN'], 'ResidentSetSize': [671004, 664408, 457932], 'SubmitTimes': [1772161739.0, 1772169718.0, 1772192246.0], 'StartTimes': [1772164599.0, 1772169784.0, 1772192258.0], 'EndTimes': [1772166044.0, 1772174099.0, 1772194608.0], 'TotalUserCpuTimeHistory': [1818, 5658, 2725], 'TotalSysCpuTimeHistory': [129, 1666, 842], 'WallDurations': [8.0, 165.16870021820068, 1445.0, 10.0, 279.5890464782715, 4315.0, 8.0, 2350.0], 'JobIds': ['141680706.0', '141681678.0', '141697457.0'], 'State': 'transferring', 'RecordedSite': True, 'Error': [90000, "Got recoverable stageout exception:\nStageout failed with code 1.\nThere were 3 failed/killed stageout jobs.\nFailure reasons (per document) follow:\n- fe25cefd0fb978cac88c15c3237c61cc38a57edfe44aa4ac3f8bea5f:\n  -----> ASO log start -----\n  ['TRANSFER [5] TRANSFER ERROR: Copy failed (3rd pull). Last attempt: copy HTTP 500 : Unexpected server error: 500 [...CUT...] Full log at https://fts3-cms.cern.ch:8449/fts3/ftsmon/#/job/91ec5b10-13a6-11f1-8797-fa163e6c8d57']\n  <----- ASO log finish ----\n  The last failure reason is recoverable.\n- 1676b7619a90c9c271ac7b958e137b9ade8b526637f3060f27ba9f4e:\n  -----> ASO log start -----\n  ['TRANSFER [5] TRANSFER ERROR: Copy failed (3rd pull). Last attempt: copy HTTP 500 : Unexpected server error: 500 [...CUT...] Full log at https://fts3-cms.cern.ch:8449/fts3/ftsmon/#/job/91ec5b10-13a6-11f1-8797-fa163e6c8d57']\n  <----- ASO log finish ----\n  The last failure reason is recoverable.\n- f67b9488358b05c0f45b8cfdfe62550e7ab5ecf69bce14e420e57570:\n  -----> ASO log start -----\n  ['TRANSFER [5] TRANSFER ERROR: Copy failed (3rd pull). Last attempt: copy HTTP 500 : Unexpected server error: 500 [...CUT...] Full log at https://fts3-cms.cern.ch:8449/fts3/ftsmon/#/job/91ec5b10-13a6-11f1-8797-fa163e6c8d57']\n  <----- ASO log finish ----\n  The last failure reason is recoverable.", {}]}, '584': {'Retries': 2, 'Restarts': 0, 'SiteHistory': ['Unknown', 'T2_FR_IPHC', 'T2_FR_IPHC', 'T2_TR_METU', 'T2_TR_METU', 'Unknown', 'T2_CH_CERN', 'T2_CH_CERN'], 'ResidentSetSize': [682472, 737084, 3261116], 'SubmitTimes': [1772161739.0, 1772169843.0, 1772189516.0], 'StartTimes': [1772164606.0, 1772169896.0, 1772189563.0], 'EndTimes': [1772166172.0, 1772174965.0, 1772193687.0], 'TotalUserCpuTimeHistory': [1963, 5913, 5213], 'TotalSysCpuTimeHistory': [557, 1919, 1268], 'WallDurations': [8.0, 158.16870021820068, 1566.0, 10.0, 5069.0, 8.0, 294.9253373146057, 4124.0], 'JobIds': ['141680707.0', '141681693.0', '141695127.0'], 'State': 'transferring', 'RecordedSite': True, 'Error': [90000, "Got recoverable stageout exception:\nStageout failed with code 1.\nThere were 3 failed/killed stageout jobs.\nFailure reasons (per document) follow:\n- ef924dadfc7092eae790cbabe640927af80c171da956f52ef495e951:\n  -----> ASO log start -----\n  ['TRANSFER [5] TRANSFER ERROR: Copy failed (3rd pull). Last attempt: copy HTTP 500 : Unexpected server error: 500 [...CUT...] Full log at https://fts3-cms.cern.ch:8449/fts3/ftsmon/#/job/c3126854-13a8-11f1-9ac5-fa163e1db714']\n  <----- ASO log finish ----\n  The last failure reason is recoverable.\n- bbf1b761b1c3f269e2bd7c4a26743977cf2d92ca500e73ae26f45500:\n  -----> ASO log start -----\n  ['TRANSFER [5] TRANSFER ERROR: Copy failed (3rd pull). Last attempt: copy HTTP 500 : Unexpected server error: 500 [...CUT...] Full log at https://fts3-cms.cern.ch:8449/fts3/ftsmon/#/job/c3126854-13a8-11f1-9ac5-fa163e1db714']\n  <----- ASO log finish ----\n  The last failure reason is recoverable.\n- 0451b508134d21eb38100315af2f735ca3f5a9fcf99bf5df809190e5:\n  -----> ASO log start -----\n  ['TRANSFER [5] TRANSFER ERROR: Copy failed (3rd pull). Last attempt: copy HTTP 500 : Unexpected server error: 500 [...CUT...] Full log at https://fts3-cms.cern.ch:8449/fts3/ftsmon/#/job/c3126854-13a8-11f1-9ac5-fa163e1db714']\n  <----- ASO log finish ----\n  The last failure reason is recoverable.", {}]}, '585': {'Retries': 1, 'Restarts': 0, 'SiteHistory': ['Unknown', 'T2_IT_Rome', 'T2_IT_Rome', 'T2_CH_CERN', 'T2_CH_CERN'], 'ResidentSetSize': [533236, 660512], 'SubmitTimes': [1772161739.0, 1772169963.0], 'StartTimes': [1772164611.0, 1772170042.0], 'EndTimes': [1772166283.0, 1772171927.0], 'TotalUserCpuTimeHistory': [2563, 2248], 'TotalSysCpuTimeHistory': [357, 740], 'WallDurations': [8.0, 153.16870021820068, 1672.0, 9.0, 1885.0], 'JobIds': ['141680708.0', '141681709.0'], 'State': 'finished', 'RecordedSite': True, 'Error': [0, 'OK', {}]}, '586': {'Retries': 1, 'Restarts': 0, 'SiteHistory': ['Unknown', 'T2_FR_IPHC', 'T2_FR_IPHC', 'Unknown', 'T2_BE_IIHE', 'T2_BE_IIHE'], 'ResidentSetSize': [684760, 3647212], 'SubmitTimes': [1772161739.0, 1772171863.0], 'StartTimes': [1772164687.0, 1772172126.0], 'EndTimes': [1772166388.0, 1772174003.0], 'TotalUserCpuTimeHistory': [1825, 2440], 'TotalSysCpuTimeHistory': [331, 834], 'WallDurations': [9.0, 77.16870021820068, 1701.0, 9.0, 135.89829468727112, 1877.0], 'JobIds': ['141680709.0', '141681951.0'], 'State': 'transferring', 'RecordedSite': True, 'Error': [90000, "Got recoverable stageout exception:\nStageout failed with code 1.\nThere were 3 failed/killed stageout jobs.\nFailure reasons (per document) follow:\n- c1ab340731711322fec311cc041a0003de456d605b51bafe967f6d8f:\n  -----> ASO log start -----\n  ['TRANSFER [5] TRANSFER ERROR: Copy failed (3rd pull). Last attempt: copy HTTP 500 : Unexpected server error: 500 [...CUT...] Full log at https://fts3-cms.cern.ch:8449/fts3/ftsmon/#/job/0021d040-1395-11f1-8ef1-fa163eaa97bf']\n  <----- ASO log finish ----\n  The last failure reason is recoverable.\n- b03b907a2dc0a3893a1c710f4b1afcb12b0d149ca09395f42347b342:\n  -----> ASO log start -----\n  ['TRANSFER [5] TRANSFER ERROR: Copy failed (3rd pull). Last attempt: copy HTTP 500 : Unexpected server error: 500 [...CUT...] Full log at https://fts3-cms.cern.ch:8449/fts3/ftsmon/#/job/0021d040-1395-11f1-8ef1-fa163eaa97bf']\n  <----- ASO log finish ----\n  The last failure reason is recoverable.\n- 64b83de9b9afdaf5c50414eb2e7b1fc29fb2cd62a965b4f5a225602b:\n  -----> ASO log start -----\n  ['TRANSFER [5] TRANSFER ERROR: Copy failed (3rd pull). Last attempt: copy HTTP 500 : Unexpected server error: 500 [...CUT...] Full log at https://fts3-cms.cern.ch:8449/fts3/ftsmon/#/job/0021d040-1395-11f1-8ef1-fa163eaa97bf']\n  <----- ASO log finish ----\n  The last failure reason is recoverable.", {}]}, '587': {'Retries': 1, 'Restarts': 0, 'SiteHistory': ['Unknown', 'T2_FR_IPHC', 'T2_FR_IPHC', 'T2_BE_IIHE', 'T2_BE_IIHE'], 'ResidentSetSize': [662444, 725200], 'SubmitTimes': [1772161739.0, 1772170149.0], 'StartTimes': [1772164692.0, 1772170254.0], 'EndTimes': [1772166475.0, 1772172125.0], 'TotalUserCpuTimeHistory': [2236, 2400], 'TotalSysCpuTimeHistory': [680, 778], 'WallDurations': [9.0, 72.16870021820068, 1783.0, 8.0, 1871.0], 'JobIds': ['141680710.0', '141681733.0'], 'State': 'transferring', 'RecordedSite': True, 'Error': [90000, "Got recoverable stageout exception:\nStageout failed with code 1.\nThere were 3 failed/killed stageout jobs.\nFailure reasons (per document) follow:\n- f288bf0dbf3ec03b5ecbdf1472b68c01a88dd684300d54f8a127a25d:\n  -----> ASO log start -----\n  ['TRANSFER [5] TRANSFER ERROR: Copy failed (3rd pull). Last attempt: copy HTTP 500 : Unexpected server error: 500 [...CUT...] Full log at https://fts3-cms.cern.ch:8449/fts3/ftsmon/#/job/0021d040-1395-11f1-8ef1-fa163eaa97bf']\n  <----- ASO log finish ----\n  The last failure reason is recoverable.\n- 6ba57eef1b56b442b27ffdbc1a6ec65572ff3de8be3f983065aa272b:\n  -----> ASO log start -----\n  ['TRANSFER [5] TRANSFER ERROR: Copy failed (3rd pull). Last attempt: copy HTTP 500 : Unexpected server error: 500 [...CUT...] Full log at https://fts3-cms.cern.ch:8449/fts3/ftsmon/#/job/0021d040-1395-11f1-8ef1-fa163eaa97bf']\n  <----- ASO log finish ----\n  The last failure reason is recoverable.\n- 285dca77049927214b4d4422868b570f0b2ec744af27ea15fa6025d0:\n  -----> ASO log start -----\n  ['TRANSFER [5] TRANSFER ERROR: Copy failed (3rd pull). Last attempt: copy HTTP 500 : Unexpected server error: 500 [...CUT...] Full log at https://fts3-cms.cern.ch:8449/fts3/ftsmon/#/job/0021d040-1395-11f1-8ef1-fa163eaa97bf']\n  <----- ASO log finish ----\n  The last failure reason is recoverable.", {}]}, '588': {'Retries': 1, 'Restarts': 0, 'SiteHistory': ['Unknown', 'T2_FR_IPHC', 'T2_FR_IPHC', 'Unknown', 'T2_CH_CERN', 'T2_CH_CERN'], 'ResidentSetSize': [712164, 701152], 'SubmitTimes': [1772161739.0, 1772171934.0], 'StartTimes': [1772164694.0, 1772172183.0], 'EndTimes': [1772166458.0, 1772176641.0], 'TotalUserCpuTimeHistory': [2104, 4851], 'TotalSysCpuTimeHistory': [589, 1112], 'WallDurations': [9.0, 70.16870021820068, 1764.0, 9.0, 78.89829468727112, 4458.0], 'JobIds': ['141680711.0', '141681962.0'], 'State': 'transferring', 'RecordedSite': True, 'Error': [90000, "Got recoverable stageout exception:\nStageout failed with code 1.\nThere were 3 failed/killed stageout jobs.\nFailure reasons (per document) follow:\n- 23d2cbd6ceca9774e26b6dc037b3d317c9e8cc9f9712981d962c3527:\n  -----> ASO log start -----\n  ['TRANSFER [5] TRANSFER ERROR: Copy failed (3rd pull). Last attempt: copy HTTP 500 : Unexpected server error: 500 [...CUT...] Full log at https://fts3-cms.cern.ch:8449/fts3/ftsmon/#/job/0021d040-1395-11f1-8ef1-fa163eaa97bf']\n  <----- ASO log finish ----\n  The last failure reason is recoverable.\n- 9ced821983bbf4fb9ac23de3e3b55e846f18be85a8160a9642c6520b:\n  -----> ASO log start -----\n  ['TRANSFER [5] TRANSFER ERROR: Copy failed (3rd pull). Last attempt: copy HTTP 500 : Unexpected server error: 500 [...CUT...] Full log at https://fts3-cms.cern.ch:8449/fts3/ftsmon/#/job/0021d040-1395-11f1-8ef1-fa163eaa97bf']\n  <----- ASO log finish ----\n  The last failure reason is recoverable.\n- 1f35fa7c836d1e520e81dcf0915ec442a680332b5350dd8185ce6a97:\n  -----> ASO log start -----\n  ['TRANSFER [5] TRANSFER ERROR: Copy failed (3rd pull). Last attempt: copy HTTP 500 : Unexpected server error: 500 [...CUT...] Full log at https://fts3-cms.cern.ch:8449/fts3/ftsmon/#/job/0021d040-1395-11f1-8ef1-fa163eaa97bf']\n  <----- ASO log finish ----\n  The last failure reason is recoverable.", {}]}, '589': {'Retries': 2, 'Restarts': 0, 'SiteHistory': ['Unknown', 'T2_FR_IPHC', 'T2_FR_IPHC', 'Unknown', 'T2_DE_RWTH', 'T2_DE_RWTH', 'Unknown', 'T2_US_Nebraska', 'T2_US_Nebraska'], 'ResidentSetSize': [649260, 695568, 3663652], 'SubmitTimes': [1772161739.0, 1772179194.0, 1772193162.0], 'StartTimes': [1772164705.0, 1772179253.0, 1772193543.0], 'EndTimes': [1772166509.0, 1772187626.0, 1772196658.0], 'TotalUserCpuTimeHistory': [2153, 9526, 3968], 'TotalSysCpuTimeHistory': [602, 2579, 700], 'WallDurations': [9.0, 59.168700218200684, 1804.0, 9.0, 260.98114037513733, 8373.0, 9.0, 92.11276602745056, 3115.0], 'JobIds': ['141680712.0', '141685902.0', '141698382.0'], 'State': 'finished', 'RecordedSite': True, 'Error': [0, 'OK', {}]}, '590': {'Retries': 2, 'Restarts': 0, 'SiteHistory': ['Unknown', 'T2_FR_IPHC', 'T2_FR_IPHC', 'Unknown', 'T2_BE_UCL', 'T2_BE_UCL', 'T2_CH_CERN', 'T2_CH_CERN'], 'ResidentSetSize': [708444, 785980, 1030260], 'SubmitTimes': [1772161739.0, 1772171964.0, 1772180729.0], 'StartTimes': [1772164708.0, 1772172268.0, 1772180736.0], 'EndTimes': [1772166493.0, 1772175194.0, 1772183246.0], 'TotalUserCpuTimeHistory': [2259, 1769, 2885], 'TotalSysCpuTimeHistory': [542, 113, 913], 'WallDurations': [8.0, 56.168700218200684, 1785.0, 9.0, 307.4482002258301, 2926.0, 9.0, 2510.0], 'JobIds': ['141680713.0', '141681965.0', '141686089.0'], 'State': 'transferring', 'RecordedSite': True, 'Error': [90000, "Got recoverable stageout exception:\nStageout failed with code 1.\nThere were 3 failed/killed stageout jobs.\nFailure reasons (per document) follow:\n- e1af73510af23bb70c0746da512f0da66e45c41c8146708513191d3a:\n  -----> ASO log start -----\n  ['TRANSFER [5] TRANSFER ERROR: Copy failed (3rd pull). Last attempt: copy HTTP 500 : Unexpected server error: 500 [...CUT...] Full log at https://fts3-cms.cern.ch:8449/fts3/ftsmon/#/job/7e2dd3d0-13a9-11f1-a0d4-fa163e4409e3']\n  <----- ASO log finish ----\n  The last failure reason is recoverable.\n- c06b9cad90354ff869f513b79f9b11dde26576f69a1fcf0f29cd55e6:\n  -----> ASO log start -----\n  ['TRANSFER [5] TRANSFER ERROR: Copy failed (3rd pull). Last attempt: copy HTTP 500 : Unexpected server error: 500 [...CUT...] Full log at https://fts3-cms.cern.ch:8449/fts3/ftsmon/#/job/7e2dd3d0-13a9-11f1-a0d4-fa163e4409e3']\n  <----- ASO log finish ----\n  The last failure reason is recoverable.\n- 5bf18b8c52d800af7e30e44266b467eb25d0aa855dc9d256252cb362:\n  -----> ASO log start -----\n  ['TRANSFER [5] TRANSFER ERROR: Copy failed (3rd pull). Last attempt: copy HTTP 500 : Unexpected server error: 500 [...CUT...] Full log at https://fts3-cms.cern.ch:8449/fts3/ftsmon/#/job/7e2dd3d0-13a9-11f1-a0d4-fa163e4409e3']\n  <----- ASO log finish ----\n  The last failure reason is recoverable.", {}]}, '591': {'Retries': 0, 'Restarts': 0, 'SiteHistory': ['Unknown', 'T2_CH_CERN', 'T2_CH_CERN'], 'ResidentSetSize': [768512], 'SubmitTimes': [1772161739.0], 'StartTimes': [1772164710.0], 'EndTimes': [1772166445.0], 'TotalUserCpuTimeHistory': [2117], 'TotalSysCpuTimeHistory': [597], 'WallDurations': [9.0, 54.168700218200684, 1735.0], 'JobIds': ['141680714.0'], 'State': 'finished', 'RecordedSite': True, 'Error': [0, 'OK', {}]}, '592': {'Retries': 0, 'Restarts': 0, 'SiteHistory': ['Unknown', 'T2_CH_CERN', 'T2_CH_CERN'], 'ResidentSetSize': [662624], 'SubmitTimes': [1772161739.0], 'StartTimes': [1772164710.0], 'EndTimes': [1772166299.0], 'TotalUserCpuTimeHistory': [2470], 'TotalSysCpuTimeHistory': [344], 'WallDurations': [9.0, 54.168700218200684, 1589.0], 'JobIds': ['141680715.0'], 'State': 'finished', 'RecordedSite': True, 'Error': [0, 'OK', {}]}, '607': {'Retries': 0, 'Restarts': 0, 'SiteHistory': ['Unknown', 'T2_CH_CERN', 'T2_CH_CERN'], 'ResidentSetSize': [681860], 'SubmitTimes': [1772161739.0], 'StartTimes': [1772164710.0], 'EndTimes': [1772167281.0], 'TotalUserCpuTimeHistory': [2985], 'TotalSysCpuTimeHistory': [947], 'WallDurations': [10.0, 54.168700218200684, 2571.0], 'JobIds': ['141680716.0'], 'State': 'finished', 'RecordedSite': True, 'Error': [0, 'OK', {}]}, '605': {'Retries': 0, 'Restarts': 0, 'SiteHistory': ['Unknown', 'T2_CH_CERN', 'T2_CH_CERN'], 'ResidentSetSize': [3591572], 'SubmitTimes': [1772161739.0], 'StartTimes': [1772164711.0], 'EndTimes': [1772167254.0], 'TotalUserCpuTimeHistory': [3008], 'TotalSysCpuTimeHistory': [948], 'WallDurations': [8.0, 53.168700218200684, 2543.0], 'JobIds': ['141680717.0'], 'State': 'finished', 'RecordedSite': True, 'Error': [0, 'OK', {}]}, '594': {'Retries': 0, 'Restarts': 0, 'SiteHistory': ['Unknown', 'T2_CH_CERN', 'T2_CH_CERN'], 'ResidentSetSize': [682452], 'SubmitTimes': [1772161739.0], 'StartTimes': [1772164710.0], 'EndTimes': [1772167360.0], 'TotalUserCpuTimeHistory': [3089], 'TotalSysCpuTimeHistory': [1050], 'WallDurations': [9.0, 54.168700218200684, 2650.0], 'JobIds': ['141680718.0'], 'State': 'finished', 'RecordedSite': True, 'Error': [0, 'OK', {}]}, '608': {'Retries': 0, 'Restarts': 0, 'SiteHistory': ['Unknown', 'T2_CH_CERN', 'T2_CH_CERN'], 'ResidentSetSize': [791856], 'SubmitTimes': [1772161739.0], 'StartTimes': [1772164710.0], 'EndTimes': [1772167374.0], 'TotalUserCpuTimeHistory': [3120], 'TotalSysCpuTimeHistory': [1167], 'WallDurations': [9.0, 54.168700218200684, 2664.0], 'JobIds': ['141680719.0'], 'State': 'finished', 'RecordedSite': True, 'Error': [0, 'OK', {}]}, '611': {'Retries': 1, 'Restarts': 0, 'SiteHistory': ['Unknown', 'T2_CH_CERN', 'T2_CH_CERN', 'T2_DE_RWTH', 'T2_DE_RWTH'], 'ResidentSetSize': [2008088, 766868], 'SubmitTimes': [1772161739.0, 1772169763.0], 'StartTimes': [1772164710.0, 1772169863.0], 'EndTimes': [1772166091.0, 1772176190.0], 'TotalUserCpuTimeHistory': [2145, 8193], 'TotalSysCpuTimeHistory': [400, 2325], 'WallDurations': [9.0, 54.168700218200684, 1381.0, 9.0, 6327.0], 'JobIds': ['141680720.0', '141681683.0'], 'State': 'finished', 'RecordedSite': True, 'Error': [0, 'OK', {}]}, '598': {'Retries': 0, 'Restarts': 0, 'SiteHistory': ['Unknown', 'T2_CH_CERN', 'T2_CH_CERN'], 'ResidentSetSize': [728508], 'SubmitTimes': [1772161739.0], 'StartTimes': [1772164710.0], 'EndTimes': [1772166256.0], 'TotalUserCpuTimeHistory': [1890], 'TotalSysCpuTimeHistory': [529], 'WallDurations': [9.0, 54.168700218200684, 1546.0], 'JobIds': ['141680721.0'], 'State': 'finished', 'RecordedSite': True, 'Error': [0, 'OK', {}]}, '595': {'Retries': 0, 'Restarts': 0, 'SiteHistory': ['Unknown', 'T2_CH_CERN', 'T2_CH_CERN'], 'ResidentSetSize': [681252], 'SubmitTimes': [1772161739.0], 'StartTimes': [1772164710.0], 'EndTimes': [1772166968.0], 'TotalUserCpuTimeHistory': [2721], 'TotalSysCpuTimeHistory': [840], 'WallDurations': [9.0, 54.168700218200684, 2258.0], 'JobIds': ['141680722.0'], 'State': 'finished', 'RecordedSite': True, 'Error': [0, 'OK', {}]}, '599': {'Retries': 0, 'Restarts': 0, 'SiteHistory': ['Unknown', 'T2_CH_CERN', 'T2_CH_CERN'], 'ResidentSetSize': [1949268], 'SubmitTimes': [1772161739.0], 'StartTimes': [1772164710.0], 'EndTimes': [1772167123.0], 'TotalUserCpuTimeHistory': [2842], 'TotalSysCpuTimeHistory': [910], 'WallDurations': [9.0, 54.168700218200684, 2413.0], 'JobIds': ['141680723.0'], 'State': 'finished', 'RecordedSite': True, 'Error': [0, 'OK', {}]}, '606': {'Retries': 0, 'Restarts': 0, 'SiteHistory': ['Unknown', 'T2_CH_CERN', 'T2_CH_CERN'], 'ResidentSetSize': [3609340], 'SubmitTimes': [1772161739.0], 'StartTimes': [1772164710.0], 'EndTimes': [1772167252.0], 'TotalUserCpuTimeHistory': [2963], 'TotalSysCpuTimeHistory': [911], 'WallDurations': [9.0, 54.168700218200684, 2542.0], 'JobIds': ['141680724.0'], 'State': 'finished', 'RecordedSite': True, 'Error': [0, 'OK', {}]}, '596': {'Retries': 0, 'Restarts': 0, 'SiteHistory': ['Unknown', 'T2_CH_CERN', 'T2_CH_CERN'], 'ResidentSetSize': [723796], 'SubmitTimes': [1772161739.0], 'StartTimes': [1772164711.0], 'EndTimes': [1772167355.0], 'TotalUserCpuTimeHistory': [2972], 'TotalSysCpuTimeHistory': [996], 'WallDurations': [8.0, 53.168700218200684, 2644.0], 'JobIds': ['141680725.0'], 'State': 'finished', 'RecordedSite': True, 'Error': [0, 'OK', {}]}, '604': {'Retries': 0, 'Restarts': 0, 'SiteHistory': ['Unknown', 'T2_CH_CERN', 'T2_CH_CERN'], 'ResidentSetSize': [754580], 'SubmitTimes': [1772161739.0], 'StartTimes': [1772164710.0], 'EndTimes': [1772166972.0], 'TotalUserCpuTimeHistory': [2716], 'TotalSysCpuTimeHistory': [933], 'WallDurations': [9.0, 54.168700218200684, 2262.0], 'JobIds': ['141680726.0'], 'State': 'finished', 'RecordedSite': True, 'Error': [0, 'OK', {}]}, '609': {'Retries': 0, 'Restarts': 0, 'SiteHistory': ['Unknown', 'T2_CH_CERN', 'T2_CH_CERN'], 'ResidentSetSize': [658908], 'SubmitTimes': [1772161739.0], 'StartTimes': [1772164710.0], 'EndTimes': [1772167758.0], 'TotalUserCpuTimeHistory': [3273], 'TotalSysCpuTimeHistory': [1286], 'WallDurations': [9.0, 54.168700218200684, 3048.0], 'JobIds': ['141680727.0'], 'State': 'finished', 'RecordedSite': True, 'Error': [0, 'OK', {}]}, '602': {'Retries': 0, 'Restarts': 0, 'SiteHistory': ['Unknown', 'T2_CH_CERN', 'T2_CH_CERN'], 'ResidentSetSize': [3326656], 'SubmitTimes': [1772161739.0], 'StartTimes': [1772164711.0], 'EndTimes': [1772167200.0], 'TotalUserCpuTimeHistory': [2889], 'TotalSysCpuTimeHistory': [1027], 'WallDurations': [9.0, 53.168700218200684, 2489.0], 'JobIds': ['141680728.0'], 'State': 'finished', 'RecordedSite': True, 'Error': [0, 'OK', {}]}, '600': {'Retries': 0, 'Restarts': 0, 'SiteHistory': ['Unknown', 'T2_CH_CERN', 'T2_CH_CERN'], 'ResidentSetSize': [661548], 'SubmitTimes': [1772161739.0], 'StartTimes': [1772164710.0], 'EndTimes': [1772166213.0], 'TotalUserCpuTimeHistory': [2361], 'TotalSysCpuTimeHistory': [316], 'WallDurations': [9.0, 54.168700218200684, 1503.0], 'JobIds': ['141680729.0'], 'State': 'finished', 'RecordedSite': True, 'Error': [0, 'OK', {}]}, '610': {'Retries': 0, 'Restarts': 0, 'SiteHistory': ['Unknown', 'T2_CH_CERN', 'T2_CH_CERN'], 'ResidentSetSize': [3603600], 'SubmitTimes': [1772161739.0], 'StartTimes': [1772164710.0], 'EndTimes': [1772167049.0], 'TotalUserCpuTimeHistory': [2760], 'TotalSysCpuTimeHistory': [907], 'WallDurations': [9.0, 54.168700218200684, 2339.0], 'JobIds': ['141680730.0'], 'State': 'finished', 'RecordedSite': True, 'Error': [0, 'OK', {}]}, '601': {'Retries': 0, 'Restarts': 0, 'SiteHistory': ['Unknown', 'T2_CH_CERN', 'T2_CH_CERN'], 'ResidentSetSize': [673452], 'SubmitTimes': [1772161739.0], 'StartTimes': [1772164710.0], 'EndTimes': [1772166231.0], 'TotalUserCpuTimeHistory': [1860], 'TotalSysCpuTimeHistory': [527], 'WallDurations': [9.0, 54.168700218200684, 1521.0], 'JobIds': ['141680731.0'], 'State': 'finished', 'RecordedSite': True, 'Error': [0, 'OK', {}]}, '597': {'Retries': 0, 'Restarts': 0, 'SiteHistory': ['Unknown', 'T2_CH_CERN', 'T2_CH_CERN'], 'ResidentSetSize': [757588], 'SubmitTimes': [1772161739.0], 'StartTimes': [1772164710.0], 'EndTimes': [1772167655.0], 'TotalUserCpuTimeHistory': [3173], 'TotalSysCpuTimeHistory': [1225], 'WallDurations': [9.0, 54.168700218200684, 2945.0], 'JobIds': ['141680732.0'], 'State': 'finished', 'RecordedSite': True, 'Error': [0, 'OK', {}]}, '612': {'Retries': 0, 'Restarts': 0, 'SiteHistory': ['Unknown', 'T2_CH_CERN', 'T2_CH_CERN'], 'ResidentSetSize': [650212], 'SubmitTimes': [1772161739.0], 'StartTimes': [1772164711.0], 'EndTimes': [1772167156.0], 'TotalUserCpuTimeHistory': [2875], 'TotalSysCpuTimeHistory': [886], 'WallDurations': [8.0, 53.168700218200684, 2445.0], 'JobIds': ['141680733.0'], 'State': 'finished', 'RecordedSite': True, 'Error': [0, 'OK', {}]}, '613': {'Retries': 0, 'Restarts': 0, 'SiteHistory': ['Unknown', 'T2_CH_CERN', 'T2_CH_CERN'], 'ResidentSetSize': [571320], 'SubmitTimes': [1772161740.0], 'StartTimes': [1772164711.0], 'EndTimes': [1772166060.0], 'TotalUserCpuTimeHistory': [2028], 'TotalSysCpuTimeHistory': [412], 'WallDurations': [9.0, 53.168700218200684, 1349.0], 'JobIds': ['141680734.0'], 'State': 'finished', 'RecordedSite': True, 'Error': [0, 'OK', {}]}, '603': {'Retries': 0, 'Restarts': 0, 'SiteHistory': ['Unknown', 'T2_CH_CERN', 'T2_CH_CERN'], 'ResidentSetSize': [667500], 'SubmitTimes': [1772161740.0], 'StartTimes': [1772164712.0], 'EndTimes': [1772167125.0], 'TotalUserCpuTimeHistory': [2899], 'TotalSysCpuTimeHistory': [933], 'WallDurations': [9.0, 52.168700218200684, 2413.0], 'JobIds': ['141680735.0'], 'State': 'finished', 'RecordedSite': True, 'Error': [0, 'OK', {}]}, '614': {'Retries': 1, 'Restarts': 0, 'SiteHistory': ['Unknown', 'T2_CH_CERN', 'T2_CH_CERN', 'T2_US_Wisconsin', 'T2_US_Wisconsin'], 'ResidentSetSize': [2685388, 3686460], 'SubmitTimes': [1772161740.0, 1772172909.0], 'StartTimes': [1772164711.0, 1772172942.0], 'EndTimes': [1772167436.0, 1772176182.0], 'TotalUserCpuTimeHistory': [3023, 4437], 'TotalSysCpuTimeHistory': [1054, 1166], 'WallDurations': [9.0, 53.168700218200684, 2725.0, 8.0, 3240.0], 'JobIds': ['141680736.0', '141682481.0'], 'State': 'finished', 'RecordedSite': True, 'Error': [0, 'OK', {}]}, '619': {'Retries': 0, 'Restarts': 0, 'SiteHistory': ['Unknown', 'T2_CH_CERN', 'T2_CH_CERN'], 'ResidentSetSize': [3609864], 'SubmitTimes': [1772161740.0], 'StartTimes': [1772164710.0], 'EndTimes': [1772167050.0], 'TotalUserCpuTimeHistory': [2725], 'TotalSysCpuTimeHistory': [844], 'WallDurations': [9.0, 54.168700218200684, 2340.0], 'JobIds': ['141680737.0'], 'State': 'finished', 'RecordedSite': True, 'Error': [0, 'OK', {}]}, '622': {'Retries': 0, 'Restarts': 0, 'SiteHistory': ['Unknown', 'T2_CH_CERN', 'T2_CH_CERN'], 'ResidentSetSize': [758148], 'SubmitTimes': [1772161740.0], 'StartTimes': [1772164710.0], 'EndTimes': [1772166933.0], 'TotalUserCpuTimeHistory': [2643], 'TotalSysCpuTimeHistory': [803], 'WallDurations': [9.0, 54.168700218200684, 2223.0], 'JobIds': ['141680738.0'], 'State': 'finished', 'RecordedSite': True, 'Error': [0, 'OK', {}]}, '617': {'Retries': 0, 'Restarts': 0, 'SiteHistory': ['Unknown', 'T2_CH_CERN', 'T2_CH_CERN'], 'ResidentSetSize': [784932], 'SubmitTimes': [1772161740.0], 'StartTimes': [1772164711.0], 'EndTimes': [1772167227.0], 'TotalUserCpuTimeHistory': [2880], 'TotalSysCpuTimeHistory': [932], 'WallDurations': [8.0, 53.168700218200684, 2516.0], 'JobIds': ['141680739.0'], 'State': 'finished', 'RecordedSite': True, 'Error': [0, 'OK', {}]}, '615': {'Retries': 0, 'Restarts': 0, 'SiteHistory': ['Unknown', 'T2_CH_CERN', 'T2_CH_CERN'], 'ResidentSetSize': [647716], 'SubmitTimes': [1772161740.0], 'StartTimes': [1772164711.0], 'EndTimes': [1772167097.0], 'TotalUserCpuTimeHistory': [2751], 'TotalSysCpuTimeHistory': [985], 'WallDurations': [10.0, 53.168700218200684, 2386.0], 'JobIds': ['141680740.0'], 'State': 'finished', 'RecordedSite': True, 'Error': [0, 'OK', {}]}, '627': {'Retries': 1, 'Restarts': 0, 'SiteHistory': ['Unknown', 'T2_CH_CERN', 'T2_CH_CERN', 'Unknown', 'T2_US_Nebraska', 'T2_US_Nebraska'], 'ResidentSetSize': [1957756, 657316], 'SubmitTimes': [1772161740.0, 1772170942.0], 'StartTimes': [1772164711.0, 1772171274.0], 'EndTimes': [1772167274.0, 1772174124.0], 'TotalUserCpuTimeHistory': [2953, 3992], 'TotalSysCpuTimeHistory': [1005, 774], 'WallDurations': [9.0, 53.168700218200684, 2563.0, 8.0, 52.53299283981323, 2850.0], 'JobIds': ['141680741.0', '141681864.0'], 'State': 'finished', 'RecordedSite': True, 'Error': [0, 'OK', {}]}, '616': {'Retries': 0, 'Restarts': 0, 'SiteHistory': ['Unknown', 'T2_CH_CERN', 'T2_CH_CERN'], 'ResidentSetSize': [659432], 'SubmitTimes': [1772161740.0], 'StartTimes': [1772164711.0], 'EndTimes': [1772167331.0], 'TotalUserCpuTimeHistory': [2893], 'TotalSysCpuTimeHistory': [1063], 'WallDurations': [9.0, 53.168700218200684, 2620.0], 'JobIds': ['141680742.0'], 'State': 'finished', 'RecordedSite': True, 'Error': [0, 'OK', {}]}, '625': {'Retries': 0, 'Restarts': 0, 'SiteHistory': ['Unknown', 'T2_CH_CERN', 'T2_CH_CERN'], 'ResidentSetSize': [3628348], 'SubmitTimes': [1772161740.0], 'StartTimes': [1772164711.0], 'EndTimes': [1772167241.0], 'TotalUserCpuTimeHistory': [2885], 'TotalSysCpuTimeHistory': [976], 'WallDurations': [9.0, 53.168700218200684, 2530.0], 'JobIds': ['141680743.0'], 'State': 'finished', 'RecordedSite': True, 'Error': [0, 'OK', {}]}, '626': {'Retries': 0, 'Restarts': 0, 'SiteHistory': ['Unknown', 'T2_CH_CERN', 'T2_CH_CERN'], 'ResidentSetSize': [2056248], 'SubmitTimes': [1772161740.0], 'StartTimes': [1772164712.0], 'EndTimes': [1772167194.0], 'TotalUserCpuTimeHistory': [2865], 'TotalSysCpuTimeHistory': [985], 'WallDurations': [8.0, 52.168700218200684, 2482.0], 'JobIds': ['141680744.0'], 'State': 'finished', 'RecordedSite': True, 'Error': [0, 'OK', {}]}, '624': {'Retries': 1, 'Restarts': 0, 'SiteHistory': ['Unknown', 'T2_BE_IIHE', 'T2_BE_IIHE', 'T2_CH_CERN', 'T2_CH_CERN'], 'ResidentSetSize': [689924, 685260], 'SubmitTimes': [1772161740.0, 1772179123.0], 'StartTimes': [1772164727.0, 1772179134.0], 'EndTimes': [1772166435.0, 1772181363.0], 'TotalUserCpuTimeHistory': [2194, 2616], 'TotalSysCpuTimeHistory': [707, 784], 'WallDurations': [8.0, 37.168700218200684, 1708.0, 9.0, 2229.0], 'JobIds': ['141680745.0', '141685893.0'], 'State': 'transferring', 'RecordedSite': True, 'Error': [90000, "Got recoverable stageout exception:\nStageout failed with code 1.\nThere were 3 failed/killed stageout jobs.\nFailure reasons (per document) follow:\n- 1a6702342d4177402f0e0d7e2fc633b2b1e98f8549c5d12a318e26c5:\n  -----> ASO log start -----\n  ['TRANSFER [5] TRANSFER ERROR: Copy failed (3rd pull). Last attempt: copy HTTP 500 : Unexpected server error: 500 [...CUT...] Full log at https://fts3-cms.cern.ch:8449/fts3/ftsmon/#/job/ff844e38-1394-11f1-89fc-fa163eaa97bf']\n  <----- ASO log finish ----\n  The last failure reason is recoverable.\n- 004d669311e7ce29e42a70c9987bb8ae922a7501ed452ae908e07c67:\n  -----> ASO log start -----\n  ['TRANSFER [5] TRANSFER ERROR: Copy failed (3rd pull). Last attempt: copy HTTP 500 : Unexpected server error: 500 [...CUT...] Full log at https://fts3-cms.cern.ch:8449/fts3/ftsmon/#/job/ff844e38-1394-11f1-89fc-fa163eaa97bf']\n  <----- ASO log finish ----\n  The last failure reason is recoverable.\n- 6a319f4b6dde9c3f41e522e29fd58f995204ba7f715b1c51302a669d:\n  -----> ASO log start -----\n  ['TRANSFER [5] TRANSFER ERROR: Copy failed (3rd pull). Last attempt: copy HTTP 500 : Unexpected server error: 500 [...CUT...] Full log at https://fts3-cms.cern.ch:8449/fts3/ftsmon/#/job/ff844e38-1394-11f1-89fc-fa163eaa97bf']\n  <----- ASO log finish ----\n  The last failure reason is recoverable.", {}]}, '621': {'Retries': 0, 'Restarts': 0, 'SiteHistory': ['Unknown', 'T2_US_UCSD', 'T2_US_UCSD'], 'ResidentSetSize': [647192], 'SubmitTimes': [1772161740.0], 'StartTimes': [1772164730.0], 'EndTimes': [1772166454.0], 'TotalUserCpuTimeHistory': [2178], 'TotalSysCpuTimeHistory': [560], 'WallDurations': [9.0, 34.168700218200684, 1724.0], 'JobIds': ['141680746.0'], 'State': 'finished', 'RecordedSite': True, 'Error': [0, 'OK', {}]}, '623': {'Retries': 2, 'Restarts': 0, 'SiteHistory': ['Unknown', 'T2_FR_IPHC', 'T2_FR_IPHC', 'Unknown', 'T2_US_Florida', 'T2_US_Florida', 'T2_TR_METU', 'T2_TR_METU'], 'ResidentSetSize': [710536, 685976, 1672640], 'SubmitTimes': [1772161740.0, 1772170034.0, 1772178792.0], 'StartTimes': [1772164727.0, 1772170103.0, 1772178823.0], 'EndTimes': [1772166355.0, 1772171456.0, 1772183257.0], 'TotalUserCpuTimeHistory': [2060, 1918, 5572], 'TotalSysCpuTimeHistory': [508, 175, 1605], 'WallDurations': [8.0, 37.168700218200684, 1628.0, 9.0, 275.00271940231323, 1353.0, 10.0, 4434.0], 'JobIds': ['141680747.0', '141681718.0', '141685858.0'], 'State': 'transferring', 'RecordedSite': True, 'Error': [90000, "Got recoverable stageout exception:\nStageout failed with code 1.\nThere were 1 failed/killed stageout jobs.\nFailure reasons (per document) follow:\n- b87af2dbac1b672ba3a02331d8815065891b48de795cb831e48d8127:\n  -----> ASO log start -----\n  ['DESTINATION [110] timeout of 900s [...CUT...] Full log at https://fts3-cms.cern.ch:8449/fts3/ftsmon/#/job/bc4aaa34-13a0-11f1-bbf9-fa163e9e00e6']\n  <----- ASO log finish ----\n  The last failure reason is recoverable.", {}]}, '628': {'Retries': 1, 'Restarts': 0, 'SiteHistory': ['Unknown', 'T2_BE_UCL', 'T2_BE_UCL', 'Unknown', 'T2_FR_IPHC', 'T2_FR_IPHC'], 'ResidentSetSize': [697796, 686416], 'SubmitTimes': [1772161740.0, 1772170374.0], 'StartTimes': [1772164744.0, 1772170580.0], 'EndTimes': [1772166699.0, 1772173066.0], 'TotalUserCpuTimeHistory': [1385, 2993], 'TotalSysCpuTimeHistory': [28, 996], 'WallDurations': [8.0, 20.168700218200684, 1955.0, 9.0, 112.63993883132935, 2486.0], 'JobIds': ['141680748.0', '141681776.0'], 'State': 'transferring', 'RecordedSite': True, 'Error': [90000, "Got recoverable stageout exception:\nStageout failed with code 1.\nThere were 3 failed/killed stageout jobs.\nFailure reasons (per document) follow:\n- 0cc20ea6834f0a0acf590bc0ceff70f2a2f4858d3eac397cad3caac4:\n  -----> ASO log start -----\n  ['TRANSFER [5] TRANSFER ERROR: Copy failed (3rd pull). Last attempt: copy HTTP 500 : Unexpected server error: 500 [...CUT...] Full log at https://fts3-cms.cern.ch:8449/fts3/ftsmon/#/job/ba52efda-1395-11f1-ac72-fa163eaa97bf']\n  <----- ASO log finish ----\n  The last failure reason is recoverable.\n- 383eede1390fc688efea8dbeb328489b53e7665b4cae5a13e391fcd5:\n  -----> ASO log start -----\n  ['TRANSFER [5] TRANSFER ERROR: Copy failed (3rd pull). Last attempt: copy HTTP 500 : Unexpected server error: 500 [...CUT...] Full log at https://fts3-cms.cern.ch:8449/fts3/ftsmon/#/job/ba52efda-1395-11f1-ac72-fa163eaa97bf']\n  <----- ASO log finish ----\n  The last failure reason is recoverable.\n- ee2c3b5b72312cea66bb313ed7bb0e6f7f85e48c815e4847909c6bab:\n  -----> ASO log start -----\n  ['TRANSFER [5] TRANSFER ERROR: Copy failed (3rd pull). Last attempt: copy HTTP 500 : Unexpected server error: 500 [...CUT...] Full log at https://fts3-cms.cern.ch:8449/fts3/ftsmon/#/job/ba52efda-1395-11f1-ac72-fa163eaa97bf']\n  <----- ASO log finish ----\n  The last failure reason is recoverable.", {}]}, '618': {'Retries': 2, 'Restarts': 0, 'SiteHistory': ['Unknown', 'T2_BE_IIHE', 'T2_BE_IIHE', 'T2_TR_METU', 'T2_TR_METU', 'T2_CH_CERN', 'T2_CH_CERN'], 'ResidentSetSize': [667744, 1503000, 597936], 'SubmitTimes': [1772161740.0, 1772179309.0, 1772192881.0], 'StartTimes': [1772164746.0, 1772179325.0, 1772192947.0], 'EndTimes': [1772166623.0, 1772183741.0, 1772195695.0], 'TotalUserCpuTimeHistory': [2358, 5897, 3043], 'TotalSysCpuTimeHistory': [728, 1789, 1116], 'WallDurations': [8.0, 18.168700218200684, 1877.0, 9.0, 4416.0, 9.0, 2748.0], 'JobIds': ['141680749.0', '141685915.0', '141698332.0'], 'State': 'transferring', 'RecordedSite': True, 'Error': [90000, "Got recoverable stageout exception:\nStageout failed with code 1.\nThere were 3 failed/killed stageout jobs.\nFailure reasons (per document) follow:\n- 8d6a615e77b608c412262ac2bcc787e8607d542a817e7d3e4b1a2681:\n  -----> ASO log start -----\n  ['TRANSFER [5] TRANSFER ERROR: Copy failed (3rd pull). Last attempt: copy HTTP 500 : Unexpected server error: 500 [...CUT...] Full log at https://fts3-cms.cern.ch:8449/fts3/ftsmon/#/job/4b13f830-13bd-11f1-ab14-fa163e4409e3']\n  <----- ASO log finish ----\n  The last failure reason is recoverable.\n- bad5d52e2a43e90d9f3eafc898019455004d5d9a19ed0340cdfe77cc:\n  -----> ASO log start -----\n  ['TRANSFER [5] TRANSFER ERROR: Copy failed (3rd pull). Last attempt: copy HTTP 500 : Unexpected server error: 500 [...CUT...] Full log at https://fts3-cms.cern.ch:8449/fts3/ftsmon/#/job/4b13f830-13bd-11f1-ab14-fa163e4409e3']\n  <----- ASO log finish ----\n  The last failure reason is recoverable.\n- d36c0d25a69cce93c37fd267a417fa181ea4febfc1d558d104361d54:\n  -----> ASO log start -----\n  ['TRANSFER [5] TRANSFER ERROR: Copy failed (3rd pull). Last attempt: copy HTTP 500 : Unexpected server error: 500 [...CUT...] Full log at https://fts3-cms.cern.ch:8449/fts3/ftsmon/#/job/4b13f830-13bd-11f1-ab14-fa163e4409e3']\n  <----- ASO log finish ----\n  The last failure reason is recoverable.", {}]}, '629': {'Retries': 1, 'Restarts': 0, 'SiteHistory': ['Unknown', 'T2_BE_IIHE', 'T2_BE_IIHE', 'T2_BE_IIHE', 'T2_BE_IIHE'], 'ResidentSetSize': [674928, 648300], 'SubmitTimes': [1772161740.0, 1772179259.0], 'StartTimes': [1772164751.0, 1772179277.0], 'EndTimes': [1772166574.0, 1772180691.0], 'TotalUserCpuTimeHistory': [2318, 1768], 'TotalSysCpuTimeHistory': [712, 480], 'WallDurations': [8.0, 13.168700218200684, 1823.0, 8.0, 1414.0], 'JobIds': ['141680750.0', '141685909.0'], 'State': 'transferring', 'RecordedSite': True, 'Error': [90000, "Got recoverable stageout exception:\nStageout failed with code 1.\nThere were 3 failed/killed stageout jobs.\nFailure reasons (per document) follow:\n- c56e4a2cb931085ec3b71fee826d0f508137d092b6e854b87ddebc38:\n  -----> ASO log start -----\n  ['TRANSFER [5] TRANSFER ERROR: Copy failed (3rd pull). Last attempt: copy HTTP 500 : Unexpected server error: 500 [...CUT...] Full log at https://fts3-cms.cern.ch:8449/fts3/ftsmon/#/job/ff844e38-1394-11f1-89fc-fa163eaa97bf']\n  <----- ASO log finish ----\n  The last failure reason is recoverable.\n- a9de80f9f0904b1708c761761a9009435ac2256c3ab533bb9a4b0c56:\n  -----> ASO log start -----\n  ['TRANSFER [5] TRANSFER ERROR: Copy failed (3rd pull). Last attempt: copy HTTP 500 : Unexpected server error: 500 [...CUT...] Full log at https://fts3-cms.cern.ch:8449/fts3/ftsmon/#/job/ff844e38-1394-11f1-89fc-fa163eaa97bf']\n  <----- ASO log finish ----\n  The last failure reason is recoverable.\n- ed8b3c6b07847ceb1de06ccaef51fe9d75fe4a4832b6698071b2b10d:\n  -----> ASO log start -----\n  ['TRANSFER [5] TRANSFER ERROR: Copy failed (3rd pull). Last attempt: copy HTTP 500 : Unexpected server error: 500 [...CUT...] Full log at https://fts3-cms.cern.ch:8449/fts3/ftsmon/#/job/ff844e38-1394-11f1-89fc-fa163eaa97bf']\n  <----- ASO log finish ----\n  The last failure reason is recoverable.", {}]}, '631': {'Retries': 2, 'Restarts': 0, 'SiteHistory': ['Unknown', 'T2_FR_IPHC', 'T2_FR_IPHC', 'Unknown', 'T2_FR_GRIF', 'T2_FR_GRIF', 'T3_KR_KNU', 'T3_KR_KNU'], 'ResidentSetSize': [676376, 3667872, 844792], 'SubmitTimes': [1772161740.0, 1772172004.0, 1772191661.0], 'StartTimes': [1772164754.0, 1772172412.0, 1772191730.0], 'EndTimes': [1772166522.0, 1772177115.0, 1772198542.0], 'TotalUserCpuTimeHistory': [2129, 5765, 8762], 'TotalSysCpuTimeHistory': [613, 840, 2972], 'WallDurations': [9.0, 10.168700218200684, 1768.0, 8.0, 163.44820022583008, 4703.0, 9.0, 6812.0], 'JobIds': ['141680751.0', '141681994.0', '141696014.0'], 'State': 'transferring', 'RecordedSite': True, 'Error': [90000, "Got recoverable stageout exception:\nStageout failed with code 1.\nThere were 3 failed/killed stageout jobs.\nFailure reasons (per document) follow:\n- c986ce37bcd38da91fb8108aae225546af9c9dec83ac2224b5819310:\n  -----> ASO log start -----\n  ['TRANSFER [5] TRANSFER ERROR: Copy failed (3rd pull). Last attempt: copy HTTP 500 : Unexpected server error: 500 [...CUT...] Full log at https://fts3-cms.cern.ch:8449/fts3/ftsmon/#/job/e7eb4eac-13ad-11f1-b861-fa163eaa97bf']\n  <----- ASO log finish ----\n  The last failure reason is recoverable.\n- fd7df4c0c514d6cddd2d5d5c16c5b4d110b9a5f41b33183f9ad0aba0:\n  -----> ASO log start -----\n  ['TRANSFER [5] TRANSFER ERROR: Copy failed (3rd pull). Last attempt: copy HTTP 500 : Unexpected server error: 500 [...CUT...] Full log at https://fts3-cms.cern.ch:8449/fts3/ftsmon/#/job/e7eb4eac-13ad-11f1-b861-fa163eaa97bf']\n  <----- ASO log finish ----\n  The last failure reason is recoverable.\n- fc295f367dcd1ef974a05e001c1547495809f0b0230d0336babebc91:\n  -----> ASO log start -----\n  ['TRANSFER [5] TRANSFER ERROR: Copy failed (3rd pull). Last attempt: copy HTTP 500 : Unexpected server error: 500 [...CUT...] Full log at https://fts3-cms.cern.ch:8449/fts3/ftsmon/#/job/e7eb4eac-13ad-11f1-b861-fa163eaa97bf']\n  <----- ASO log finish ----\n  The last failure reason is recoverable.", {}]}, '630': {'Retries': 1, 'Restarts': 0, 'SiteHistory': ['Unknown', 'T2_FR_IPHC', 'T2_FR_IPHC', 'T2_DE_RWTH', 'T2_DE_RWTH'], 'ResidentSetSize': [752644, 3674836], 'SubmitTimes': [1772161740.0, 1772171959.0], 'StartTimes': [1772164759.0, 1772172226.0], 'EndTimes': [1772166487.0, 1772181383.0], 'TotalUserCpuTimeHistory': [2076, 11983], 'TotalSysCpuTimeHistory': [603, 4099], 'WallDurations': [0, 5.168700218200684, 1728.0, 9.0, 9157.0], 'JobIds': ['141680752.0', '141681964.0'], 'State': 'finished', 'RecordedSite': True, 'Error': [0, 'OK', {}]}, '633': {'Retries': 0, 'Restarts': 0, 'SiteHistory': ['Unknown', 'T2_US_Nebraska', 'T2_US_Nebraska'], 'ResidentSetSize': [668120], 'SubmitTimes': [1772161740.0], 'StartTimes': [1772164762.0], 'EndTimes': [1772166492.0], 'TotalUserCpuTimeHistory': [2722], 'TotalSysCpuTimeHistory': [526], 'WallDurations': [0, 2.1687002182006836, 1730.0], 'JobIds': ['141680753.0'], 'State': 'finished', 'RecordedSite': True, 'Error': [0, 'OK', {}]}, '632': {'Retries': 1, 'Restarts': 0, 'SiteHistory': ['Unknown', 'T2_BE_IIHE', 'T2_BE_IIHE', 'T3_KR_KNU', 'T3_KR_KNU'], 'ResidentSetSize': [692128, 810280], 'SubmitTimes': [1772161740.0, 1772179138.0], 'StartTimes': [1772164766.0, 1772179150.0], 'EndTimes': [1772166453.0, 1772184911.0], 'TotalUserCpuTimeHistory': [2169, 7942], 'TotalSysCpuTimeHistory': [698, 2488], 'WallDurations': [9.0, 301.6101474761963, 1687.0, 9.0, 5761.0], 'JobIds': ['141680754.0', '141685895.0'], 'State': 'finished', 'RecordedSite': True, 'Error': [0, 'OK', {}]}, '620': {'Retries': 1, 'Restarts': 0, 'SiteHistory': ['Unknown', 'T2_FR_IPHC', 'T2_FR_IPHC', 'Unknown', 'T3_KR_KNU', 'T3_KR_KNU'], 'ResidentSetSize': [683500, 693976], 'SubmitTimes': [1772161740.0, 1772172134.0], 'StartTimes': [1772164788.0, 1772172589.0], 'EndTimes': [1772166656.0, 1772177252.0], 'TotalUserCpuTimeHistory': [2247, 6250], 'TotalSysCpuTimeHistory': [639, 1500], 'WallDurations': [9.0, 279.6101474761963, 1868.0, 8.0, 298.35983395576477, 4663.0], 'JobIds': ['141680755.0', '141682278.0'], 'State': 'finished', 'RecordedSite': True, 'Error': [0, 'OK', {}]}, '635': {'Retries': 0, 'Restarts': 0, 'SiteHistory': ['Unknown', 'T2_US_UCSD', 'T2_US_UCSD'], 'ResidentSetSize': [671516], 'SubmitTimes': [1772161740.0], 'StartTimes': [1772164798.0], 'EndTimes': [1772166519.0], 'TotalUserCpuTimeHistory': [2122], 'TotalSysCpuTimeHistory': [499], 'WallDurations': [9.0, 269.6101474761963, 1721.0], 'JobIds': ['141680756.0'], 'State': 'finished', 'RecordedSite': True, 'Error': [0, 'OK', {}]}, '645': {'Retries': 2, 'Restarts': 0, 'SiteHistory': ['Unknown', 'T2_FR_IPHC', 'T2_FR_IPHC', 'Unknown', 'T2_BE_UCL', 'T2_BE_UCL', 'T2_CH_CERN', 'T2_CH_CERN'], 'ResidentSetSize': [729488, 678652, 713952], 'SubmitTimes': [1772161740.0, 1772171944.0, 1772181153.0], 'StartTimes': [1772164794.0, 1772172225.0, 1772181171.0], 'EndTimes': [1772166471.0, 1772173814.0, 1772183438.0], 'TotalUserCpuTimeHistory': [2004, 1680, 2685], 'TotalSysCpuTimeHistory': [564, 121, 840], 'WallDurations': [8.0, 273.6101474761963, 1677.0, 8.0, 36.89829468727112, 1589.0, 9.0, 2267.0], 'JobIds': ['141680757.0', '141681963.0', '141686148.0'], 'State': 'transferring', 'RecordedSite': True, 'Error': [90000, "Got recoverable stageout exception:\nStageout failed with code 1.\nThere were 3 failed/killed stageout jobs.\nFailure reasons (per document) follow:\n- b563d5f651ce85d68614012d65da5160d293dad5ac8deb528c5e49fa:\n  -----> ASO log start -----\n  ['TRANSFER [5] TRANSFER ERROR: Copy failed (3rd pull). Last attempt: copy HTTP 500 : Unexpected server error: 500 [...CUT...] Full log at https://fts3-cms.cern.ch:8449/fts3/ftsmon/#/job/d751cbc8-13a5-11f1-ad6f-fa163e1db714']\n  <----- ASO log finish ----\n  The last failure reason is recoverable.\n- fea15508ce93e70560af689ae50c7989580a11c4ee2450dd703a1b0e:\n  -----> ASO log start -----\n  ['TRANSFER [5] TRANSFER ERROR: Copy failed (3rd pull). Last attempt: copy HTTP 500 : Unexpected server error: 500 [...CUT...] Full log at https://fts3-cms.cern.ch:8449/fts3/ftsmon/#/job/d751cbc8-13a5-11f1-ad6f-fa163e1db714']\n  <----- ASO log finish ----\n  The last failure reason is recoverable.\n- 0986383604f4b7755f32735f7b394dd382bad956dce907bcea6676ae:\n  -----> ASO log start -----\n  ['TRANSFER [5] TRANSFER ERROR: Copy failed (3rd pull). Last attempt: copy HTTP 500 : Unexpected server error: 500 [...CUT...] Full log at https://fts3-cms.cern.ch:8449/fts3/ftsmon/#/job/d751cbc8-13a5-11f1-ad6f-fa163e1db714']\n  <----- ASO log finish ----\n  The last failure reason is recoverable.", {}]}, '637': {'Retries': 1, 'Restarts': 0, 'SiteHistory': ['Unknown', 'T2_BE_IIHE', 'T2_BE_IIHE', 'T3_KR_KNU', 'T3_KR_KNU'], 'ResidentSetSize': [642408, 763000], 'SubmitTimes': [1772161740.0, 1772179299.0], 'StartTimes': [1772164797.0, 1772179325.0], 'EndTimes': [1772166609.0, 1772184351.0], 'TotalUserCpuTimeHistory': [2309, 6912], 'TotalSysCpuTimeHistory': [710, 2437], 'WallDurations': [9.0, 270.6101474761963, 1812.0, 8.0, 5026.0], 'JobIds': ['141680758.0', '141685914.0'], 'State': 'finished', 'RecordedSite': True, 'Error': [0, 'OK', {}]}, '634': {'Retries': 2, 'Restarts': 0, 'SiteHistory': ['Unknown', 'T2_FR_IPHC', 'T2_FR_IPHC', 'T2_TR_METU', 'T2_TR_METU', 'T2_CH_CERN', 'T2_CH_CERN'], 'ResidentSetSize': [713068, 765668, 1409728], 'SubmitTimes': [1772161740.0, 1772170219.0, 1772183427.0], 'StartTimes': [1772164798.0, 1772170347.0, 1772183439.0], 'EndTimes': [1772166538.0, 1772176099.0, 1772186345.0], 'TotalUserCpuTimeHistory': [2215, 6651, 3150], 'TotalSysCpuTimeHistory': [535, 2159, 965], 'WallDurations': [9.0, 269.6101474761963, 1740.0, 9.0, 5752.0, 9.0, 2906.0], 'JobIds': ['141680759.0', '141681744.0', '141686413.0'], 'State': 'transferring', 'RecordedSite': True, 'Error': [90000, "Got recoverable stageout exception:\nStageout failed with code 1.\nThere were 3 failed/killed stageout jobs.\nFailure reasons (per document) follow:\n- 6d3befd8f271c47fccc9791b9630fb3bb5803472025866cdf6f5a041:\n  -----> ASO log start -----\n  ['TRANSFER [5] TRANSFER ERROR: Copy failed (3rd pull). Last attempt: copy HTTP 500 : Unexpected server error: 500 [...CUT...] Full log at https://fts3-cms.cern.ch:8449/fts3/ftsmon/#/job/b260c160-13ab-11f1-8605-fa163e9e00e6']\n  <----- ASO log finish ----\n  The last failure reason is recoverable.\n- 2e21137afbe08442fed9a8b5e97635032c1668323a6098d2deffa76e:\n  -----> ASO log start -----\n  ['TRANSFER [5] TRANSFER ERROR: Copy failed (3rd pull). Last attempt: copy HTTP 500 : Unexpected server error: 500 [...CUT...] Full log at https://fts3-cms.cern.ch:8449/fts3/ftsmon/#/job/b260c160-13ab-11f1-8605-fa163e9e00e6']\n  <----- ASO log finish ----\n  The last failure reason is recoverable.\n- 85bf556261a4638ac9a1a1ac44a3916472a405c892ca44eed70ee8c7:\n  -----> ASO log start -----\n  ['TRANSFER [5] TRANSFER ERROR: Copy failed (3rd pull). Last attempt: copy HTTP 500 : Unexpected server error: 500 [...CUT...] Full log at https://fts3-cms.cern.ch:8449/fts3/ftsmon/#/job/b260c160-13ab-11f1-8605-fa163e9e00e6']\n  <----- ASO log finish ----\n  The last failure reason is recoverable.", {}]}, '641': {'Retries': 1, 'Restarts': 0, 'SiteHistory': ['Unknown', 'T2_BE_IIHE', 'T2_BE_IIHE', 'T2_CH_CERN', 'T2_CH_CERN'], 'ResidentSetSize': [703548, 683364], 'SubmitTimes': [1772161740.0, 1772179384.0], 'StartTimes': [1772164810.0, 1772179418.0], 'EndTimes': [1772166702.0, 1772181277.0], 'TotalUserCpuTimeHistory': [2382, 2254], 'TotalSysCpuTimeHistory': [735, 652], 'WallDurations': [9.0, 257.6101474761963, 1892.0, 9.0, 1859.0], 'JobIds': ['141680760.0', '141685919.0'], 'State': 'transferring', 'RecordedSite': True, 'Error': [90000, "Got recoverable stageout exception:\nStageout failed with code 1.\nThere were 3 failed/killed stageout jobs.\nFailure reasons (per document) follow:\n- 672d48e873e824d34283cf94fb2c77f432310d9b7d540b52afefff2b:\n  -----> ASO log start -----\n  ['DESTINATION [110] timeout of 900s [...CUT...] Full log at https://fts3-cms.cern.ch:8449/fts3/ftsmon/#/job/ba6dbd9c-1395-11f1-a95b-fa163eaa97bf']\n  <----- ASO log finish ----\n  The last failure reason is recoverable.\n- 9ccc57ee86aa04b0155826b23e2878c47db975968a85c1e035b9472a:\n  -----> ASO log start -----\n  ['TRANSFER [5] TRANSFER ERROR: Copy failed (3rd pull). Last attempt: copy HTTP 500 : Unexpected server error: 500 [...CUT...] Full log at https://fts3-cms.cern.ch:8449/fts3/ftsmon/#/job/ba6dbd9c-1395-11f1-a95b-fa163eaa97bf']\n  <----- ASO log finish ----\n  The last failure reason is recoverable.\n- a8cbfd2fc86de60b8999a7e30effcf258fc0e95313c3ffca816ec921:\n  -----> ASO log start -----\n  ['TRANSFER [5] TRANSFER ERROR: Copy failed (3rd pull). Last attempt: copy HTTP 500 : Unexpected server error: 500 [...CUT...] Full log at https://fts3-cms.cern.ch:8449/fts3/ftsmon/#/job/ba6dbd9c-1395-11f1-a95b-fa163eaa97bf']\n  <----- ASO log finish ----\n  The last failure reason is recoverable.", {}]}, '639': {'Retries': 1, 'Restarts': 0, 'SiteHistory': ['Unknown', 'T2_BE_IIHE', 'T2_BE_IIHE', 'T2_TR_METU', 'T2_TR_METU'], 'ResidentSetSize': [658284, 693596], 'SubmitTimes': [1772161741.0, 1772181245.0], 'StartTimes': [1772164812.0, 1772181285.0], 'EndTimes': [1772166725.0, 1772184203.0], 'TotalUserCpuTimeHistory': [2389, 4205], 'TotalSysCpuTimeHistory': [722, 933], 'WallDurations': [9.0, 255.6101474761963, 1913.0, 9.0, 2918.0], 'JobIds': ['141680761.0', '141686162.0'], 'State': 'transferring', 'RecordedSite': True, 'Error': [90000, "Got recoverable stageout exception:\nStageout failed with code 1.\nThere were 3 failed/killed stageout jobs.\nFailure reasons (per document) follow:\n- 6337ba9111791262e8b303a549f5420e24568a8f1bf7d6e6ae639e3b:\n  -----> ASO log start -----\n  ['TRANSFER [5] TRANSFER ERROR: Copy failed (3rd pull). Last attempt: copy HTTP 500 : Unexpected server error: 500 [...CUT...] Full log at https://fts3-cms.cern.ch:8449/fts3/ftsmon/#/job/ba6dbd9c-1395-11f1-a95b-fa163eaa97bf']\n  <----- ASO log finish ----\n  The last failure reason is recoverable.\n- 140dedd3d19dca91f9f4c5a7eee8e540b57e18a83166794efc1cd634:\n  -----> ASO log start -----\n  ['TRANSFER [5] TRANSFER ERROR: Copy failed (3rd pull). Last attempt: copy HTTP 500 : Unexpected server error: 500 [...CUT...] Full log at https://fts3-cms.cern.ch:8449/fts3/ftsmon/#/job/ba6dbd9c-1395-11f1-a95b-fa163eaa97bf']\n  <----- ASO log finish ----\n  The last failure reason is recoverable.\n- 97b8b963c3a887b5820725914421f54e4784098c8ddf7e26ee573ac2:\n  -----> ASO log start -----\n  ['TRANSFER [5] TRANSFER ERROR: Copy failed (3rd pull). Last attempt: copy HTTP 500 : Unexpected server error: 500 [...CUT...] Full log at https://fts3-cms.cern.ch:8449/fts3/ftsmon/#/job/ba6dbd9c-1395-11f1-a95b-fa163eaa97bf']\n  <----- ASO log finish ----\n  The last failure reason is recoverable.", {}]}, '644': {'Retries': 1, 'Restarts': 0, 'SiteHistory': ['Unknown', 'T2_BE_IIHE', 'T2_BE_IIHE', 'Unknown', 'T2_UK_London_IC', 'T2_UK_London_IC'], 'ResidentSetSize': [631764, 672664], 'SubmitTimes': [1772161741.0, 1772172009.0], 'StartTimes': [1772164824.0, 1772172569.0], 'EndTimes': [1772166534.0, 1772176694.0], 'TotalUserCpuTimeHistory': [2213, 4464], 'TotalSysCpuTimeHistory': [714, 824], 'WallDurations': [8.0, 243.6101474761963, 1710.0, 0, 6.448200225830078, 4125.0], 'JobIds': ['141680762.0', '141682065.0'], 'State': 'finished', 'RecordedSite': True, 'Error': [0, 'OK', {}]}, '638': {'Retries': 2, 'Restarts': 0, 'SiteHistory': ['Unknown', 'T2_FR_IPHC', 'T2_FR_IPHC', 'Unknown', 'T2_DE_RWTH', 'T2_DE_RWTH', 'T2_CH_CERN', 'T2_CH_CERN'], 'ResidentSetSize': [713464, 693596, 672948], 'SubmitTimes': [1772161741.0, 1772172004.0, 1772181153.0], 'StartTimes': [1772164830.0, 1772172428.0, 1772181171.0], 'EndTimes': [1772166518.0, 1772175618.0, 1772183415.0], 'TotalUserCpuTimeHistory': [2007, 4415, 2577], 'TotalSysCpuTimeHistory': [590, 703, 766], 'WallDurations': [9.0, 237.6101474761963, 1688.0, 8.0, 147.44820022583008, 3190.0, 8.0, 2244.0], 'JobIds': ['141680763.0', '141681996.0', '141686149.0'], 'State': 'transferring', 'RecordedSite': True, 'Error': [90000, "Got recoverable stageout exception:\nStageout failed with code 1.\nThere were 2 failed/killed stageout jobs.\nFailure reasons (per document) follow:\n- feef5f567ba6d8a4fddfc0d257d0d637a172f3f57253c69cd2d1d90d:\n  -----> ASO log start -----\n  ['TRANSFER [112] TRANSFER ERROR: Copy failed (3rd pull). Last attempt: copy HTTP 400 : Server Error [...CUT...] Full log at https://fts3-cms.cern.ch:8449/fts3/ftsmon/#/job/3ba732b2-13aa-11f1-b148-fa163e6c8d57']\n  <----- ASO log finish ----\n  The last failure reason is recoverable.\n- 3706e4654b4383d20cbf3e3cce652127d651edcb7b3ae9a2f0729f19:\n  -----> ASO log start -----\n  ['TRANSFER [112] TRANSFER ERROR: Copy failed (3rd pull). Last attempt: copy HTTP 400 : Server Error [...CUT...] Full log at https://fts3-cms.cern.ch:8449/fts3/ftsmon/#/job/3ba732b2-13aa-11f1-b148-fa163e6c8d57']\n  <----- ASO log finish ----\n  The last failure reason is recoverable.", {}]}, '647': {'Retries': 0, 'Restarts': 0, 'SiteHistory': ['Unknown', 'T2_CH_CSCS', 'T2_CH_CSCS'], 'ResidentSetSize': [661620], 'SubmitTimes': [1772161741.0], 'StartTimes': [1772164866.0], 'EndTimes': [1772166897.0], 'TotalUserCpuTimeHistory': [2537], 'TotalSysCpuTimeHistory': [664], 'WallDurations': [8.0, 201.6101474761963, 2031.0], 'JobIds': ['141680764.0'], 'State': 'finished', 'RecordedSite': True, 'Error': [0, 'OK', {}]}, '640': {'Retries': 0, 'Restarts': 0, 'SiteHistory': ['Unknown', 'T2_US_Florida', 'T2_US_Florida'], 'ResidentSetSize': [664812], 'SubmitTimes': [1772161741.0], 'StartTimes': [1772164936.0], 'EndTimes': [1772166878.0], 'TotalUserCpuTimeHistory': [2935], 'TotalSysCpuTimeHistory': [381], 'WallDurations': [8.0, 131.6101474761963, 1942.0], 'JobIds': ['141680765.0'], 'State': 'finished', 'RecordedSite': True, 'Error': [0, 'OK', {}]}, '642': {'Retries': 2, 'Restarts': 0, 'SiteHistory': ['Unknown', 'T2_FR_IPHC', 'T2_FR_IPHC', 'T3_KR_KNU', 'T3_KR_KNU', 'T2_CH_CERN', 'T2_CH_CERN'], 'ResidentSetSize': [661860, 745964, 668676], 'SubmitTimes': [1772161741.0, 1772174226.0, 1772183728.0], 'StartTimes': [1772164921.0, 1772174352.0, 1772183757.0], 'EndTimes': [1772166941.0, 1772179997.0, 1772186335.0], 'TotalUserCpuTimeHistory': [2594, 7741, 2937], 'TotalSysCpuTimeHistory': [715, 2368, 853], 'WallDurations': [8.0, 146.6101474761963, 2020.0, 8.0, 5645.0, 8.0, 2578.0], 'JobIds': ['141680766.0', '141685367.0', '141686444.0'], 'State': 'transferring', 'RecordedSite': True, 'Error': [90000, "Got recoverable stageout exception:\nStageout failed with code 1.\nThere were 1 failed/killed stageout jobs.\nFailure reasons (per document) follow:\n- d9f821409899147d2ea3c93be6799dcde1760936ce612c73a4309c63:\n  -----> ASO log start -----\n  ['TRANSFER [112] TRANSFER ERROR: Copy failed (3rd pull). Last attempt: copy HTTP 400 : Server Error [...CUT...] Full log at https://fts3-cms.cern.ch:8449/fts3/ftsmon/#/job/906d920a-13b4-11f1-8602-fa163e4409e3']\n  <----- ASO log finish ----\n  The last failure reason is recoverable.", {}]}, '651': {'Retries': 0, 'Restarts': 1, 'SiteHistory': ['Unknown', 'T2_US_Florida', 'T2_US_Florida', 'T2_CH_CERN'], 'ResidentSetSize': [686452, 750000], 'SubmitTimes': [1772161741.0, -1], 'StartTimes': [1772164925.0, 1772167437.0], 'EndTimes': [1772167426.0, 1772168995.0], 'TotalUserCpuTimeHistory': [2991.0, 5479], 'TotalSysCpuTimeHistory': [375.0, 746], 'WallDurations': [9.0, 142.6101474761963, 2501.0, 1558.0], 'JobIds': ['141680767.0', '141680767.0'], 'State': 'finished', 'RecordedSite': True, 'Error': [0, 'OK', {}]}, '636': {'Retries': 0, 'Restarts': 0, 'SiteHistory': ['Unknown', 'T2_CH_CSCS', 'T2_CH_CSCS'], 'ResidentSetSize': [684620], 'SubmitTimes': [1772161741.0], 'StartTimes': [1772164928.0], 'EndTimes': [1772167006.0], 'TotalUserCpuTimeHistory': [2572], 'TotalSysCpuTimeHistory': [669], 'WallDurations': [9.0, 139.6101474761963, 2078.0], 'JobIds': ['141680768.0'], 'State': 'finished', 'RecordedSite': True, 'Error': [0, 'OK', {}]}, '649': {'Retries': 2, 'Restarts': 0, 'SiteHistory': ['Unknown', 'T2_LV_HPCNET', 'T2_LV_HPCNET', 'T2_BE_UCL', 'T2_BE_UCL', 'T2_DE_RWTH', 'T2_DE_RWTH'], 'ResidentSetSize': [542848, 668412, 727396], 'SubmitTimes': [1772161741.0, 1772170534.0, 1772181365.0], 'StartTimes': [1772164947.0, 1772170667.0, 1772181385.0], 'EndTimes': [1772166859.0, 1772172222.0, 1772190032.0], 'TotalUserCpuTimeHistory': [2472, 1456, 11473], 'TotalSysCpuTimeHistory': [269, 68, 4090], 'WallDurations': [9.0, 120.61014747619629, 1912.0, 9.0, 1555.0, 9.0, 8647.0], 'JobIds': ['141680769.0', '141681797.0', '141686180.0'], 'State': 'failed', 'RecordedSite': True, 'Error': [90000, "Got recoverable stageout exception:\nStageout failed with code 1.\nThere were 1 failed/killed stageout jobs.\nFailure reasons (per document) follow:\n- 41f7e8f429319fff2b428d78daa2c0207f5874296b4f9d955a58f33c:\n  -----> ASO log start -----\n  ['TRANSFER [112] TRANSFER ERROR: Copy failed (3rd pull). Last attempt: copy HTTP 400 : Server Error [...CUT...] Full log at https://fts3-cms.cern.ch:8449/fts3/ftsmon/#/job/e2ed4d42-13cb-11f1-9f91-fa163e6c8d57']\n  <----- ASO log finish ----\n  The last failure reason is recoverable.", {}]}, '643': {'Retries': 0, 'Restarts': 0, 'SiteHistory': ['Unknown', 'T2_CH_CSCS', 'T2_CH_CSCS'], 'ResidentSetSize': [688800], 'SubmitTimes': [1772161741.0], 'StartTimes': [1772164966.0], 'EndTimes': [1772166975.0], 'TotalUserCpuTimeHistory': [2525], 'TotalSysCpuTimeHistory': [682], 'WallDurations': [8.0, 101.61014747619629, 2009.0], 'JobIds': ['141680770.0'], 'State': 'finished', 'RecordedSite': True, 'Error': [0, 'OK', {}]}, '650': {'Retries': 1, 'Restarts': 0, 'SiteHistory': ['Unknown', 'T2_LV_HPCNET', 'T2_LV_HPCNET', 'T2_DE_RWTH', 'T2_DE_RWTH'], 'ResidentSetSize': [584052, 722468], 'SubmitTimes': [1772161741.0, 1772170524.0], 'StartTimes': [1772164972.0, 1772170649.0], 'EndTimes': [1772166855.0, 1772177655.0], 'TotalUserCpuTimeHistory': [2431, 9511], 'TotalSysCpuTimeHistory': [262, 2958], 'WallDurations': [8.0, 95.61014747619629, 1883.0, 9.0, 7006.0], 'JobIds': ['141680771.0', '141681794.0'], 'State': 'finished', 'RecordedSite': True, 'Error': [0, 'OK', {}]}, '652': {'Retries': 1, 'Restarts': 0, 'SiteHistory': ['Unknown', 'T2_BE_UCL', 'T2_BE_UCL', 'Unknown', 'T3_KR_KNU', 'T3_KR_KNU'], 'ResidentSetSize': [2887056, 715640], 'SubmitTimes': [1772161741.0, 1772171067.0], 'StartTimes': [1772164980.0, 1772171371.0], 'EndTimes': [1772167391.0, 1772175368.0], 'TotalUserCpuTimeHistory': [1517, 5192], 'TotalSysCpuTimeHistory': [140, 1818], 'WallDurations': [9.0, 87.61014747619629, 2411.0, 8.0, 268.4757122993469, 3997.0], 'JobIds': ['141680772.0', '141681874.0'], 'State': 'finished', 'RecordedSite': True, 'Error': [0, 'OK', {}]}, '646': {'Retries': 1, 'Restarts': 0, 'SiteHistory': ['Unknown', 'T2_LV_HPCNET', 'T2_LV_HPCNET', 'Unknown', 'T2_DE_RWTH', 'T2_DE_RWTH'], 'ResidentSetSize': [534432, 794736], 'SubmitTimes': [1772161741.0, 1772170604.0], 'StartTimes': [1772164982.0, 1772170781.0], 'EndTimes': [1772166933.0, 1772174428.0], 'TotalUserCpuTimeHistory': [2530, 5163], 'TotalSysCpuTimeHistory': [272, 966], 'WallDurations': [8.0, 85.61014747619629, 1951.0, 8.0, 227.44514417648315, 3647.0], 'JobIds': ['141680773.0', '141681808.0'], 'State': 'finished', 'RecordedSite': True, 'Error': [0, 'OK', {}]}, '648': {'Retries': 2, 'Restarts': 0, 'SiteHistory': ['Unknown', 'T2_LV_HPCNET', 'T2_LV_HPCNET', 'Unknown', 'T2_FR_IPHC', 'T2_FR_IPHC', 'Unknown', 'T2_CH_CERN', 'T2_CH_CERN'], 'ResidentSetSize': [540016, 700464, 571368], 'SubmitTimes': [1772161741.0, 1772170599.0, 1772189837.0], 'StartTimes': [1772164982.0, 1772170776.0, 1772189915.0], 'EndTimes': [1772166928.0, 1772173496.0, 1772192945.0], 'TotalUserCpuTimeHistory': [2541, 3232, 3180], 'TotalSysCpuTimeHistory': [282, 1129, 1104], 'WallDurations': [8.0, 85.61014747619629, 1946.0, 9.0, 232.44514417648315, 2720.0, 8.0, 254.5204200744629, 3030.0], 'JobIds': ['141680774.0', '141681806.0', '141695387.0'], 'State': 'transferring', 'RecordedSite': True, 'Error': [90000, "Got recoverable stageout exception:\nStageout failed with code 1.\nThere were 3 failed/killed stageout jobs.\nFailure reasons (per document) follow:\n- c93eeeb355da02cc08de2da68c3bdbbbb7b72b3dcdbabfc94d7619d2:\n  -----> ASO log start -----\n  ['TRANSFER [5] TRANSFER ERROR: Copy failed (3rd pull). Last attempt: copy HTTP 500 : Unexpected server error: 500 [...CUT...] Full log at https://fts3-cms.cern.ch:8449/fts3/ftsmon/#/job/1ad80066-13a5-11f1-84d3-fa163e6c8d57']\n  <----- ASO log finish ----\n  The last failure reason is recoverable.\n- 3e4c67cedaa857fa7a6923b9e898839874258ef3447b68abc6f18fd7:\n  -----> ASO log start -----\n  ['TRANSFER [5] TRANSFER ERROR: Copy failed (3rd pull). Last attempt: copy HTTP 500 : Unexpected server error: 500 [...CUT...] Full log at https://fts3-cms.cern.ch:8449/fts3/ftsmon/#/job/1ad80066-13a5-11f1-84d3-fa163e6c8d57']\n  <----- ASO log finish ----\n  The last failure reason is recoverable.\n- 67e16b27f1276928ef5e3c0f7557488a5ef682dbc4ae678ff40cfc59:\n  -----> ASO log start -----\n  ['TRANSFER [5] TRANSFER ERROR: Copy failed (3rd pull). Last attempt: copy HTTP 500 : Unexpected server error: 500 [...CUT...] Full log at https://fts3-cms.cern.ch:8449/fts3/ftsmon/#/job/1ad80066-13a5-11f1-84d3-fa163e6c8d57']\n  <----- ASO log finish ----\n  The last failure reason is recoverable.", {}]}, '653': {'Retries': 1, 'Restarts': 0, 'SiteHistory': ['Unknown', 'T2_IT_Rome', 'T2_IT_Rome', 'Unknown', 'T3_KR_KNU', 'T3_KR_KNU'], 'ResidentSetSize': [535276, 754012], 'SubmitTimes': [1772161741.0, 1772170907.0], 'StartTimes': [1772164993.0, 1772171269.0], 'EndTimes': [1772167236.0, 1772175236.0], 'TotalUserCpuTimeHistory': [3396, 5156], 'TotalSysCpuTimeHistory': [590, 1793], 'WallDurations': [9.0, 74.61014747619629, 2243.0, 8.0, 57.53299283981323, 3967.0], 'JobIds': ['141680775.0', '141681860.0'], 'State': 'finished', 'RecordedSite': True, 'Error': [0, 'OK', {}]}, '655': {'Retries': 0, 'Restarts': 0, 'SiteHistory': ['Unknown', 'T2_CH_CSCS', 'T2_CH_CSCS'], 'ResidentSetSize': [685208], 'SubmitTimes': [1772161741.0], 'StartTimes': [1772165001.0], 'EndTimes': [1772167145.0], 'TotalUserCpuTimeHistory': [2657], 'TotalSysCpuTimeHistory': [681], 'WallDurations': [8.0, 66.61014747619629, 2144.0], 'JobIds': ['141680776.0'], 'State': 'finished', 'RecordedSite': True, 'Error': [0, 'OK', {}]}, '654': {'Retries': 0, 'Restarts': 0, 'SiteHistory': ['Unknown', 'T2_CH_CSCS', 'T2_CH_CSCS'], 'ResidentSetSize': [662580], 'SubmitTimes': [1772161741.0], 'StartTimes': [1772165019.0], 'EndTimes': [1772167052.0], 'TotalUserCpuTimeHistory': [2490], 'TotalSysCpuTimeHistory': [664], 'WallDurations': [9.0, 48.61014747619629, 2033.0], 'JobIds': ['141680777.0'], 'State': 'finished', 'RecordedSite': True, 'Error': [0, 'OK', {}]}, '660': {'Retries': 1, 'Restarts': 0, 'SiteHistory': ['Unknown', 'T2_BE_IIHE', 'T2_BE_IIHE', 'T2_CH_CERN', 'T2_CH_CERN'], 'ResidentSetSize': [716196, 665720], 'SubmitTimes': [1772161741.0, 1772181752.0], 'StartTimes': [1772165029.0, 1772181763.0], 'EndTimes': [1772167254.0, 1772186869.0], 'TotalUserCpuTimeHistory': [2677, 5388], 'TotalSysCpuTimeHistory': [859, 1218], 'WallDurations': [8.0, 38.61014747619629, 2225.0, 9.0, 5106.0], 'JobIds': ['141680778.0', '141686225.0'], 'State': 'transferring', 'RecordedSite': True, 'Error': [90000, "Got recoverable stageout exception:\nStageout failed with code 1.\nThere were 3 failed/killed stageout jobs.\nFailure reasons (per document) follow:\n- 3217257e41991333b5a85550dff234fca2a527138188878ae3e284fb:\n  -----> ASO log start -----\n  ['TRANSFER [5] TRANSFER ERROR: Copy failed (3rd pull). Last attempt: copy HTTP 500 : Unexpected server error: 500 [...CUT...] Full log at https://fts3-cms.cern.ch:8449/fts3/ftsmon/#/job/323ede4a-1397-11f1-a315-fa163e6c8d57']\n  <----- ASO log finish ----\n  The last failure reason is recoverable.\n- f67462a341d2598570682bee9a8e2281c2c9f62a2b690b4804c2c5a4:\n  -----> ASO log start -----\n  ['TRANSFER [5] TRANSFER ERROR: Copy failed (3rd pull). Last attempt: copy HTTP 500 : Unexpected server error: 500 [...CUT...] Full log at https://fts3-cms.cern.ch:8449/fts3/ftsmon/#/job/323ede4a-1397-11f1-a315-fa163e6c8d57']\n  <----- ASO log finish ----\n  The last failure reason is recoverable.\n- 59abb667a2ea50d74149fb0d2d200be2c04f0b88f2dfa9f033efae3a:\n  -----> ASO log start -----\n  ['TRANSFER [5] TRANSFER ERROR: Copy failed (3rd pull). Last attempt: copy HTTP 500 : Unexpected server error: 500 [...CUT...] Full log at https://fts3-cms.cern.ch:8449/fts3/ftsmon/#/job/323ede4a-1397-11f1-a315-fa163e6c8d57']\n  <----- ASO log finish ----\n  The last failure reason is recoverable.", {}]}, '656': {'Retries': 2, 'Restarts': 0, 'SiteHistory': ['Unknown', 'T2_IT_Rome', 'T2_IT_Rome', 'T2_US_MIT', 'T2_US_MIT', 'T2_CH_CERN', 'T2_CH_CERN'], 'ResidentSetSize': [584308, 581868, 736872], 'SubmitTimes': [1772161746.0, 1772172749.0, 1772179847.0], 'StartTimes': [1772165049.0, 1772172865.0, 1772179894.0], 'EndTimes': [1772167276.0, 1772176119.0, 1772181895.0], 'TotalUserCpuTimeHistory': [3278, 4213, 2454], 'TotalSysCpuTimeHistory': [536, 828, 740], 'WallDurations': [9.0, 18.61014747619629, 2227.0, 8.0, 3254.0, 9.0, 2001.0], 'JobIds': ['141680779.0', '141682456.0', '141685971.0'], 'State': 'transferring', 'RecordedSite': True, 'Error': [90000, "Got recoverable stageout exception:\nStageout failed with code 1.\nThere were 1 failed/killed stageout jobs.\nFailure reasons (per document) follow:\n- 882a6fd0535cbf39e6273be6bc17ba6fb19293f4f3bbbfa4a6d2952c:\n  -----> ASO log start -----\n  ['DESTINATION [5] HTTP 500 : Unexpected server error: 500 [...CUT...] Full log at https://fts3-cms.cern.ch:8449/fts3/ftsmon/#/job/b1ff6ece-13ab-11f1-b0d2-fa163e5dc706']\n  <----- ASO log finish ----\n  The last failure reason is recoverable.", {}]}, '657': {'Retries': 1, 'Restarts': 0, 'SiteHistory': ['Unknown', 'T2_BE_UCL', 'T2_BE_UCL', 'T2_CH_CERN', 'T2_CH_CERN'], 'ResidentSetSize': [713244, 2462732], 'SubmitTimes': [1772161746.0, 1772170731.0], 'StartTimes': [1772165068.0, 1772170890.0], 'EndTimes': [1772167059.0, 1772173286.0], 'TotalUserCpuTimeHistory': [1634, 2768], 'TotalSysCpuTimeHistory': [94, 873], 'WallDurations': [8.0, 304.08571887016296, 1991.0, 8.0, 2396.0], 'JobIds': ['141680780.0', '141681828.0'], 'State': 'transferring', 'RecordedSite': True, 'Error': [90000, "Got recoverable stageout exception:\nStageout failed with code 1.\nThere were 3 failed/killed stageout jobs.\nFailure reasons (per document) follow:\n- 76316bd5ff2d64e2fd6dc0049e66d25fcfba39a553d8928109aa22fc:\n  -----> ASO log start -----\n  ['TRANSFER [5] TRANSFER ERROR: Copy failed (3rd pull). Last attempt: copy HTTP 500 : Unexpected server error: 500 [...CUT...] Full log at https://fts3-cms.cern.ch:8449/fts3/ftsmon/#/job/7530b0da-1396-11f1-95c5-fa163e65d4d2']\n  <----- ASO log finish ----\n  The last failure reason is recoverable.\n- abff1e45fc4d2e27315ccebb5d824c4e5a86875f22ca5089d0e958a7:\n  -----> ASO log start -----\n  ['TRANSFER [5] TRANSFER ERROR: Copy failed (3rd pull). Last attempt: copy HTTP 500 : Unexpected server error: 500 [...CUT...] Full log at https://fts3-cms.cern.ch:8449/fts3/ftsmon/#/job/7530b0da-1396-11f1-95c5-fa163e65d4d2']\n  <----- ASO log finish ----\n  The last failure reason is recoverable.\n- a3b5cd23e6e88973466eaa67ed1d8bb1dd94b0b2093151786040225c:\n  -----> ASO log start -----\n  ['TRANSFER [5] TRANSFER ERROR: Copy failed (3rd pull). Last attempt: copy HTTP 500 : Unexpected server error: 500 [...CUT...] Full log at https://fts3-cms.cern.ch:8449/fts3/ftsmon/#/job/7530b0da-1396-11f1-95c5-fa163e65d4d2']\n  <----- ASO log finish ----\n  The last failure reason is recoverable.", {}]}, '658': {'Retries': 1, 'Restarts': 0, 'SiteHistory': ['Unknown', 'T2_BE_IIHE', 'T2_BE_IIHE', 'T3_KR_KNU', 'T3_KR_KNU'], 'ResidentSetSize': [703844, 784264], 'SubmitTimes': [1772161746.0, 1772179892.0], 'StartTimes': [1772165080.0, 1772179918.0], 'EndTimes': [1772167204.0, 1772185401.0], 'TotalUserCpuTimeHistory': [2637, 7720], 'TotalSysCpuTimeHistory': [922, 2420], 'WallDurations': [9.0, 292.08571887016296, 2124.0, 8.0, 5483.0], 'JobIds': ['141680781.0', '141685977.0'], 'State': 'finished', 'RecordedSite': True, 'Error': [0, 'OK', {}]}, '659': {'Retries': 1, 'Restarts': 0, 'SiteHistory': ['Unknown', 'T2_LV_HPCNET', 'T2_LV_HPCNET', 'T3_KR_KNU', 'T3_KR_KNU'], 'ResidentSetSize': [595188, 687612], 'SubmitTimes': [1772161746.0, 1772170731.0], 'StartTimes': [1772165083.0, 1772170884.0], 'EndTimes': [1772167058.0, 1772173830.0], 'TotalUserCpuTimeHistory': [2585, 4087], 'TotalSysCpuTimeHistory': [278, 1326], 'WallDurations': [8.0, 289.08571887016296, 1975.0, 10.0, 2946.0], 'JobIds': ['141680782.0', '141681827.0'], 'State': 'finished', 'RecordedSite': True, 'Error': [0, 'OK', {}]}, '661': {'Retries': 2, 'Restarts': 0, 'SiteHistory': ['Unknown', 'T2_IT_Rome', 'T2_IT_Rome', 'T2_TR_METU', 'T2_TR_METU', 'T2_CH_CSCS', 'T2_CH_CSCS'], 'ResidentSetSize': [502984, 636336, 664856], 'SubmitTimes': [1772161746.0, 1772170439.0, 1772182383.0], 'StartTimes': [1772165082.0, 1772170612.0, 1772182422.0], 'EndTimes': [1772166766.0, 1772176844.0, 1772185079.0], 'TotalUserCpuTimeHistory': [2565, 6171, 2671], 'TotalSysCpuTimeHistory': [366, 2053, 809], 'WallDurations': [8.0, 290.08571887016296, 1684.0, 9.0, 6232.0, 8.0, 2657.0], 'JobIds': ['141680783.0', '141681786.0', '141686313.0'], 'State': 'failed', 'RecordedSite': True, 'Error': [90000, "Got recoverable stageout exception:\nStageout failed with code 1.\nThere were 1 failed/killed stageout jobs.\nFailure reasons (per document) follow:\n- 884c78a63452ff9e99f3782e3ddcf8e6a17252cbee3291e026027ec3:\n  -----> ASO log start -----\n  ['DESTINATION [5] HTTP 500 : Unexpected server error: 500 [...CUT...] Full log at https://fts3-cms.cern.ch:8449/fts3/ftsmon/#/job/3534771c-13c0-11f1-93de-fa163eaa97bf']\n  <----- ASO log finish ----\n  The last failure reason is recoverable.", {}]}, '662': {'Retries': 0, 'Restarts': 0, 'SiteHistory': ['Unknown', 'T2_US_UCSD', 'T2_US_UCSD'], 'ResidentSetSize': [680368], 'SubmitTimes': [1772161746.0], 'StartTimes': [1772165114.0], 'EndTimes': [1772167260.0], 'TotalUserCpuTimeHistory': [2794], 'TotalSysCpuTimeHistory': [774], 'WallDurations': [9.0, 258.08571887016296, 2146.0], 'JobIds': ['141680784.0'], 'State': 'finished', 'RecordedSite': True, 'Error': [0, 'OK', {}]}, '663': {'Retries': 0, 'Restarts': 0, 'SiteHistory': ['Unknown', 'T2_US_Florida', 'T2_US_Florida'], 'ResidentSetSize': [633644], 'SubmitTimes': [1772161746.0], 'StartTimes': [1772165090.0], 'EndTimes': [1772167124.0], 'TotalUserCpuTimeHistory': [2537], 'TotalSysCpuTimeHistory': [214], 'WallDurations': [10.0, 282.08571887016296, 2034.0], 'JobIds': ['141680785.0'], 'State': 'finished', 'RecordedSite': True, 'Error': [0, 'OK', {}]}, '664': {'Retries': 1, 'Restarts': 0, 'SiteHistory': ['Unknown', 'T2_BE_IIHE', 'T2_BE_IIHE', 'T2_CH_CERN', 'T2_CH_CERN'], 'ResidentSetSize': [2179156, 636540], 'SubmitTimes': [1772161746.0, 1772183593.0], 'StartTimes': [1772165089.0, 1772183614.0], 'EndTimes': [1772167303.0, 1772185622.0], 'TotalUserCpuTimeHistory': [2542, 2367], 'TotalSysCpuTimeHistory': [690, 730], 'WallDurations': [10.0, 283.08571887016296, 2214.0, 8.0, 2008.0], 'JobIds': ['141680786.0', '141686429.0'], 'State': 'transferring', 'RecordedSite': True, 'Error': [90000, "Got recoverable stageout exception:\nStageout failed with code 1.\nThere were 3 failed/killed stageout jobs.\nFailure reasons (per document) follow:\n- 42f764381dbd6513bbc8cae1120ef468e656c22fbb62a52b6dae628a:\n  -----> ASO log start -----\n  ['TRANSFER [5] TRANSFER ERROR: Copy failed (3rd pull). Last attempt: copy HTTP 500 : Unexpected server error: 500 [...CUT...] Full log at https://fts3-cms.cern.ch:8449/fts3/ftsmon/#/job/323ede4a-1397-11f1-a315-fa163e6c8d57']\n  <----- ASO log finish ----\n  The last failure reason is recoverable.\n- dbf7672f924bd15cf384b1c0606e32bf56b03524df630223687a629a:\n  -----> ASO log start -----\n  ['TRANSFER [5] TRANSFER ERROR: Copy failed (3rd pull). Last attempt: copy HTTP 500 : Unexpected server error: 500 [...CUT...] Full log at https://fts3-cms.cern.ch:8449/fts3/ftsmon/#/job/323ede4a-1397-11f1-a315-fa163e6c8d57']\n  <----- ASO log finish ----\n  The last failure reason is recoverable.\n- 586bbefb1e0b4bc3c78c2892ecc7b38ece48c493524b287345cfa335:\n  -----> ASO log start -----\n  ['TRANSFER [5] TRANSFER ERROR: Copy failed (3rd pull). Last attempt: copy HTTP 500 : Unexpected server error: 500 [...CUT...] Full log at https://fts3-cms.cern.ch:8449/fts3/ftsmon/#/job/323ede4a-1397-11f1-a315-fa163e6c8d57']\n  <----- ASO log finish ----\n  The last failure reason is recoverable.", {}]}, '665': {'Retries': 2, 'Restarts': 0, 'SiteHistory': ['Unknown', 'T2_CH_CSCS', 'T2_CH_CSCS', 'Unknown', 'T2_TR_METU', 'T2_TR_METU', 'T2_CH_CERN', 'T2_CH_CERN'], 'ResidentSetSize': [736284, 686368, 664788], 'SubmitTimes': [1772161746.0, 1772172784.0, 1772183668.0], 'StartTimes': [1772165148.0, 1772173157.0, 1772183702.0], 'EndTimes': [1772167309.0, 1772178121.0, 1772185995.0], 'TotalUserCpuTimeHistory': [2443, 5906, 2692], 'TotalSysCpuTimeHistory': [474, 1865, 839], 'WallDurations': [8.0, 224.08571887016296, 2161.0, 10.0, 41.639737367630005, 4964.0, 8.0, 2293.0], 'JobIds': ['141680787.0', '141682460.0', '141686437.0'], 'State': 'transferring', 'RecordedSite': True, 'Error': [90000, "Got recoverable stageout exception:\nStageout failed with code 1.\nThere were 3 failed/killed stageout jobs.\nFailure reasons (per document) follow:\n- 06532c58638815ed149f9cc5ac0d139a3abec870f113c50a60377ffa:\n  -----> ASO log start -----\n  ['TRANSFER [5] TRANSFER ERROR: Copy failed (3rd pull). Last attempt: copy HTTP 500 : Unexpected server error: 500 [...CUT...] Full log at https://fts3-cms.cern.ch:8449/fts3/ftsmon/#/job/209a449a-13b0-11f1-93ac-fa163e4409e3']\n  <----- ASO log finish ----\n  The last failure reason is recoverable.\n- 61d0b2f61ff9bff69222999a440604754e988ce4df5d1ddacee40b9f:\n  -----> ASO log start -----\n  ['TRANSFER [5] TRANSFER ERROR: Copy failed (3rd pull). Last attempt: copy HTTP 500 : Unexpected server error: 500 [...CUT...] Full log at https://fts3-cms.cern.ch:8449/fts3/ftsmon/#/job/209a449a-13b0-11f1-93ac-fa163e4409e3']\n  <----- ASO log finish ----\n  The last failure reason is recoverable.\n- a64f1d53a19cdf927b137704da9541b66f0f83c1e66deccf2402aa2c:\n  -----> ASO log start -----\n  ['TRANSFER [5] TRANSFER ERROR: Copy failed (3rd pull). Last attempt: copy HTTP 500 : Unexpected server error: 500 [...CUT...] Full log at https://fts3-cms.cern.ch:8449/fts3/ftsmon/#/job/209a449a-13b0-11f1-93ac-fa163e4409e3']\n  <----- ASO log finish ----\n  The last failure reason is recoverable.", {}]}, '666': {'Retries': 1, 'Restarts': 0, 'SiteHistory': ['Unknown', 'T2_FR_IPHC', 'T2_FR_IPHC', 'T2_CH_CERN', 'T2_CH_CERN'], 'ResidentSetSize': [711344, 698392], 'SubmitTimes': [1772161746.0, 1772178434.0], 'StartTimes': [1772165127.0, 1772178472.0], 'EndTimes': [1772167552.0, 1772180645.0], 'TotalUserCpuTimeHistory': [2968, 2643], 'TotalSysCpuTimeHistory': [817, 809], 'WallDurations': [8.0, 245.08571887016296, 2425.0, 8.0, 2173.0], 'JobIds': ['141680788.0', '141685825.0'], 'State': 'transferring', 'RecordedSite': True, 'Error': [90000, "Got recoverable stageout exception:\nStageout failed with code 1.\nThere were 3 failed/killed stageout jobs.\nFailure reasons (per document) follow:\n- 1acf4b66d6f62c63ed97cc911f9224e16ce9bd03ad834d140cb72609:\n  -----> ASO log start -----\n  ['TRANSFER [5] TRANSFER ERROR: Copy failed (3rd pull). Last attempt: copy HTTP 500 : Unexpected server error: 500 [...CUT...] Full log at https://fts3-cms.cern.ch:8449/fts3/ftsmon/#/job/ed45f8b8-1397-11f1-858c-fa163e65d4d2']\n  <----- ASO log finish ----\n  The last failure reason is recoverable.\n- 47c106cb3c71c4daca58d99bdba98ff80e009ba2aae0106b320f71e7:\n  -----> ASO log start -----\n  ['DESTINATION [110] timeout of 900s [...CUT...] Full log at https://fts3-cms.cern.ch:8449/fts3/ftsmon/#/job/ed45f8b8-1397-11f1-858c-fa163e65d4d2']\n  <----- ASO log finish ----\n  The last failure reason is recoverable.\n- 31ffbb4ff0d630f41ec8f38ec44d71e124ab1724c175d6372a301424:\n  -----> ASO log start -----\n  ['DESTINATION [110] timeout of 900s [...CUT...] Full log at https://fts3-cms.cern.ch:8449/fts3/ftsmon/#/job/ed45f8b8-1397-11f1-858c-fa163e65d4d2']\n  <----- ASO log finish ----\n  The last failure reason is recoverable.", {}]}, '667': {'Retries': 0, 'Restarts': 0, 'SiteHistory': ['Unknown', 'T2_US_UCSD', 'T2_US_UCSD'], 'ResidentSetSize': [735512], 'SubmitTimes': [1772161746.0], 'StartTimes': [1772165140.0], 'EndTimes': [1772167123.0], 'TotalUserCpuTimeHistory': [2534], 'TotalSysCpuTimeHistory': [665], 'WallDurations': [9.0, 232.08571887016296, 1983.0], 'JobIds': ['141680789.0'], 'State': 'finished', 'RecordedSite': True, 'Error': [0, 'OK', {}]}, '668': {'Retries': 1, 'Restarts': 0, 'SiteHistory': ['Unknown', 'T2_FR_IPHC', 'T2_FR_IPHC', 'T2_BE_IIHE', 'T2_BE_IIHE'], 'ResidentSetSize': [703832, 774780], 'SubmitTimes': [1772161746.0, 1772182544.0], 'StartTimes': [1772165148.0, 1772182553.0], 'EndTimes': [1772168061.0, 1772183802.0], 'TotalUserCpuTimeHistory': [3464, 1630], 'TotalSysCpuTimeHistory': [1268, 378], 'WallDurations': [8.0, 224.08571887016296, 2913.0, 8.0, 1249.0], 'JobIds': ['141680790.0', '141686332.0'], 'State': 'transferring', 'RecordedSite': True, 'Error': [90000, "Got recoverable stageout exception:\nStageout failed with code 1.\nThere were 3 failed/killed stageout jobs.\nFailure reasons (per document) follow:\n- 5b38af7e3b1f0700a822ff13e8eaf56a7f15753052e7acf45b5dea53:\n  -----> ASO log start -----\n  ['TRANSFER [5] TRANSFER ERROR: Copy failed (3rd pull). Last attempt: copy HTTP 500 : Unexpected server error: 500 [...CUT...] Full log at https://fts3-cms.cern.ch:8449/fts3/ftsmon/#/job/a8d8643a-1398-11f1-85e3-fa163e1db714']\n  <----- ASO log finish ----\n  The last failure reason is recoverable.\n- 52e2ce9470c20a3d3e575e1a007a7f2c7cd84bcb2c646d29be5b4bcf:\n  -----> ASO log start -----\n  ['TRANSFER [5] TRANSFER ERROR: Copy failed (3rd pull). Last attempt: copy HTTP 500 : Unexpected server error: 500 [...CUT...] Full log at https://fts3-cms.cern.ch:8449/fts3/ftsmon/#/job/a8d8643a-1398-11f1-85e3-fa163e1db714']\n  <----- ASO log finish ----\n  The last failure reason is recoverable.\n- aa28dceaa4de2d9047ec0d1719d7a6980759bfdb6e450aaae45a1631:\n  -----> ASO log start -----\n  ['TRANSFER [5] TRANSFER ERROR: Copy failed (3rd pull). Last attempt: copy HTTP 500 : Unexpected server error: 500 [...CUT...] Full log at https://fts3-cms.cern.ch:8449/fts3/ftsmon/#/job/a8d8643a-1398-11f1-85e3-fa163e1db714']\n  <----- ASO log finish ----\n  The last failure reason is recoverable.", {}]}, '669': {'Retries': 1, 'Restarts': 0, 'SiteHistory': ['Unknown', 'T2_FR_IPHC', 'T2_FR_IPHC', 'T2_CH_CERN', 'T2_CH_CERN'], 'ResidentSetSize': [719412, 701364], 'SubmitTimes': [1772161746.0, 1772180639.0], 'StartTimes': [1772165157.0, 1772180646.0], 'EndTimes': [1772167950.0, 1772182839.0], 'TotalUserCpuTimeHistory': [3289, 2627], 'TotalSysCpuTimeHistory': [1188, 786], 'WallDurations': [9.0, 215.08571887016296, 2793.0, 9.0, 2193.0], 'JobIds': ['141680791.0', '141686073.0'], 'State': 'transferring', 'RecordedSite': True, 'Error': [90000, "Got recoverable stageout exception:\nStageout failed with code 1.\nThere were 3 failed/killed stageout jobs.\nFailure reasons (per document) follow:\n- 1030aaf4425e541039fd3152ad95a26645769c413497bf34121c0754:\n  -----> ASO log start -----\n  ['TRANSFER [5] TRANSFER ERROR: Copy failed (3rd pull). Last attempt: copy HTTP 500 : Unexpected server error: 500 [...CUT...] Full log at https://fts3-cms.cern.ch:8449/fts3/ftsmon/#/job/a8d8643a-1398-11f1-85e3-fa163e1db714']\n  <----- ASO log finish ----\n  The last failure reason is recoverable.\n- efcb23e6603b57bddf853cffa29e979a44cf4b914607fe4c40815c13:\n  -----> ASO log start -----\n  ['TRANSFER [5] TRANSFER ERROR: Copy failed (3rd pull). Last attempt: copy HTTP 500 : Unexpected server error: 500 [...CUT...] Full log at https://fts3-cms.cern.ch:8449/fts3/ftsmon/#/job/a8d8643a-1398-11f1-85e3-fa163e1db714']\n  <----- ASO log finish ----\n  The last failure reason is recoverable.\n- 2bbdf4aa254675af6e3f3127649fd2b0664868b31a459f2343ea6cc5:\n  -----> ASO log start -----\n  ['DESTINATION [110] timeout of 900s [...CUT...] Full log at https://fts3-cms.cern.ch:8449/fts3/ftsmon/#/job/a8d8643a-1398-11f1-85e3-fa163e1db714']\n  <----- ASO log finish ----\n  The last failure reason is recoverable.", {}]}, '670': {'Retries': 1, 'Restarts': 0, 'SiteHistory': ['Unknown', 'T2_IT_Rome', 'T2_IT_Rome', 'Unknown', 'T2_DE_RWTH', 'T2_DE_RWTH'], 'ResidentSetSize': [531928, 694988], 'SubmitTimes': [1772161746.0, 1772170907.0], 'StartTimes': [1772165164.0, 1772171225.0], 'EndTimes': [1772167237.0, 1772179610.0], 'TotalUserCpuTimeHistory': [3159, 10650], 'TotalSysCpuTimeHistory': [527, 3452], 'WallDurations': [8.0, 208.08571887016296, 2073.0, 8.0, 101.53299283981323, 8385.0], 'JobIds': ['141680792.0', '141681859.0'], 'State': 'finished', 'RecordedSite': True, 'Error': [0, 'OK', {}]}, '671': {'Retries': 0, 'Restarts': 0, 'SiteHistory': ['Unknown', 'T2_CH_CSCS', 'T2_CH_CSCS'], 'ResidentSetSize': [712240], 'SubmitTimes': [1772161746.0], 'StartTimes': [1772165164.0], 'EndTimes': [1772167227.0], 'TotalUserCpuTimeHistory': [2280], 'TotalSysCpuTimeHistory': [416], 'WallDurations': [8.0, 208.08571887016296, 2063.0], 'JobIds': ['141680793.0'], 'State': 'finished', 'RecordedSite': True, 'Error': [0, 'OK', {}]}, '672': {'Retries': 2, 'Restarts': 0, 'SiteHistory': ['Unknown', 'T2_IT_Rome', 'T2_IT_Rome', 'T2_TR_METU', 'T2_TR_METU', 'T2_CH_CERN', 'T2_CH_CERN'], 'ResidentSetSize': [528548, 715148, 1893268], 'SubmitTimes': [1772161746.0, 1772172970.0, 1772199773.0], 'StartTimes': [1772165169.0, 1772173018.0, 1772199778.0], 'EndTimes': [1772167492.0, 1772178010.0, 1772202212.0], 'TotalUserCpuTimeHistory': [3455, 6099, 2832], 'TotalSysCpuTimeHistory': [573, 1914, 1072], 'WallDurations': [8.0, 203.08571887016296, 2323.0, 8.0, 4992.0, 8.0, 2434.0], 'JobIds': ['141680794.0', '141682491.0', '141706254.0'], 'State': 'transferring', 'RecordedSite': True, 'Error': [90000, "Got recoverable stageout exception:\nStageout failed with code 1.\nThere were 3 failed/killed stageout jobs.\nFailure reasons (per document) follow:\n- e16cf6656d944e7479e41d006be3ae1c3feccd08ae2d01a521a8deec:\n  -----> ASO log start -----\n  ['TRANSFER [5] TRANSFER ERROR: Copy failed (3rd pull). Last attempt: copy HTTP 500 : Unexpected server error: 500 [...CUT...] Full log at https://fts3-cms.cern.ch:8449/fts3/ftsmon/#/job/209a449a-13b0-11f1-93ac-fa163e4409e3']\n  <----- ASO log finish ----\n  The last failure reason is recoverable.\n- eb2e7aa360215d34a1a2c9c6ec85ea556e6cbffb470203acf5f7771f:\n  -----> ASO log start -----\n  ['TRANSFER [5] TRANSFER ERROR: Copy failed (3rd pull). Last attempt: copy HTTP 500 : Unexpected server error: 500 [...CUT...] Full log at https://fts3-cms.cern.ch:8449/fts3/ftsmon/#/job/209a449a-13b0-11f1-93ac-fa163e4409e3']\n  <----- ASO log finish ----\n  The last failure reason is recoverable.\n- d667fb018698ac895309ae272f1d28bca7cd3bd571cbea495e06fb7a:\n  -----> ASO log start -----\n  ['TRANSFER [5] TRANSFER ERROR: Copy failed (3rd pull). Last attempt: copy HTTP 500 : Unexpected server error: 500 [...CUT...] Full log at https://fts3-cms.cern.ch:8449/fts3/ftsmon/#/job/209a449a-13b0-11f1-93ac-fa163e4409e3']\n  <----- ASO log finish ----\n  The last failure reason is recoverable.", {}]}, '673': {'Retries': 1, 'Restarts': 0, 'SiteHistory': ['Unknown', 'T2_FR_IPHC', 'T2_FR_IPHC', 'T2_CH_CERN', 'T2_CH_CERN'], 'ResidentSetSize': [717544, 3636736], 'SubmitTimes': [1772161746.0, 1772181812.0], 'StartTimes': [1772165170.0, 1772181820.0], 'EndTimes': [1772167332.0, 1772184241.0], 'TotalUserCpuTimeHistory': [2518, 2888], 'TotalSysCpuTimeHistory': [415, 921], 'WallDurations': [8.0, 202.08571887016296, 2162.0, 8.0, 2421.0], 'JobIds': ['141680795.0', '141686229.0'], 'State': 'transferring', 'RecordedSite': True, 'Error': [90000, "Got recoverable stageout exception:\nStageout failed with code 1.\nThere were 3 failed/killed stageout jobs.\nFailure reasons (per document) follow:\n- f6e4ad4a2daeac957e8346d4dfecc755f7e7ae4dd09592bdd7ef2e7b:\n  -----> ASO log start -----\n  ['DESTINATION [110] timeout of 900s [...CUT...] Full log at https://fts3-cms.cern.ch:8449/fts3/ftsmon/#/job/318163ec-1397-11f1-ac8e-fa163e4409e3']\n  <----- ASO log finish ----\n  The last failure reason is recoverable.\n- 76e2c9dd4bc4b67d688fd78888a689506221dd765c2c905d75bdcb76:\n  -----> ASO log start -----\n  ['TRANSFER [5] TRANSFER ERROR: Copy failed (3rd pull). Last attempt: copy HTTP 500 : Unexpected server error: 500 [...CUT...] Full log at https://fts3-cms.cern.ch:8449/fts3/ftsmon/#/job/318163ec-1397-11f1-ac8e-fa163e4409e3']\n  <----- ASO log finish ----\n  The last failure reason is recoverable.\n- 3745924571cc24a5c9967291997a05948734cf3130af211711819cf4:\n  -----> ASO log start -----\n  ['DESTINATION [110] timeout of 900s [...CUT...] Full log at https://fts3-cms.cern.ch:8449/fts3/ftsmon/#/job/318163ec-1397-11f1-ac8e-fa163e4409e3']\n  <----- ASO log finish ----\n  The last failure reason is recoverable.", {}]}, '674': {'Retries': 1, 'Restarts': 0, 'SiteHistory': ['Unknown', 'T2_IT_Rome', 'T2_IT_Rome', 'T2_CH_CSCS', 'T2_CH_CSCS'], 'ResidentSetSize': [584932, 681500], 'SubmitTimes': [1772161746.0, 1772172995.0], 'StartTimes': [1772165181.0, 1772173015.0], 'EndTimes': [1772167521.0, 1772175250.0], 'TotalUserCpuTimeHistory': [3282, 2727], 'TotalSysCpuTimeHistory': [534, 778], 'WallDurations': [8.0, 191.08571887016296, 2340.0, 9.0, 2235.0], 'JobIds': ['141680796.0', '141682497.0'], 'State': 'finished', 'RecordedSite': True, 'Error': [0, 'OK', {}]}, '675': {'Retries': 0, 'Restarts': 0, 'SiteHistory': ['Unknown', 'T2_CN_Beijing', 'T2_CN_Beijing'], 'ResidentSetSize': [641412], 'SubmitTimes': [1772161746.0], 'StartTimes': [1772165197.0], 'EndTimes': [1772167148.0], 'TotalUserCpuTimeHistory': [1770], 'TotalSysCpuTimeHistory': [399], 'WallDurations': [9.0, 175.08571887016296, 1951.0], 'JobIds': ['141680797.0'], 'State': 'finished', 'RecordedSite': True, 'Error': [0, 'OK', {}]}, '676': {'Retries': 1, 'Restarts': 0, 'SiteHistory': ['Unknown', 'T2_FR_IPHC', 'T2_FR_IPHC', 'T2_CH_CERN', 'T2_CH_CERN'], 'ResidentSetSize': [844772, 782288], 'SubmitTimes': [1772161746.0, 1772182078.0], 'StartTimes': [1772165200.0, 1772182101.0], 'EndTimes': [1772167585.0, 1772184576.0], 'TotalUserCpuTimeHistory': [2949, 2849], 'TotalSysCpuTimeHistory': [859, 1009], 'WallDurations': [9.0, 172.08571887016296, 2385.0, 9.0, 2475.0], 'JobIds': ['141680798.0', '141686274.0'], 'State': 'transferring', 'RecordedSite': True, 'Error': [90000, "Got recoverable stageout exception:\nStageout failed with code 1.\nThere were 3 failed/killed stageout jobs.\nFailure reasons (per document) follow:\n- e73dc1f6e9cede746065d3682f760eda5dc2d197216d7241aed8fe86:\n  -----> ASO log start -----\n  ['TRANSFER [5] TRANSFER ERROR: Copy failed (3rd pull). Last attempt: copy HTTP 500 : Unexpected server error: 500 [...CUT...] Full log at https://fts3-cms.cern.ch:8449/fts3/ftsmon/#/job/ed45f8b8-1397-11f1-858c-fa163e65d4d2']\n  <----- ASO log finish ----\n  The last failure reason is recoverable.\n- 7080cb574adc406a12df912ff9b13a6693d2d0247df55179d5beb57d:\n  -----> ASO log start -----\n  ['TRANSFER [5] TRANSFER ERROR: Copy failed (3rd pull). Last attempt: copy HTTP 500 : Unexpected server error: 500 [...CUT...] Full log at https://fts3-cms.cern.ch:8449/fts3/ftsmon/#/job/ed45f8b8-1397-11f1-858c-fa163e65d4d2']\n  <----- ASO log finish ----\n  The last failure reason is recoverable.\n- 1c65ea5153a0369c962a2f12a5367eb3804a9a4c200e37473d8eff74:\n  -----> ASO log start -----\n  ['TRANSFER [5] TRANSFER ERROR: Copy failed (3rd pull). Last attempt: copy HTTP 500 : Unexpected server error: 500 [...CUT...] Full log at https://fts3-cms.cern.ch:8449/fts3/ftsmon/#/job/ed45f8b8-1397-11f1-858c-fa163e65d4d2']\n  <----- ASO log finish ----\n  The last failure reason is recoverable.", {}]}, '691': {'Retries': 0, 'Restarts': 0, 'SiteHistory': ['Unknown', 'T2_US_UCSD', 'T2_US_UCSD'], 'ResidentSetSize': [686728], 'SubmitTimes': [1772161746.0], 'StartTimes': [1772165257.0], 'EndTimes': [1772167477.0], 'TotalUserCpuTimeHistory': [3119], 'TotalSysCpuTimeHistory': [553], 'WallDurations': [9.0, 115.08571887016296, 2220.0], 'JobIds': ['141680799.0'], 'State': 'finished', 'RecordedSite': True, 'Error': [0, 'OK', {}]}, '682': {'Retries': 0, 'Restarts': 0, 'SiteHistory': ['Unknown', 'T2_CH_CSCS', 'T2_CH_CSCS'], 'ResidentSetSize': [2653484], 'SubmitTimes': [1772161746.0], 'StartTimes': [1772165281.0], 'EndTimes': [1772167919.0], 'TotalUserCpuTimeHistory': [2595], 'TotalSysCpuTimeHistory': [524], 'WallDurations': [8.0, 91.08571887016296, 2638.0], 'JobIds': ['141680800.0'], 'State': 'finished', 'RecordedSite': True, 'Error': [0, 'OK', {}]}, '693': {'Retries': 1, 'Restarts': 0, 'SiteHistory': ['Unknown', 'T2_IT_Rome', 'T2_IT_Rome', 'Unknown', 'T2_CH_CERN', 'T2_CH_CERN'], 'ResidentSetSize': [3520540, 3196188], 'SubmitTimes': [1772161746.0, 1772173229.0], 'StartTimes': [1772165284.0, 1772173593.0], 'EndTimes': [1772167753.0, 1772177610.0], 'TotalUserCpuTimeHistory': [3629, 5494], 'TotalSysCpuTimeHistory': [615, 1214], 'WallDurations': [9.0, 88.08571887016296, 2469.0, 9.0, 234.68663930892944, 4017.0], 'JobIds': ['141680801.0', '141682562.0'], 'State': 'transferring', 'RecordedSite': True, 'Error': [90000, "Got recoverable stageout exception:\nStageout failed with code 1.\nThere were 3 failed/killed stageout jobs.\nFailure reasons (per document) follow:\n- 82cfabfd562cc69dd905e393627aeeee37be71b160bfb3fb68076d11:\n  -----> ASO log start -----\n  ['TRANSFER [5] TRANSFER ERROR: Copy failed (3rd pull). Last attempt: copy HTTP 500 : Unexpected server error: 500 [...CUT...] Full log at https://fts3-cms.cern.ch:8449/fts3/ftsmon/#/job/ee51f7d4-1397-11f1-bfa6-fa163e5dc706']\n  <----- ASO log finish ----\n  The last failure reason is recoverable.\n- 6447d09132fdbd17a2e2ae58c988383decf635c64fd4cb393d6382dc:\n  -----> ASO log start -----\n  ['TRANSFER [5] TRANSFER ERROR: Copy failed (3rd pull). Last attempt: copy HTTP 500 : Unexpected server error: 500 [...CUT...] Full log at https://fts3-cms.cern.ch:8449/fts3/ftsmon/#/job/ee51f7d4-1397-11f1-bfa6-fa163e5dc706']\n  <----- ASO log finish ----\n  The last failure reason is recoverable.\n- d5795535a4e853972eefeb7ff99c4b13033a7fc7b873cd2ff87b6a5d:\n  -----> ASO log start -----\n  ['TRANSFER [5] TRANSFER ERROR: Copy failed (3rd pull). Last attempt: copy HTTP 500 : Unexpected server error: 500 [...CUT...] Full log at https://fts3-cms.cern.ch:8449/fts3/ftsmon/#/job/ee51f7d4-1397-11f1-bfa6-fa163e5dc706']\n  <----- ASO log finish ----\n  The last failure reason is recoverable.", {}]}, '684': {'Retries': 1, 'Restarts': 0, 'SiteHistory': ['Unknown', 'T2_AT_Vienna', 'T2_AT_Vienna', 'Unknown', 'T2_FR_IPHC', 'T2_FR_IPHC'], 'ResidentSetSize': [505080, 691044], 'SubmitTimes': [1772161746.0, 1772173174.0], 'StartTimes': [1772165290.0, 1772173497.0], 'EndTimes': [1772167704.0, 1772176055.0], 'TotalUserCpuTimeHistory': [3164, 3138], 'TotalSysCpuTimeHistory': [482, 1077], 'WallDurations': [8.0, 82.08571887016296, 2414.0, 8.0, 16.952085256576538, 2558.0], 'JobIds': ['141680802.0', '141682550.0'], 'State': 'transferring', 'RecordedSite': True, 'Error': [90000, "Got recoverable stageout exception:\nStageout failed with code 1.\nThere were 3 failed/killed stageout jobs.\nFailure reasons (per document) follow:\n- e31af8877f27f5485b3cfa5e42f966a3d256c09b9120cb2c0c01c3ab:\n  -----> ASO log start -----\n  ['TRANSFER [5] TRANSFER ERROR: Copy failed (3rd pull). Last attempt: copy HTTP 500 : Unexpected server error: 500 [...CUT...] Full log at https://fts3-cms.cern.ch:8449/fts3/ftsmon/#/job/edf4a8cc-1397-11f1-8b81-fa163e172462']\n  <----- ASO log finish ----\n  The last failure reason is recoverable.\n- cf4c64a5dd1dd06eb084482279834343f125dfbee5bc6d047d90c1b0:\n  -----> ASO log start -----\n  ['TRANSFER [5] TRANSFER ERROR: Copy failed (3rd pull). Last attempt: copy HTTP 500 : Unexpected server error: 500 [...CUT...] Full log at https://fts3-cms.cern.ch:8449/fts3/ftsmon/#/job/edf4a8cc-1397-11f1-8b81-fa163e172462']\n  <----- ASO log finish ----\n  The last failure reason is recoverable.\n- 644651091910c403367f4ef6e0b931ab9e5c9b30b6e4b4fd4e1b96b1:\n  -----> ASO log start -----\n  ['TRANSFER [5] TRANSFER ERROR: Copy failed (3rd pull). Last attempt: copy HTTP 500 : Unexpected server error: 500 [...CUT...] Full log at https://fts3-cms.cern.ch:8449/fts3/ftsmon/#/job/edf4a8cc-1397-11f1-8b81-fa163e172462']\n  <----- ASO log finish ----\n  The last failure reason is recoverable.", {}]}, '680': {'Retries': 1, 'Restarts': 1, 'SiteHistory': ['Unknown', 'T2_BE_UCL', 'T2_BE_UCL', 'T2_US_Florida', 'T2_US_Florida', 'T2_CH_CERN'], 'ResidentSetSize': [654208, 663000, 0], 'SubmitTimes': [1772161746.0, 1772173015.0, -1], 'StartTimes': [1772165303.0, 1772173061.0, 1772175036.0], 'EndTimes': [1772167537.0, 1772174973.0, 1772176915.0], 'TotalUserCpuTimeHistory': [1376, 2388.0, 4646], 'TotalSysCpuTimeHistory': [46, 264.0, 922], 'WallDurations': [9.0, 69.08571887016296, 2234.0, 8.0, 1912.0, 1879.0], 'JobIds': ['141680803.0', '141682532.0', '141682532.0'], 'State': 'transferring', 'RecordedSite': True, 'Error': [90000, "Got recoverable stageout exception:\nStageout failed with code 1.\nThere were 3 failed/killed stageout jobs.\nFailure reasons (per document) follow:\n- 04e37e2d0782f2b8655fcb1916c079f1b3d00bb6b26b81a5ef374375:\n  -----> ASO log start -----\n  ['TRANSFER [5] TRANSFER ERROR: Copy failed (3rd pull). Last attempt: copy HTTP 500 : Unexpected server error: 500 [...CUT...] Full log at https://fts3-cms.cern.ch:8449/fts3/ftsmon/#/job/31014ca2-1397-11f1-a315-fa163e6c8d57']\n  <----- ASO log finish ----\n  The last failure reason is recoverable.\n- 08da9a2b31418482d28266abadbd5dada5d317029f24a825f4ab6639:\n  -----> ASO log start -----\n  ['TRANSFER [5] TRANSFER ERROR: Copy failed (3rd pull). Last attempt: copy HTTP 500 : Unexpected server error: 500 [...CUT...] Full log at https://fts3-cms.cern.ch:8449/fts3/ftsmon/#/job/31014ca2-1397-11f1-a315-fa163e6c8d57']\n  <----- ASO log finish ----\n  The last failure reason is recoverable.\n- 6ef51565ffd63b5599cb67ec425a814fa38e6081337f161a1bfd3768:\n  -----> ASO log start -----\n  ['TRANSFER [5] TRANSFER ERROR: Copy failed (3rd pull). Last attempt: copy HTTP 500 : Unexpected server error: 500 [...CUT...] Full log at https://fts3-cms.cern.ch:8449/fts3/ftsmon/#/job/31014ca2-1397-11f1-a315-fa163e6c8d57']\n  <----- ASO log finish ----\n  The last failure reason is recoverable.", {}]}, '688': {'Retries': 0, 'Restarts': 0, 'SiteHistory': ['Unknown', 'T2_CH_CERN', 'T2_CH_CERN'], 'ResidentSetSize': [636012], 'SubmitTimes': [1772161746.0], 'StartTimes': [1772165311.0], 'EndTimes': [1772166867.0], 'TotalUserCpuTimeHistory': [2353], 'TotalSysCpuTimeHistory': [516], 'WallDurations': [9.0, 61.085718870162964, 1556.0], 'JobIds': ['141680804.0'], 'State': 'finished', 'RecordedSite': True, 'Error': [0, 'OK', {}]}, '690': {'Retries': 2, 'Restarts': 0, 'SiteHistory': ['Unknown', 'T2_CH_CERN', 'T2_CH_CERN', 'T2_TR_METU', 'T2_TR_METU', 'T2_CH_CERN', 'T2_CH_CERN'], 'ResidentSetSize': [580544, 636500, 680940], 'SubmitTimes': [1772161746.0, 1772170379.0, 1772184240.0], 'StartTimes': [1772165311.0, 1772170597.0, 1772184244.0], 'EndTimes': [1772166706.0, 1772176904.0, 1772186591.0], 'TotalUserCpuTimeHistory': [2100, 6346, 2704], 'TotalSysCpuTimeHistory': [405, 2088, 813], 'WallDurations': [8.0, 61.085718870162964, 1395.0, 10.0, 6307.0, 8.0, 2347.0], 'JobIds': ['141680805.0', '141681777.0', '141686514.0'], 'State': 'transferring', 'RecordedSite': True, 'Error': [90000, "Got recoverable stageout exception:\nStageout failed with code 1.\nThere were 3 failed/killed stageout jobs.\nFailure reasons (per document) follow:\n- 2ac7f0d3d3f3ef23f9bc0cc6ff6847cc89c25d61ca85d9184c2f96a2:\n  -----> ASO log start -----\n  ['TRANSFER [5] TRANSFER ERROR: Copy failed (3rd pull). Last attempt: copy HTTP 500 : Unexpected server error: 500 [...CUT...] Full log at https://fts3-cms.cern.ch:8449/fts3/ftsmon/#/job/2bfbbaba-13ad-11f1-9af2-fa163e65d4d2']\n  <----- ASO log finish ----\n  The last failure reason is recoverable.\n- f924100c58257a0d469d2446fdba9f0b5125e72d540f91d23942f257:\n  -----> ASO log start -----\n  ['TRANSFER [5] TRANSFER ERROR: Copy failed (3rd pull). Last attempt: copy HTTP 500 : Unexpected server error: 500 [...CUT...] Full log at https://fts3-cms.cern.ch:8449/fts3/ftsmon/#/job/2bfbbaba-13ad-11f1-9af2-fa163e65d4d2']\n  <----- ASO log finish ----\n  The last failure reason is recoverable.\n- 28c6b08e973535b99063544486821b5b7828fe71b5ee5a0b03df7c90:\n  -----> ASO log start -----\n  ['TRANSFER [5] TRANSFER ERROR: Copy failed (3rd pull). Last attempt: copy HTTP 500 : Unexpected server error: 500 [...CUT...] Full log at https://fts3-cms.cern.ch:8449/fts3/ftsmon/#/job/2bfbbaba-13ad-11f1-9af2-fa163e65d4d2']\n  <----- ASO log finish ----\n  The last failure reason is recoverable.", {}]}, '681': {'Retries': 2, 'Restarts': 0, 'SiteHistory': ['Unknown', 'T2_CH_CERN', 'T2_CH_CERN', 'Unknown', 'T2_FR_IPHC', 'T2_FR_IPHC', 'T2_US_Purdue', 'T2_US_Purdue'], 'ResidentSetSize': [708824, 2279744, 3653084], 'SubmitTimes': [1772161746.0, 1772170821.0, 1772195259.0], 'StartTimes': [1772165312.0, 1772171010.0, 1772195427.0], 'EndTimes': [1772167146.0, 1772173510.0, 1772199882.0], 'TotalUserCpuTimeHistory': [2811, 3005, 4683], 'TotalSysCpuTimeHistory': [465, 991, 1100], 'WallDurations': [8.0, 60.085718870162964, 1834.0, 308.0, 316.53299283981323, 2500.0, 9.0, 4455.0], 'JobIds': ['141680806.0', '141681843.0', '141698952.0'], 'State': 'transferring', 'RecordedSite': True, 'Error': [90000, "Got recoverable stageout exception:\nStageout failed with code 1.\nThere were 3 failed/killed stageout jobs.\nFailure reasons (per document) follow:\n- 317aa8477e2cdb084644c3c01b74399ddd340136049e9317fdab1f86:\n  -----> ASO log start -----\n  ['DESTINATION [110] timeout of 900s [...CUT...] Full log at https://fts3-cms.cern.ch:8449/fts3/ftsmon/#/job/1ad80066-13a5-11f1-84d3-fa163e6c8d57']\n  <----- ASO log finish ----\n  The last failure reason is recoverable.\n- ba226e96f67df668a5e787f47acfa889cbd05d717d5d7f48e6defb95:\n  -----> ASO log start -----\n  ['TRANSFER [5] TRANSFER ERROR: Copy failed (3rd pull). Last attempt: copy HTTP 500 : Unexpected server error: 500 [...CUT...] Full log at https://fts3-cms.cern.ch:8449/fts3/ftsmon/#/job/1ad80066-13a5-11f1-84d3-fa163e6c8d57']\n  <----- ASO log finish ----\n  The last failure reason is recoverable.\n- 166366591b646f3d64f8a76fa14ca8799edb33e6901a14dd362d58eb:\n  -----> ASO log start -----\n  ['TRANSFER [5] TRANSFER ERROR: Copy failed (3rd pull). Last attempt: copy HTTP 500 : Unexpected server error: 500 [...CUT...] Full log at https://fts3-cms.cern.ch:8449/fts3/ftsmon/#/job/1ad80066-13a5-11f1-84d3-fa163e6c8d57']\n  <----- ASO log finish ----\n  The last failure reason is recoverable.", {}]}, '695': {'Retries': 1, 'Restarts': 0, 'SiteHistory': ['Unknown', 'T2_CH_CERN', 'T2_CH_CERN', 'Unknown', 'T2_CH_CERN', 'T2_CH_CERN'], 'ResidentSetSize': [690912, 385116], 'SubmitTimes': [1772161746.0, 1772189485.0], 'StartTimes': [1772165311.0, 1772189560.0], 'EndTimes': [1772169583.0, 1772192325.0], 'TotalUserCpuTimeHistory': [5598, 3199], 'TotalSysCpuTimeHistory': [1150, 399], 'WallDurations': [10.0, 61.085718870162964, 4272.0, 9.0, 297.9253373146057, 2765.0], 'JobIds': ['141680807.0', '141695121.0'], 'State': 'transferring', 'RecordedSite': True, 'Error': [90000, "Got recoverable stageout exception:\nStageout failed with code 1.\nThere were 1 failed/killed stageout jobs.\nFailure reasons (per document) follow:\n- 49e5cdacb752bd3f751bbc10ef189b954902aee447ea472d95eb128d:\n  -----> ASO log start -----\n  ['TRANSFER [112] TRANSFER ERROR: Copy failed (3rd pull). Last attempt: copy HTTP 400 : Server Error [...CUT...] Full log at https://fts3-cms.cern.ch:8449/fts3/ftsmon/#/job/576a6a18-139c-11f1-8818-fa163e172462']\n  <----- ASO log finish ----\n  The last failure reason is recoverable.", {}]}, '689': {'Retries': 0, 'Restarts': 0, 'SiteHistory': ['Unknown', 'T2_CH_CERN', 'T2_CH_CERN'], 'ResidentSetSize': [666016], 'SubmitTimes': [1772161746.0], 'StartTimes': [1772165312.0], 'EndTimes': [1772167653.0], 'TotalUserCpuTimeHistory': [2781], 'TotalSysCpuTimeHistory': [825], 'WallDurations': [8.0, 60.085718870162964, 2341.0], 'JobIds': ['141680808.0'], 'State': 'finished', 'RecordedSite': True, 'Error': [0, 'OK', {}]}, '694': {'Retries': 0, 'Restarts': 0, 'SiteHistory': ['Unknown', 'T2_CH_CERN', 'T2_CH_CERN'], 'ResidentSetSize': [660152], 'SubmitTimes': [1772161746.0], 'StartTimes': [1772165312.0], 'EndTimes': [1772169137.0], 'TotalUserCpuTimeHistory': [3305], 'TotalSysCpuTimeHistory': [1129], 'WallDurations': [8.0, 60.085718870162964, 3825.0], 'JobIds': ['141680809.0'], 'State': 'finished', 'RecordedSite': True, 'Error': [0, 'OK', {}]}, '686': {'Retries': 0, 'Restarts': 0, 'SiteHistory': ['Unknown', 'T2_CH_CERN', 'T2_CH_CERN'], 'ResidentSetSize': [665588], 'SubmitTimes': [1772161746.0], 'StartTimes': [1772165312.0], 'EndTimes': [1772167197.0], 'TotalUserCpuTimeHistory': [2285], 'TotalSysCpuTimeHistory': [668], 'WallDurations': [8.0, 60.085718870162964, 1885.0], 'JobIds': ['141680810.0'], 'State': 'finished', 'RecordedSite': True, 'Error': [0, 'OK', {}]}, '683': {'Retries': 0, 'Restarts': 0, 'SiteHistory': ['Unknown', 'T2_CH_CERN', 'T2_CH_CERN'], 'ResidentSetSize': [713032], 'SubmitTimes': [1772161746.0], 'StartTimes': [1772165311.0], 'EndTimes': [1772167070.0], 'TotalUserCpuTimeHistory': [2181], 'TotalSysCpuTimeHistory': [651], 'WallDurations': [9.0, 61.085718870162964, 1759.0], 'JobIds': ['141680811.0'], 'State': 'finished', 'RecordedSite': True, 'Error': [0, 'OK', {}]}, '696': {'Retries': 2, 'Restarts': 0, 'SiteHistory': ['Unknown', 'T2_CH_CERN', 'T2_CH_CERN', 'T2_TR_METU', 'T2_TR_METU', 'T2_DE_RWTH', 'T2_DE_RWTH'], 'ResidentSetSize': [3559700, 690188, 782832], 'SubmitTimes': [1772161746.0, 1772170154.0, 1772183032.0], 'StartTimes': [1772165311.0, 1772170278.0, 1772183041.0], 'EndTimes': [1772166487.0, 1772175696.0, 1772189949.0], 'TotalUserCpuTimeHistory': [1914, 6229, 9017], 'TotalSysCpuTimeHistory': [265, 2089, 2605], 'WallDurations': [8.0, 61.085718870162964, 1176.0, 9.0, 5418.0, 9.0, 6908.0], 'JobIds': ['141680812.0', '141681734.0', '141686373.0'], 'State': 'finished', 'RecordedSite': True, 'Error': [0, 'OK', {}]}, '687': {'Retries': 0, 'Restarts': 0, 'SiteHistory': ['Unknown', 'T2_CH_CERN', 'T2_CH_CERN'], 'ResidentSetSize': [688104], 'SubmitTimes': [1772161746.0], 'StartTimes': [1772165312.0], 'EndTimes': [1772166776.0], 'TotalUserCpuTimeHistory': [2315], 'TotalSysCpuTimeHistory': [311], 'WallDurations': [8.0, 60.085718870162964, 1464.0], 'JobIds': ['141680813.0'], 'State': 'finished', 'RecordedSite': True, 'Error': [0, 'OK', {}]}, '697': {'Retries': 0, 'Restarts': 0, 'SiteHistory': ['Unknown', 'T2_CH_CERN', 'T2_CH_CERN'], 'ResidentSetSize': [771492], 'SubmitTimes': [1772161747.0], 'StartTimes': [1772165311.0], 'EndTimes': [1772167283.0], 'TotalUserCpuTimeHistory': [2448], 'TotalSysCpuTimeHistory': [731], 'WallDurations': [9.0, 61.085718870162964, 1972.0], 'JobIds': ['141680814.0'], 'State': 'finished', 'RecordedSite': True, 'Error': [0, 'OK', {}]}, '685': {'Retries': 1, 'Restarts': 0, 'SiteHistory': ['Unknown', 'T2_CH_CERN', 'T2_CH_CERN', 'Unknown', 'T2_US_UCSD', 'T2_US_UCSD'], 'ResidentSetSize': [663688, 3649892], 'SubmitTimes': [1772161747.0, 1772172713.0], 'StartTimes': [1772165312.0, 1772172907.0], 'EndTimes': [1772167232.0, 1772175397.0], 'TotalUserCpuTimeHistory': [2335, 3107], 'TotalSysCpuTimeHistory': [682, 682], 'WallDurations': [8.0, 60.085718870162964, 1920.0, 9.0, 291.63973736763, 2490.0], 'JobIds': ['141680815.0', '141682453.0'], 'State': 'finished', 'RecordedSite': True, 'Error': [0, 'OK', {}]}, '678': {'Retries': 0, 'Restarts': 0, 'SiteHistory': ['Unknown', 'T2_CH_CERN', 'T2_CH_CERN'], 'ResidentSetSize': [2042696], 'SubmitTimes': [1772161747.0], 'StartTimes': [1772165312.0], 'EndTimes': [1772167829.0], 'TotalUserCpuTimeHistory': [2966], 'TotalSysCpuTimeHistory': [896], 'WallDurations': [8.0, 60.085718870162964, 2517.0], 'JobIds': ['141680816.0'], 'State': 'finished', 'RecordedSite': True, 'Error': [0, 'OK', {}]}, '692': {'Retries': 1, 'Restarts': 0, 'SiteHistory': ['Unknown', 'T2_CH_CERN', 'T2_CH_CERN', 'Unknown', 'T2_CH_CSCS', 'T2_CH_CSCS'], 'ResidentSetSize': [642544, 682768], 'SubmitTimes': [1772161747.0, 1772171077.0], 'StartTimes': [1772165311.0, 1772171345.0], 'EndTimes': [1772167407.0, 1772173714.0], 'TotalUserCpuTimeHistory': [2493, 2699], 'TotalSysCpuTimeHistory': [759, 787], 'WallDurations': [9.0, 61.085718870162964, 2096.0, 18.0, 294.4757122993469, 2369.0], 'JobIds': ['141680817.0', '141681875.0'], 'State': 'finished', 'RecordedSite': True, 'Error': [0, 'OK', {}]}, '679': {'Retries': 0, 'Restarts': 0, 'SiteHistory': ['Unknown', 'T2_CH_CERN', 'T2_CH_CERN'], 'ResidentSetSize': [730760], 'SubmitTimes': [1772161747.0], 'StartTimes': [1772165311.0], 'EndTimes': [1772167020.0], 'TotalUserCpuTimeHistory': [2703], 'TotalSysCpuTimeHistory': [430], 'WallDurations': [9.0, 61.085718870162964, 1709.0], 'JobIds': ['141680818.0'], 'State': 'finished', 'RecordedSite': True, 'Error': [0, 'OK', {}]}, '702': {'Retries': 0, 'Restarts': 0, 'SiteHistory': ['Unknown', 'T2_CH_CERN', 'T2_CH_CERN'], 'ResidentSetSize': [737564], 'SubmitTimes': [1772161747.0], 'StartTimes': [1772165311.0], 'EndTimes': [1772167168.0], 'TotalUserCpuTimeHistory': [2270], 'TotalSysCpuTimeHistory': [660], 'WallDurations': [9.0, 61.085718870162964, 1857.0], 'JobIds': ['141680819.0'], 'State': 'finished', 'RecordedSite': True, 'Error': [0, 'OK', {}]}, '704': {'Retries': 0, 'Restarts': 0, 'SiteHistory': ['Unknown', 'T2_CH_CERN', 'T2_CH_CERN'], 'ResidentSetSize': [628360], 'SubmitTimes': [1772161747.0], 'StartTimes': [1772165312.0], 'EndTimes': [1772167599.0], 'TotalUserCpuTimeHistory': [2716], 'TotalSysCpuTimeHistory': [864], 'WallDurations': [8.0, 60.085718870162964, 2287.0], 'JobIds': ['141680820.0'], 'State': 'finished', 'RecordedSite': True, 'Error': [0, 'OK', {}]}, '705': {'Retries': 0, 'Restarts': 0, 'SiteHistory': ['Unknown', 'T2_CH_CERN', 'T2_CH_CERN'], 'ResidentSetSize': [727588], 'SubmitTimes': [1772161747.0], 'StartTimes': [1772165311.0], 'EndTimes': [1772167540.0], 'TotalUserCpuTimeHistory': [2727], 'TotalSysCpuTimeHistory': [833], 'WallDurations': [9.0, 61.085718870162964, 2229.0], 'JobIds': ['141680821.0'], 'State': 'finished', 'RecordedSite': True, 'Error': [0, 'OK', {}]}, '710': {'Retries': 0, 'Restarts': 0, 'SiteHistory': ['Unknown', 'T2_CH_CERN', 'T2_CH_CERN'], 'ResidentSetSize': [714820], 'SubmitTimes': [1772161747.0], 'StartTimes': [1772165312.0], 'EndTimes': [1772168406.0], 'TotalUserCpuTimeHistory': [3216], 'TotalSysCpuTimeHistory': [942], 'WallDurations': [8.0, 60.085718870162964, 3094.0], 'JobIds': ['141680822.0'], 'State': 'finished', 'RecordedSite': True, 'Error': [0, 'OK', {}]}, '698': {'Retries': 1, 'Restarts': 0, 'SiteHistory': ['Unknown', 'T2_CH_CERN', 'T2_CH_CERN', 'T2_CH_CERN', 'T2_CH_CERN'], 'ResidentSetSize': [745712, 559392], 'SubmitTimes': [1772161747.0, 1772191772.0], 'StartTimes': [1772165312.0, 1772191810.0], 'EndTimes': [1772170074.0, 1772195098.0], 'TotalUserCpuTimeHistory': [5872, 3254], 'TotalSysCpuTimeHistory': [1231, 997], 'WallDurations': [9.0, 60.085718870162964, 4762.0, 9.0, 3288.0], 'JobIds': ['141680823.0', '141696040.0'], 'State': 'transferring', 'RecordedSite': True, 'Error': [90000, "Got recoverable stageout exception:\nStageout failed with code 1.\nThere were 1 failed/killed stageout jobs.\nFailure reasons (per document) follow:\n- c135c4560ccd322344a987d91f0dc4afe0cfaeccc2497d83a2b92598:\n  -----> ASO log start -----\n  ['TRANSFER [112] TRANSFER ERROR: Copy failed (3rd pull). Last attempt: copy HTTP 400 : Server Error [...CUT...] Full log at https://fts3-cms.cern.ch:8449/fts3/ftsmon/#/job/ce928624-139d-11f1-bb39-fa163e172462']\n  <----- ASO log finish ----\n  The last failure reason is recoverable.", {}]}, '703': {'Retries': 0, 'Restarts': 0, 'SiteHistory': ['Unknown', 'T2_CH_CERN', 'T2_CH_CERN'], 'ResidentSetSize': [3583460], 'SubmitTimes': [1772161747.0], 'StartTimes': [1772165311.0], 'EndTimes': [1772166457.0], 'TotalUserCpuTimeHistory': [1840], 'TotalSysCpuTimeHistory': [254], 'WallDurations': [9.0, 61.085718870162964, 1146.0], 'JobIds': ['141680824.0'], 'State': 'finished', 'RecordedSite': True, 'Error': [0, 'OK', {}]}, '706': {'Retries': 0, 'Restarts': 0, 'SiteHistory': ['Unknown', 'T2_CH_CERN', 'T2_CH_CERN'], 'ResidentSetSize': [614220], 'SubmitTimes': [1772161747.0], 'StartTimes': [1772165311.0], 'EndTimes': [1772167023.0], 'TotalUserCpuTimeHistory': [2708], 'TotalSysCpuTimeHistory': [431], 'WallDurations': [9.0, 61.085718870162964, 1712.0], 'JobIds': ['141680825.0'], 'State': 'finished', 'RecordedSite': True, 'Error': [0, 'OK', {}]}, '711': {'Retries': 0, 'Restarts': 0, 'SiteHistory': ['Unknown', 'T2_CH_CERN', 'T2_CH_CERN'], 'ResidentSetSize': [715776], 'SubmitTimes': [1772161747.0], 'StartTimes': [1772165312.0], 'EndTimes': [1772167214.0], 'TotalUserCpuTimeHistory': [2326], 'TotalSysCpuTimeHistory': [673], 'WallDurations': [8.0, 60.085718870162964, 1902.0], 'JobIds': ['141680826.0'], 'State': 'finished', 'RecordedSite': True, 'Error': [0, 'OK', {}]}, '708': {'Retries': 0, 'Restarts': 0, 'SiteHistory': ['Unknown', 'T2_CH_CERN', 'T2_CH_CERN'], 'ResidentSetSize': [2630384], 'SubmitTimes': [1772161747.0], 'StartTimes': [1772165312.0], 'EndTimes': [1772170695.0], 'TotalUserCpuTimeHistory': [6504], 'TotalSysCpuTimeHistory': [1560], 'WallDurations': [9.0, 60.085718870162964, 5383.0], 'JobIds': ['141680827.0'], 'State': 'finished', 'RecordedSite': True, 'Error': [0, 'OK', {}]}, '701': {'Retries': 0, 'Restarts': 0, 'SiteHistory': ['Unknown', 'T2_CH_CERN', 'T2_CH_CERN'], 'ResidentSetSize': [700028], 'SubmitTimes': [1772161747.0], 'StartTimes': [1772165311.0], 'EndTimes': [1772168458.0], 'TotalUserCpuTimeHistory': [3231], 'TotalSysCpuTimeHistory': [921], 'WallDurations': [9.0, 61.085718870162964, 3147.0], 'JobIds': ['141680828.0'], 'State': 'finished', 'RecordedSite': True, 'Error': [0, 'OK', {}]}, '713': {'Retries': 1, 'Restarts': 0, 'SiteHistory': ['Unknown', 'T2_CH_CERN', 'T2_CH_CERN', 'T2_CH_CERN', 'T2_CH_CERN'], 'ResidentSetSize': [777644, 2769000], 'SubmitTimes': [1772161747.0, 1772192141.0], 'StartTimes': [1772165314.0, 1772192158.0], 'EndTimes': [1772170439.0, 1772197420.0], 'TotalUserCpuTimeHistory': [6121, 5455], 'TotalSysCpuTimeHistory': [1390, 1330], 'WallDurations': [9.0, 58.085718870162964, 5125.0, 8.0, 5262.0], 'JobIds': ['141680829.0', '141696718.0'], 'State': 'transferring', 'RecordedSite': True, 'Error': [90000, "Got recoverable stageout exception:\nStageout failed with code 1.\nThere were 1 failed/killed stageout jobs.\nFailure reasons (per document) follow:\n- 809a40cd0dee025082234d0d85438461269f2c0cf0834bcf616ce72d:\n  -----> ASO log start -----\n  ['TRANSFER [112] TRANSFER ERROR: Copy failed (3rd pull). Last attempt: copy HTTP 400 : Server Error [...CUT...] Full log at https://fts3-cms.cern.ch:8449/fts3/ftsmon/#/job/8aa55b2a-139e-11f1-865b-fa163e65d4d2']\n  <----- ASO log finish ----\n  The last failure reason is recoverable.", {}]}, '716': {'Retries': 0, 'Restarts': 0, 'SiteHistory': ['Unknown', 'T2_CH_CERN', 'T2_CH_CERN'], 'ResidentSetSize': [768404], 'SubmitTimes': [1772161747.0], 'StartTimes': [1772165312.0], 'EndTimes': [1772168275.0], 'TotalUserCpuTimeHistory': [3088], 'TotalSysCpuTimeHistory': [940], 'WallDurations': [8.0, 60.085718870162964, 2963.0], 'JobIds': ['141680830.0'], 'State': 'finished', 'RecordedSite': True, 'Error': [0, 'OK', {}]}, '700': {'Retries': 0, 'Restarts': 0, 'SiteHistory': ['Unknown', 'T2_CH_CERN', 'T2_CH_CERN'], 'ResidentSetSize': [3610396], 'SubmitTimes': [1772161747.0], 'StartTimes': [1772165312.0], 'EndTimes': [1772167725.0], 'TotalUserCpuTimeHistory': [2862], 'TotalSysCpuTimeHistory': [893], 'WallDurations': [8.0, 60.085718870162964, 2413.0], 'JobIds': ['141680831.0'], 'State': 'finished', 'RecordedSite': True, 'Error': [0, 'OK', {}]}, '699': {'Retries': 0, 'Restarts': 0, 'SiteHistory': ['Unknown', 'T2_CH_CERN', 'T2_CH_CERN'], 'ResidentSetSize': [763896], 'SubmitTimes': [1772161747.0], 'StartTimes': [1772165312.0], 'EndTimes': [1772167574.0], 'TotalUserCpuTimeHistory': [2715], 'TotalSysCpuTimeHistory': [864], 'WallDurations': [8.0, 60.085718870162964, 2262.0], 'JobIds': ['141680832.0'], 'State': 'finished', 'RecordedSite': True, 'Error': [0, 'OK', {}]}, '707': {'Retries': 0, 'Restarts': 0, 'SiteHistory': ['Unknown', 'T2_CH_CERN', 'T2_CH_CERN'], 'ResidentSetSize': [764192], 'SubmitTimes': [1772161747.0], 'StartTimes': [1772165312.0], 'EndTimes': [1772167444.0], 'TotalUserCpuTimeHistory': [2520], 'TotalSysCpuTimeHistory': [738], 'WallDurations': [8.0, 60.085718870162964, 2132.0], 'JobIds': ['141680833.0'], 'State': 'finished', 'RecordedSite': True, 'Error': [0, 'OK', {}]}, '715': {'Retries': 0, 'Restarts': 0, 'SiteHistory': ['Unknown', 'T2_CH_CERN', 'T2_CH_CERN'], 'ResidentSetSize': [612428], 'SubmitTimes': [1772161747.0], 'StartTimes': [1772165312.0], 'EndTimes': [1772166890.0], 'TotalUserCpuTimeHistory': [2362], 'TotalSysCpuTimeHistory': [515], 'WallDurations': [8.0, 60.085718870162964, 1578.0], 'JobIds': ['141680834.0'], 'State': 'finished', 'RecordedSite': True, 'Error': [0, 'OK', {}]}, '709': {'Retries': 1, 'Restarts': 0, 'SiteHistory': ['Unknown', 'T2_CH_CERN', 'T2_CH_CERN', 'Unknown', 'T2_DE_RWTH', 'T2_DE_RWTH'], 'ResidentSetSize': [735812, 2517668], 'SubmitTimes': [1772161747.0, 1772170831.0], 'StartTimes': [1772165311.0, 1772171047.0], 'EndTimes': [1772167150.0, 1772179250.0], 'TotalUserCpuTimeHistory': [2246, 9437], 'TotalSysCpuTimeHistory': [663, 2473], 'WallDurations': [9.0, 61.085718870162964, 1839.0, 8.0, 279.53299283981323, 8203.0], 'JobIds': ['141680835.0', '141681845.0'], 'State': 'finished', 'RecordedSite': True, 'Error': [0, 'OK', {}]}, '712': {'Retries': 0, 'Restarts': 0, 'SiteHistory': ['Unknown', 'T2_CH_CERN', 'T2_CH_CERN'], 'ResidentSetSize': [660252], 'SubmitTimes': [1772161747.0], 'StartTimes': [1772165312.0], 'EndTimes': [1772167186.0], 'TotalUserCpuTimeHistory': [2279], 'TotalSysCpuTimeHistory': [670], 'WallDurations': [8.0, 60.085718870162964, 1874.0], 'JobIds': ['141680836.0'], 'State': 'finished', 'RecordedSite': True, 'Error': [0, 'OK', {}]}, '714': {'Retries': 0, 'Restarts': 0, 'SiteHistory': ['Unknown', 'T2_CH_CERN', 'T2_CH_CERN'], 'ResidentSetSize': [636136], 'SubmitTimes': [1772161747.0], 'StartTimes': [1772165312.0], 'EndTimes': [1772168260.0], 'TotalUserCpuTimeHistory': [3048], 'TotalSysCpuTimeHistory': [912], 'WallDurations': [9.0, 60.085718870162964, 2948.0], 'JobIds': ['141680837.0'], 'State': 'finished', 'RecordedSite': True, 'Error': [0, 'OK', {}]}, '718': {'Retries': 0, 'Restarts': 0, 'SiteHistory': ['Unknown', 'T2_CH_CERN', 'T2_CH_CERN'], 'ResidentSetSize': [786476], 'SubmitTimes': [1772161747.0], 'StartTimes': [1772165314.0], 'EndTimes': [1772170424.0], 'TotalUserCpuTimeHistory': [6186], 'TotalSysCpuTimeHistory': [1412], 'WallDurations': [9.0, 58.085718870162964, 5110.0], 'JobIds': ['141680838.0'], 'State': 'finished', 'RecordedSite': True, 'Error': [0, 'OK', {}]}, '727': {'Retries': 1, 'Restarts': 0, 'SiteHistory': ['Unknown', 'T2_FR_IPHC', 'T2_FR_IPHC', 'T2_CH_CERN', 'T2_CH_CERN'], 'ResidentSetSize': [774856, 682960], 'SubmitTimes': [1772161747.0, 1772182175.0], 'StartTimes': [1772165325.0, 1772182199.0], 'EndTimes': [1772167690.0, 1772184133.0], 'TotalUserCpuTimeHistory': [2997, 2353], 'TotalSysCpuTimeHistory': [690, 711], 'WallDurations': [9.0, 47.085718870162964, 2365.0, 10.0, 1934.0], 'JobIds': ['141680839.0', '141686287.0'], 'State': 'transferring', 'RecordedSite': True, 'Error': [90000, "Got recoverable stageout exception:\nStageout failed with code 1.\nThere were 3 failed/killed stageout jobs.\nFailure reasons (per document) follow:\n- 7f4778b6ffdc0805dd28a094394ef0fdbf93ea1ce3d75b98424b69ca:\n  -----> ASO log start -----\n  ['TRANSFER [5] TRANSFER ERROR: Copy failed (3rd pull). Last attempt: copy HTTP 500 : Unexpected server error: 500 [...CUT...] Full log at https://fts3-cms.cern.ch:8449/fts3/ftsmon/#/job/ed45f8b8-1397-11f1-858c-fa163e65d4d2']\n  <----- ASO log finish ----\n  The last failure reason is recoverable.\n- ba38a917d42e0e245890241ad95c9fa250e720ac9360584f166f409f:\n  -----> ASO log start -----\n  ['TRANSFER [5] TRANSFER ERROR: Copy failed (3rd pull). Last attempt: copy HTTP 500 : Unexpected server error: 500 [...CUT...] Full log at https://fts3-cms.cern.ch:8449/fts3/ftsmon/#/job/ed45f8b8-1397-11f1-858c-fa163e65d4d2']\n  <----- ASO log finish ----\n  The last failure reason is recoverable.\n- e70e3d5a3aca7ff9db9d03e6a9eabe2ea5141a05064cd0c27691e266:\n  -----> ASO log start -----\n  ['DESTINATION [110] timeout of 900s [...CUT...] Full log at https://fts3-cms.cern.ch:8449/fts3/ftsmon/#/job/ed45f8b8-1397-11f1-858c-fa163e65d4d2']\n  <----- ASO log finish ----\n  The last failure reason is recoverable.", {}]}, '730': {'Retries': 1, 'Restarts': 0, 'SiteHistory': ['Unknown', 'T2_FR_IPHC', 'T2_FR_IPHC', 'T2_CH_CERN', 'T2_CH_CERN'], 'ResidentSetSize': [657392, 682380], 'SubmitTimes': [1772161747.0, 1772182164.0], 'StartTimes': [1772165336.0, 1772182193.0], 'EndTimes': [1772167677.0, 1772184462.0], 'TotalUserCpuTimeHistory': [2900, 2725], 'TotalSysCpuTimeHistory': [818, 877], 'WallDurations': [8.0, 36.085718870162964, 2341.0, 9.0, 2269.0], 'JobIds': ['141680840.0', '141686285.0'], 'State': 'transferring', 'RecordedSite': True, 'Error': [90000, "Got recoverable stageout exception:\nStageout failed with code 1.\nThere were 3 failed/killed stageout jobs.\nFailure reasons (per document) follow:\n- 579cfd2ebd2a17e63b9acd5510e6f528e52fe1e9685b8c66ca2b7903:\n  -----> ASO log start -----\n  ['TRANSFER [5] TRANSFER ERROR: Copy failed (3rd pull). Last attempt: copy HTTP 500 : Unexpected server error: 500 [...CUT...] Full log at https://fts3-cms.cern.ch:8449/fts3/ftsmon/#/job/ed45f8b8-1397-11f1-858c-fa163e65d4d2']\n  <----- ASO log finish ----\n  The last failure reason is recoverable.\n- 874944f3546062f65c9eeb7e794dcb705a1ff3622e07bb931f0b5a45:\n  -----> ASO log start -----\n  ['TRANSFER [5] TRANSFER ERROR: Copy failed (3rd pull). Last attempt: copy HTTP 500 : Unexpected server error: 500 [...CUT...] Full log at https://fts3-cms.cern.ch:8449/fts3/ftsmon/#/job/ed45f8b8-1397-11f1-858c-fa163e65d4d2']\n  <----- ASO log finish ----\n  The last failure reason is recoverable.\n- a3d4ab9266cd041f6fe036c8963b5e206710909dad8e7f19388787b3:\n  -----> ASO log start -----\n  ['DESTINATION [110] timeout of 900s [...CUT...] Full log at https://fts3-cms.cern.ch:8449/fts3/ftsmon/#/job/ed45f8b8-1397-11f1-858c-fa163e65d4d2']\n  <----- ASO log finish ----\n  The last failure reason is recoverable.", {}]}, '731': {'Retries': 1, 'Restarts': 0, 'SiteHistory': ['Unknown', 'T2_FR_IPHC', 'T2_FR_IPHC', 'Unknown', 'T3_US_FNALLPC', 'T3_US_FNALLPC'], 'ResidentSetSize': [661020, 715928], 'SubmitTimes': [1772161747.0, 1772182215.0], 'StartTimes': [1772165337.0, 1772182422.0], 'EndTimes': [1772167734.0, 1772185906.0], 'TotalUserCpuTimeHistory': [2644, 4982], 'TotalSysCpuTimeHistory': [520, 829], 'WallDurations': [9.0, 35.085718870162964, 2397.0, 9.0, 233.79271483421326, 3484.0], 'JobIds': ['141680841.0', '141686294.0'], 'State': 'finished', 'RecordedSite': True, 'Error': [0, 'OK', {}]}, '723': {'Retries': 1, 'Restarts': 0, 'SiteHistory': ['Unknown', 'T2_FR_IPHC', 'T2_FR_IPHC', 'T2_CH_CERN', 'T2_CH_CERN'], 'ResidentSetSize': [771520, 740524], 'SubmitTimes': [1772161747.0, 1772182175.0], 'StartTimes': [1772165345.0, 1772182199.0], 'EndTimes': [1772167689.0, 1772184199.0], 'TotalUserCpuTimeHistory': [2943, 2420], 'TotalSysCpuTimeHistory': [863, 704], 'WallDurations': [8.0, 27.085718870162964, 2344.0, 9.0, 2000.0], 'JobIds': ['141680842.0', '141686286.0'], 'State': 'transferring', 'RecordedSite': True, 'Error': [90000, "Got recoverable stageout exception:\nStageout failed with code 1.\nThere were 3 failed/killed stageout jobs.\nFailure reasons (per document) follow:\n- f97738fa67bc90160a66550633c8dd343a4fa68501a8a8a177fdccaa:\n  -----> ASO log start -----\n  ['TRANSFER [5] TRANSFER ERROR: Copy failed (3rd pull). Last attempt: copy HTTP 500 : Unexpected server error: 500 [...CUT...] Full log at https://fts3-cms.cern.ch:8449/fts3/ftsmon/#/job/ed45f8b8-1397-11f1-858c-fa163e65d4d2']\n  <----- ASO log finish ----\n  The last failure reason is recoverable.\n- 6fd6ff1d84b1aecc8aacfacaa8b4b141c0e274fce51cc7fd5866ea01:\n  -----> ASO log start -----\n  ['TRANSFER [5] TRANSFER ERROR: Copy failed (3rd pull). Last attempt: copy HTTP 500 : Unexpected server error: 500 [...CUT...] Full log at https://fts3-cms.cern.ch:8449/fts3/ftsmon/#/job/ed45f8b8-1397-11f1-858c-fa163e65d4d2']\n  <----- ASO log finish ----\n  The last failure reason is recoverable.\n- 671941b1388f684aa02a1e789eb7ab496e40f9f4397a69b196387a24:\n  -----> ASO log start -----\n  ['TRANSFER [5] TRANSFER ERROR: Copy failed (3rd pull). Last attempt: copy HTTP 500 : Unexpected server error: 500 [...CUT...] Full log at https://fts3-cms.cern.ch:8449/fts3/ftsmon/#/job/ed45f8b8-1397-11f1-858c-fa163e65d4d2']\n  <----- ASO log finish ----\n  The last failure reason is recoverable.", {}]}, '724': {'Retries': 1, 'Restarts': 0, 'SiteHistory': ['Unknown', 'T2_FR_IPHC', 'T2_FR_IPHC', 'T2_CH_CERN', 'T2_CH_CERN'], 'ResidentSetSize': [753440, 635768], 'SubmitTimes': [1772161747.0, 1772178429.0], 'StartTimes': [1772165355.0, 1772178473.0], 'EndTimes': [1772167542.0, 1772180195.0], 'TotalUserCpuTimeHistory': [2832, 2654], 'TotalSysCpuTimeHistory': [658, 369], 'WallDurations': [9.0, 17.085718870162964, 2187.0, 8.0, 1722.0], 'JobIds': ['141680843.0', '141685824.0'], 'State': 'transferring', 'RecordedSite': True, 'Error': [90000, "Got recoverable stageout exception:\nStageout failed with code 1.\nThere were 3 failed/killed stageout jobs.\nFailure reasons (per document) follow:\n- 0a8a17031fd4d48451d42d9983eb860b97afed19061256f407dfcb0d:\n  -----> ASO log start -----\n  ['TRANSFER [5] TRANSFER ERROR: Copy failed (3rd pull). Last attempt: copy HTTP 500 : Unexpected server error: 500 [...CUT...] Full log at https://fts3-cms.cern.ch:8449/fts3/ftsmon/#/job/318163ec-1397-11f1-ac8e-fa163e4409e3']\n  <----- ASO log finish ----\n  The last failure reason is recoverable.\n- 3852d8a68ec816368bad1be3212af7d1701cdf32a814408f1eb0a297:\n  -----> ASO log start -----\n  ['TRANSFER [5] TRANSFER ERROR: Copy failed (3rd pull). Last attempt: copy HTTP 500 : Unexpected server error: 500 [...CUT...] Full log at https://fts3-cms.cern.ch:8449/fts3/ftsmon/#/job/318163ec-1397-11f1-ac8e-fa163e4409e3']\n  <----- ASO log finish ----\n  The last failure reason is recoverable.\n- dd4b4bd319b3263f7c36b51fbc316bd3e1fcf3ff970ea79114f6c4f7:\n  -----> ASO log start -----\n  ['TRANSFER [5] TRANSFER ERROR: Copy failed (3rd pull). Last attempt: copy HTTP 500 : Unexpected server error: 500 [...CUT...] Full log at https://fts3-cms.cern.ch:8449/fts3/ftsmon/#/job/318163ec-1397-11f1-ac8e-fa163e4409e3']\n  <----- ASO log finish ----\n  The last failure reason is recoverable.", {}]}, '726': {'Retries': 2, 'Restarts': 0, 'SiteHistory': ['Unknown', 'T2_IT_Rome', 'T2_IT_Rome', 'Unknown', 'T2_TR_METU', 'T2_TR_METU', 'T2_CH_CERN', 'T2_CH_CERN'], 'ResidentSetSize': [2316452, 692236, 777868], 'SubmitTimes': [1772161747.0, 1772173214.0, 1772186338.0], 'StartTimes': [1772165361.0, 1772173579.0, 1772186347.0], 'EndTimes': [1772167741.0, 1772177198.0, 1772189352.0], 'TotalUserCpuTimeHistory': [3526, 4666, 3148], 'TotalSysCpuTimeHistory': [604, 1314, 1108], 'WallDurations': [9.0, 11.085718870162964, 2380.0, 10.0, 248.68663930892944, 3619.0, 9.0, 3005.0], 'JobIds': ['141680844.0', '141682558.0', '141689428.0'], 'State': 'transferring', 'RecordedSite': True, 'Error': [90000, "Got recoverable stageout exception:\nStageout failed with code 1.\nThere were 3 failed/killed stageout jobs.\nFailure reasons (per document) follow:\n- 9795d429e4fa9adb4204c283d3fae3e01f471bd380ae43f2c86122dd:\n  -----> ASO log start -----\n  ['TRANSFER [5] TRANSFER ERROR: Copy failed (3rd pull). Last attempt: copy HTTP 500 : Unexpected server error: 500 [...CUT...] Full log at https://fts3-cms.cern.ch:8449/fts3/ftsmon/#/job/e7756f66-13ad-11f1-bfb5-fa163eaa97bf']\n  <----- ASO log finish ----\n  The last failure reason is recoverable.\n- b0ff56aa4e6a88d000a6dccb24df6c54a483a26466d0d1092a5e5925:\n  -----> ASO log start -----\n  ['TRANSFER [5] TRANSFER ERROR: Copy failed (3rd pull). Last attempt: copy HTTP 500 : Unexpected server error: 500 [...CUT...] Full log at https://fts3-cms.cern.ch:8449/fts3/ftsmon/#/job/e7756f66-13ad-11f1-bfb5-fa163eaa97bf']\n  <----- ASO log finish ----\n  The last failure reason is recoverable.\n- 5ad03aaf922f2c9e5ea710ac9319f0ec4edce23d94c981d7c4f0725b:\n  -----> ASO log start -----\n  ['TRANSFER [5] TRANSFER ERROR: Copy failed (3rd pull). Last attempt: copy HTTP 500 : Unexpected server error: 500 [...CUT...] Full log at https://fts3-cms.cern.ch:8449/fts3/ftsmon/#/job/e7756f66-13ad-11f1-bfb5-fa163eaa97bf']\n  <----- ASO log finish ----\n  The last failure reason is recoverable.", {}]}, '722': {'Retries': 1, 'Restarts': 0, 'SiteHistory': ['Unknown', 'T2_FR_IPHC', 'T2_FR_IPHC', 'Unknown', 'T2_CH_CERN', 'T2_CH_CERN'], 'ResidentSetSize': [1177012, 1984560], 'SubmitTimes': [1772161747.0, 1772180423.0], 'StartTimes': [1772165365.0, 1772180475.0], 'EndTimes': [1772167737.0, 1772181642.0], 'TotalUserCpuTimeHistory': [2847, 1810], 'TotalSysCpuTimeHistory': [947, 335], 'WallDurations': [0, 7.085718870162964, 2372.0, 8.0, 304.5202977657318, 1167.0], 'JobIds': ['141680845.0', '141686050.0'], 'State': 'transferring', 'RecordedSite': True, 'Error': [90000, "Got recoverable stageout exception:\nStageout failed with code 1.\nThere were 3 failed/killed stageout jobs.\nFailure reasons (per document) follow:\n- cb955f3c46016e4afd03f3f4d82e25dbd9e7ba6132c884edb2469878:\n  -----> ASO log start -----\n  ['TRANSFER [5] TRANSFER ERROR: Copy failed (3rd pull). Last attempt: copy HTTP 500 : Unexpected server error: 500 [...CUT...] Full log at https://fts3-cms.cern.ch:8449/fts3/ftsmon/#/job/ed45f8b8-1397-11f1-858c-fa163e65d4d2']\n  <----- ASO log finish ----\n  The last failure reason is recoverable.\n- abde3e13c41b6d228f4850d76e3ee8243b72ab64a7ff526d182cfebf:\n  -----> ASO log start -----\n  ['TRANSFER [5] TRANSFER ERROR: Copy failed (3rd pull). Last attempt: copy HTTP 500 : Unexpected server error: 500 [...CUT...] Full log at https://fts3-cms.cern.ch:8449/fts3/ftsmon/#/job/ed45f8b8-1397-11f1-858c-fa163e65d4d2']\n  <----- ASO log finish ----\n  The last failure reason is recoverable.\n- b50ca2bc3e5ae06b4339295a53648c5037654cfbc03b201b4b15f125:\n  -----> ASO log start -----\n  ['TRANSFER [5] TRANSFER ERROR: Copy failed (3rd pull). Last attempt: copy HTTP 500 : Unexpected server error: 500 [...CUT...] Full log at https://fts3-cms.cern.ch:8449/fts3/ftsmon/#/job/ed45f8b8-1397-11f1-858c-fa163e65d4d2']\n  <----- ASO log finish ----\n  The last failure reason is recoverable.", {}]}, '733': {'Retries': 2, 'Restarts': 0, 'SiteHistory': ['Unknown', 'T2_FR_IPHC', 'T2_FR_IPHC', 'Unknown', 'T2_TR_METU', 'T2_TR_METU', 'Unknown', 'T2_CH_CERN', 'T2_CH_CERN'], 'ResidentSetSize': [2942728, 711124, 642008], 'SubmitTimes': [1772161747.0, 1772180423.0, 1772190159.0], 'StartTimes': [1772165379.0, 1772180474.0, 1772190283.0], 'EndTimes': [1772167738.0, 1772182820.0, 1772193765.0], 'TotalUserCpuTimeHistory': [2876, 3293, 4638], 'TotalSysCpuTimeHistory': [950, 700, 1183], 'WallDurations': [9.0, 298.8813247680664, 2359.0, 9.0, 305.5202977657318, 2346.0, 9.0, 200.42250108718872, 3482.0], 'JobIds': ['141680846.0', '141686049.0', '141695437.0'], 'State': 'transferring', 'RecordedSite': True, 'Error': [90000, "Got recoverable stageout exception:\nStageout failed with code 1.\nThere were 3 failed/killed stageout jobs.\nFailure reasons (per document) follow:\n- e86270114ea4ba7f0d299191e41c9dc4767a26d762f2faa791ebc0ee:\n  -----> ASO log start -----\n  ['TRANSFER [5] TRANSFER ERROR: Copy failed (3rd pull). Last attempt: copy HTTP 500 : Unexpected server error: 500 [...CUT...] Full log at https://fts3-cms.cern.ch:8449/fts3/ftsmon/#/job/1bfa1522-13bb-11f1-ab22-fa163e1db714']\n  <----- ASO log finish ----\n  The last failure reason is recoverable.\n- c63fec54005205ebd1eaa214fbbf54b8e8628f59446e34e4da1b8846:\n  -----> ASO log start -----\n  ['TRANSFER [5] TRANSFER ERROR: Copy failed (3rd pull). Last attempt: copy HTTP 500 : Unexpected server error: 500 [...CUT...] Full log at https://fts3-cms.cern.ch:8449/fts3/ftsmon/#/job/1bfa1522-13bb-11f1-ab22-fa163e1db714']\n  <----- ASO log finish ----\n  The last failure reason is recoverable.\n- 9cb089eb5e2e3448baf1ce9a085a1e44833bac4deb6a16dce72db4cc:\n  -----> ASO log start -----\n  ['TRANSFER [5] TRANSFER ERROR: Copy failed (3rd pull). Last attempt: copy HTTP 500 : Unexpected server error: 500 [...CUT...] Full log at https://fts3-cms.cern.ch:8449/fts3/ftsmon/#/job/1bfa1522-13bb-11f1-ab22-fa163e1db714']\n  <----- ASO log finish ----\n  The last failure reason is recoverable.", {}]}, '719': {'Retries': 1, 'Restarts': 0, 'SiteHistory': ['Unknown', 'T2_FR_IPHC', 'T2_FR_IPHC', 'T2_FR_IPHC', 'T2_FR_IPHC'], 'ResidentSetSize': [661064, 713628], 'SubmitTimes': [1772161747.0, 1772178637.0], 'StartTimes': [1772165395.0, 1772178678.0], 'EndTimes': [1772167750.0, 1772180927.0], 'TotalUserCpuTimeHistory': [2633, 2764], 'TotalSysCpuTimeHistory': [535, 877], 'WallDurations': [10.0, 282.8813247680664, 2355.0, 8.0, 2249.0], 'JobIds': ['141680847.0', '141685848.0'], 'State': 'transferring', 'RecordedSite': True, 'Error': [90000, "Got recoverable stageout exception:\nStageout failed with code 1.\nThere were 3 failed/killed stageout jobs.\nFailure reasons (per document) follow:\n- 69f11476049ea22011fa99d77922af250cffac82f9f3a7ab8ba66ca8:\n  -----> ASO log start -----\n  ['TRANSFER [5] TRANSFER ERROR: Copy failed (3rd pull). Last attempt: copy HTTP 500 : Unexpected server error: 500 [...CUT...] Full log at https://fts3-cms.cern.ch:8449/fts3/ftsmon/#/job/ed45f8b8-1397-11f1-858c-fa163e65d4d2']\n  <----- ASO log finish ----\n  The last failure reason is recoverable.\n- b10881743f3d5a9f0b70ffdfab6a3f580c02f68dc3198a24c9f2c025:\n  -----> ASO log start -----\n  ['TRANSFER [5] TRANSFER ERROR: Copy failed (3rd pull). Last attempt: copy HTTP 500 : Unexpected server error: 500 [...CUT...] Full log at https://fts3-cms.cern.ch:8449/fts3/ftsmon/#/job/ed45f8b8-1397-11f1-858c-fa163e65d4d2']\n  <----- ASO log finish ----\n  The last failure reason is recoverable.\n- 08fe9b64c729ac921fb817af109e4889ffe9012304b0c303d3207456:\n  -----> ASO log start -----\n  ['DESTINATION [110] timeout of 900s [...CUT...] Full log at https://fts3-cms.cern.ch:8449/fts3/ftsmon/#/job/ed45f8b8-1397-11f1-858c-fa163e65d4d2']\n  <----- ASO log finish ----\n  The last failure reason is recoverable.", {}]}, '732': {'Retries': 0, 'Restarts': 0, 'SiteHistory': ['Unknown', 'T2_CN_Beijing', 'T2_CN_Beijing'], 'ResidentSetSize': [707096], 'SubmitTimes': [1772161747.0], 'StartTimes': [1772165433.0], 'EndTimes': [1772167506.0], 'TotalUserCpuTimeHistory': [1824], 'TotalSysCpuTimeHistory': [396], 'WallDurations': [8.0, 244.8813247680664, 2073.0], 'JobIds': ['141680848.0'], 'State': 'finished', 'RecordedSite': True, 'Error': [0, 'OK', {}]}, '725': {'Retries': 0, 'Restarts': 0, 'SiteHistory': ['Unknown', 'T2_US_Nebraska', 'T2_US_Nebraska'], 'ResidentSetSize': [677568], 'SubmitTimes': [1772161747.0], 'StartTimes': [1772165434.0], 'EndTimes': [1772168070.0], 'TotalUserCpuTimeHistory': [4035], 'TotalSysCpuTimeHistory': [883], 'WallDurations': [9.0, 243.8813247680664, 2636.0], 'JobIds': ['141680849.0'], 'State': 'finished', 'RecordedSite': True, 'Error': [0, 'OK', {}]}, '720': {'Retries': 2, 'Restarts': 0, 'SiteHistory': ['Unknown', 'T2_BE_UCL', 'T2_BE_UCL', 'T2_BE_UCL', 'T2_BE_UCL', 'T2_BE_IIHE', 'T2_BE_IIHE'], 'ResidentSetSize': [758832, 720468, 703860], 'SubmitTimes': [1772161747.0, 1772171729.0, 1772181285.0], 'StartTimes': [1772165459.0, 1772171943.0, 1772181293.0], 'EndTimes': [1772168058.0, 1772173950.0, 1772182552.0], 'TotalUserCpuTimeHistory': [1560, 1296, 1427], 'TotalSysCpuTimeHistory': [89, 22, 232], 'WallDurations': [8.0, 218.8813247680664, 2599.0, 0, 2007.0, 9.0, 1259.0], 'JobIds': ['141680850.0', '141681941.0', '141686166.0'], 'State': 'transferring', 'RecordedSite': True, 'Error': [90000, "Got recoverable stageout exception:\nStageout failed with code 1.\nThere were 3 failed/killed stageout jobs.\nFailure reasons (per document) follow:\n- 01c66d9eae09b85896dac1928716e1dfd13258a9c9733f0693ad9595:\n  -----> ASO log start -----\n  ['TRANSFER [5] TRANSFER ERROR: Copy failed (3rd pull). Last attempt: copy HTTP 500 : Unexpected server error: 500 [...CUT...] Full log at https://fts3-cms.cern.ch:8449/fts3/ftsmon/#/job/92519854-13a6-11f1-96c4-fa163e255442']\n  <----- ASO log finish ----\n  The last failure reason is recoverable.\n- efdc834df558c802e19d075439270867dfc34afadc1c6abfafd3038b:\n  -----> ASO log start -----\n  ['TRANSFER [5] TRANSFER ERROR: Copy failed (3rd pull). Last attempt: copy HTTP 500 : Unexpected server error: 500 [...CUT...] Full log at https://fts3-cms.cern.ch:8449/fts3/ftsmon/#/job/92519854-13a6-11f1-96c4-fa163e255442']\n  <----- ASO log finish ----\n  The last failure reason is recoverable.\n- 422464b67455376722440825e9af40a5742deb1ab6258ae2f9cc68a5:\n  -----> ASO log start -----\n  ['TRANSFER [5] TRANSFER ERROR: Copy failed (3rd pull). Last attempt: copy HTTP 500 : Unexpected server error: 500 [...CUT...] Full log at https://fts3-cms.cern.ch:8449/fts3/ftsmon/#/job/92519854-13a6-11f1-96c4-fa163e255442']\n  <----- ASO log finish ----\n  The last failure reason is recoverable.", {}]}, '735': {'Retries': 1, 'Restarts': 0, 'SiteHistory': ['Unknown', 'T2_BE_UCL', 'T2_BE_UCL', 'Unknown', 'T2_CH_CERN', 'T2_CH_CERN'], 'ResidentSetSize': [717544, 692636], 'SubmitTimes': [1772161747.0, 1772173234.0], 'StartTimes': [1772165483.0, 1772173592.0], 'EndTimes': [1772167756.0, 1772176059.0], 'TotalUserCpuTimeHistory': [1280, 2878], 'TotalSysCpuTimeHistory': [30, 918], 'WallDurations': [9.0, 194.8813247680664, 2273.0, 10.0, 235.68663930892944, 2467.0], 'JobIds': ['141680851.0', '141682564.0'], 'State': 'transferring', 'RecordedSite': True, 'Error': [90000, "Got recoverable stageout exception:\nStageout failed with code 1.\nThere were 3 failed/killed stageout jobs.\nFailure reasons (per document) follow:\n- e74bb91f6c6c223c4316c92cd13f28b229384d69187b4cfa7faada2b:\n  -----> ASO log start -----\n  ['TRANSFER [5] TRANSFER ERROR: Copy failed (3rd pull). Last attempt: copy HTTP 500 : Unexpected server error: 500 [...CUT...] Full log at https://fts3-cms.cern.ch:8449/fts3/ftsmon/#/job/ee33f068-1397-11f1-b3a3-fa163e4409e3']\n  <----- ASO log finish ----\n  The last failure reason is recoverable.\n- f19016d54d7c5c5c106a23b3ab3171d560c56121d1e2a9f85dbba349:\n  -----> ASO log start -----\n  ['TRANSFER [5] TRANSFER ERROR: Copy failed (3rd pull). Last attempt: copy HTTP 500 : Unexpected server error: 500 [...CUT...] Full log at https://fts3-cms.cern.ch:8449/fts3/ftsmon/#/job/ee33f068-1397-11f1-b3a3-fa163e4409e3']\n  <----- ASO log finish ----\n  The last failure reason is recoverable.\n- 4c437be91c4f70e5db8269c7a66001685d03e81069b2c7e62866af9b:\n  -----> ASO log start -----\n  ['TRANSFER [5] TRANSFER ERROR: Copy failed (3rd pull). Last attempt: copy HTTP 500 : Unexpected server error: 500 [...CUT...] Full log at https://fts3-cms.cern.ch:8449/fts3/ftsmon/#/job/ee33f068-1397-11f1-b3a3-fa163e4409e3']\n  <----- ASO log finish ----\n  The last failure reason is recoverable.", {}]}, '729': {'Retries': 1, 'Restarts': 0, 'SiteHistory': ['Unknown', 'T2_FR_IPHC', 'T2_FR_IPHC', 'Unknown', 'T2_CH_CERN', 'T2_CH_CERN'], 'ResidentSetSize': [712364, 754776], 'SubmitTimes': [1772161747.0, 1772180734.0], 'StartTimes': [1772165518.0, 1772180884.0], 'EndTimes': [1772168045.0, 1772182765.0], 'TotalUserCpuTimeHistory': [3006, 2283], 'TotalSysCpuTimeHistory': [1003, 649], 'WallDurations': [9.0, 159.8813247680664, 2527.0, 9.0, 207.6185383796692, 1881.0], 'JobIds': ['141680852.0', '141686091.0'], 'State': 'transferring', 'RecordedSite': True, 'Error': [90000, "Got recoverable stageout exception:\nStageout failed with code 1.\nThere were 3 failed/killed stageout jobs.\nFailure reasons (per document) follow:\n- e001731e23ff56283279e6d619ff90dde7ae15fe13794077a2423642:\n  -----> ASO log start -----\n  ['TRANSFER [5] TRANSFER ERROR: Copy failed (3rd pull). Last attempt: copy HTTP 500 : Unexpected server error: 500 [...CUT...] Full log at https://fts3-cms.cern.ch:8449/fts3/ftsmon/#/job/a8d8643a-1398-11f1-85e3-fa163e1db714']\n  <----- ASO log finish ----\n  The last failure reason is recoverable.\n- 992ecfa01ee2a8187010f3cfdfdbf185d2a30b4ecdb73b74c82a5418:\n  -----> ASO log start -----\n  ['TRANSFER [5] TRANSFER ERROR: Copy failed (3rd pull). Last attempt: copy HTTP 500 : Unexpected server error: 500 [...CUT...] Full log at https://fts3-cms.cern.ch:8449/fts3/ftsmon/#/job/a8d8643a-1398-11f1-85e3-fa163e1db714']\n  <----- ASO log finish ----\n  The last failure reason is recoverable.\n- ebd119114c1d8365ed43fffe1ffbaf5a6e98ca30b335979f9a1d3704:\n  -----> ASO log start -----\n  ['TRANSFER [5] TRANSFER ERROR: Copy failed (3rd pull). Last attempt: copy HTTP 500 : Unexpected server error: 500 [...CUT...] Full log at https://fts3-cms.cern.ch:8449/fts3/ftsmon/#/job/a8d8643a-1398-11f1-85e3-fa163e1db714']\n  <----- ASO log finish ----\n  The last failure reason is recoverable.", {}]}, '728': {'Retries': 1, 'Restarts': 0, 'SiteHistory': ['Unknown', 'T2_BE_UCL', 'T2_BE_UCL', 'Unknown', 'T2_CH_CERN', 'T2_CH_CERN'], 'ResidentSetSize': [733896, 684276], 'SubmitTimes': [1772161747.0, 1772173229.0], 'StartTimes': [1772165535.0, 1772173593.0], 'EndTimes': [1772167754.0, 1772176376.0], 'TotalUserCpuTimeHistory': [1635, 3138], 'TotalSysCpuTimeHistory': [100, 1086], 'WallDurations': [8.0, 142.8813247680664, 2219.0, 8.0, 234.68663930892944, 2783.0], 'JobIds': ['141680853.0', '141682561.0'], 'State': 'transferring', 'RecordedSite': True, 'Error': [90000, "Got recoverable stageout exception:\nStageout failed with code 1.\nThere were 3 failed/killed stageout jobs.\nFailure reasons (per document) follow:\n- 647b62f93260f624af47a4e65fcfec7040273ded12aee6270040c8c7:\n  -----> ASO log start -----\n  ['TRANSFER [5] TRANSFER ERROR: Copy failed (3rd pull). Last attempt: copy HTTP 500 : Unexpected server error: 500 [...CUT...] Full log at https://fts3-cms.cern.ch:8449/fts3/ftsmon/#/job/ee33f068-1397-11f1-b3a3-fa163e4409e3']\n  <----- ASO log finish ----\n  The last failure reason is recoverable.\n- eb337ea3534adb1afbe1c48361ea21d8d43baaadf261176072d32f4e:\n  -----> ASO log start -----\n  ['TRANSFER [5] TRANSFER ERROR: Copy failed (3rd pull). Last attempt: copy HTTP 500 : Unexpected server error: 500 [...CUT...] Full log at https://fts3-cms.cern.ch:8449/fts3/ftsmon/#/job/ee33f068-1397-11f1-b3a3-fa163e4409e3']\n  <----- ASO log finish ----\n  The last failure reason is recoverable.\n- c16024b55d2edc53901b8747e175aff96c98373bc3495fdf6a3e09fc:\n  -----> ASO log start -----\n  ['TRANSFER [5] TRANSFER ERROR: Copy failed (3rd pull). Last attempt: copy HTTP 500 : Unexpected server error: 500 [...CUT...] Full log at https://fts3-cms.cern.ch:8449/fts3/ftsmon/#/job/ee33f068-1397-11f1-b3a3-fa163e4409e3']\n  <----- ASO log finish ----\n  The last failure reason is recoverable.", {}]}, '734': {'Retries': 0, 'Restarts': 0, 'SiteHistory': ['Unknown', 'T2_US_UCSD', 'T2_US_UCSD'], 'ResidentSetSize': [673896], 'SubmitTimes': [1772161747.0], 'StartTimes': [1772165582.0], 'EndTimes': [1772168193.0], 'TotalUserCpuTimeHistory': [3294], 'TotalSysCpuTimeHistory': [745], 'WallDurations': [8.0, 95.8813247680664, 2611.0], 'JobIds': ['141680854.0'], 'State': 'finished', 'RecordedSite': True, 'Error': [0, 'OK', {}]}, '721': {'Retries': 0, 'Restarts': 0, 'SiteHistory': ['Unknown', 'T2_US_UCSD', 'T2_US_UCSD'], 'ResidentSetSize': [677476], 'SubmitTimes': [1772161747.0], 'StartTimes': [1772165588.0], 'EndTimes': [1772168421.0], 'TotalUserCpuTimeHistory': [3308], 'TotalSysCpuTimeHistory': [745], 'WallDurations': [10.0, 89.8813247680664, 2833.0], 'JobIds': ['141680855.0'], 'State': 'finished', 'RecordedSite': True, 'Error': [0, 'OK', {}]}, '717': {'Retries': 1, 'Restarts': 0, 'SiteHistory': ['Unknown', 'T2_BE_UCL', 'T2_BE_UCL', 'T2_DE_RWTH', 'T2_DE_RWTH'], 'ResidentSetSize': [627224, 3679236], 'SubmitTimes': [1772161747.0, 1772170509.0], 'StartTimes': [1772165592.0, 1772170622.0], 'EndTimes': [1772166837.0, 1772177557.0], 'TotalUserCpuTimeHistory': [1695, 9244], 'TotalSysCpuTimeHistory': [127, 2737], 'WallDurations': [8.0, 85.8813247680664, 1245.0, 8.0, 6935.0], 'JobIds': ['141680856.0', '141681792.0'], 'State': 'finished', 'RecordedSite': True, 'Error': [0, 'OK', {}]}, '736': {'Retries': 1, 'Restarts': 0, 'SiteHistory': ['Unknown', 'T2_BE_IIHE', 'T2_BE_IIHE', 'Unknown', 'T2_CH_CERN', 'T2_CH_CERN'], 'ResidentSetSize': [713668, 691976], 'SubmitTimes': [1772161747.0, 1772181360.0], 'StartTimes': [1772165592.0, 1772181430.0], 'EndTimes': [1772166881.0, 1772184467.0], 'TotalUserCpuTimeHistory': [1625, 3269], 'TotalSysCpuTimeHistory': [425, 1205], 'WallDurations': [10.0, 85.8813247680664, 1289.0, 8.0, 285.4778559207916, 3037.0], 'JobIds': ['141680857.0', '141686179.0'], 'State': 'transferring', 'RecordedSite': True, 'Error': [90000, "Got recoverable stageout exception:\nStageout failed with code 1.\nThere were 3 failed/killed stageout jobs.\nFailure reasons (per document) follow:\n- a881f01e67877e7964e3182ed361a257109bd7441c18dc98f5d9874c:\n  -----> ASO log start -----\n  ['TRANSFER [5] TRANSFER ERROR: Copy failed (3rd pull). Last attempt: copy HTTP 500 : Unexpected server error: 500 [...CUT...] Full log at https://fts3-cms.cern.ch:8449/fts3/ftsmon/#/job/ba6dbd9c-1395-11f1-a95b-fa163eaa97bf']\n  <----- ASO log finish ----\n  The last failure reason is recoverable.\n- db6f7e68bc1ddb5bf43edd157ab69c39386a6f162bc6dee66311dafc:\n  -----> ASO log start -----\n  ['DESTINATION [110] timeout of 900s [...CUT...] Full log at https://fts3-cms.cern.ch:8449/fts3/ftsmon/#/job/ba6dbd9c-1395-11f1-a95b-fa163eaa97bf']\n  <----- ASO log finish ----\n  The last failure reason is recoverable.\n- d8e6f8974b61de5267de2f84eefd81d4adb73c5af972cdc1d866b0b8:\n  -----> ASO log start -----\n  ['TRANSFER [5] TRANSFER ERROR: Copy failed (3rd pull). Last attempt: copy HTTP 500 : Unexpected server error: 500 [...CUT...] Full log at https://fts3-cms.cern.ch:8449/fts3/ftsmon/#/job/ba6dbd9c-1395-11f1-a95b-fa163eaa97bf']\n  <----- ASO log finish ----\n  The last failure reason is recoverable.", {}]}, '737': {'Retries': 1, 'Restarts': 0, 'SiteHistory': ['Unknown', 'T2_BE_IIHE', 'T2_BE_IIHE', 'T3_KR_KNU', 'T3_KR_KNU'], 'ResidentSetSize': [1799092, 904188], 'SubmitTimes': [1772161747.0, 1772175950.0], 'StartTimes': [1772165595.0, 1772175964.0], 'EndTimes': [1772166871.0, 1772179805.0], 'TotalUserCpuTimeHistory': [1592, 5233], 'TotalSysCpuTimeHistory': [416, 1692], 'WallDurations': [9.0, 82.8813247680664, 1276.0, 10.0, 3841.0], 'JobIds': ['141680858.0', '141685510.0'], 'State': 'finished', 'RecordedSite': True, 'Error': [0, 'OK', {}]}, '740': {'Retries': 1, 'Restarts': 0, 'SiteHistory': ['Unknown', 'T2_US_UCSD', 'T2_US_UCSD', 'Unknown', 'T2_US_Wisconsin', 'T2_US_Wisconsin'], 'ResidentSetSize': [700148, 734760], 'SubmitTimes': [1772161747.0, 1772171750.0], 'StartTimes': [1772165615.0, 1772171960.0], 'EndTimes': [1772168080.0, 1772175625.0], 'TotalUserCpuTimeHistory': [3028, 5123], 'TotalSysCpuTimeHistory': [631, 1094], 'WallDurations': [9.0, 62.881324768066406, 2465.0, 10.0, 301.8982946872711, 3665.0], 'JobIds': ['141680859.0', '141681943.0'], 'State': 'finished', 'RecordedSite': True, 'Error': [0, 'OK', {}]}, '742': {'Retries': 0, 'Restarts': 0, 'SiteHistory': ['Unknown', 'T2_US_Florida', 'T2_US_Florida'], 'ResidentSetSize': [660028], 'SubmitTimes': [1772161747.0], 'StartTimes': [1772165639.0], 'EndTimes': [1772166975.0], 'TotalUserCpuTimeHistory': [2110], 'TotalSysCpuTimeHistory': [218], 'WallDurations': [9.0, 38.881324768066406, 1336.0], 'JobIds': ['141680860.0'], 'State': 'finished', 'RecordedSite': True, 'Error': [0, 'OK', {}]}, '743': {'Retries': 3, 'Restarts': 1, 'SiteHistory': ['Unknown', 'T2_US_Florida', 'T2_US_Florida', 'T2_FR_GRIF', 'T2_TR_METU', 'T2_TR_METU', 'T2_CH_CERN', 'T2_CH_CERN'], 'ResidentSetSize': [783688, 1091884, 477324, 701100], 'SubmitTimes': [1772161747.0, -1, 1772191216.0, 1772201425.0], 'StartTimes': [1772165635.0, 1772167388.0, 1772191287.0, 1772201443.0], 'EndTimes': [1772167386.0, 1772171314.0, 1772194092.0], 'TotalUserCpuTimeHistory': [2072.0, 7497, 4032, 1027.0], 'TotalSysCpuTimeHistory': [201.0, 1177, 918, 499.0], 'WallDurations': [9.0, 42.881324768066406, 1751.0, 3926.0, 10.0, 2805.0, 10.0, 910.0], 'JobIds': ['141680861.0', '141680861.0', '141695618.0', '141706921.0'], 'State': 'running', 'RecordedSite': True, 'Error': [90000, "Got recoverable stageout exception:\nStageout failed with code 1.\nThere were 3 failed/killed stageout jobs.\nFailure reasons (per document) follow:\n- 6d2fe175b9543820c81a724aea4c972563903356e439b41aed0daed5:\n  -----> ASO log start -----\n  ['TRANSFER [5] TRANSFER ERROR: Copy failed (3rd pull). Last attempt: copy HTTP 500 : Unexpected server error: 500 [...CUT...] Full log at https://fts3-cms.cern.ch:8449/fts3/ftsmon/#/job/66a1cc2c-13d5-11f1-acec-fa163eaa97bf']\n  <----- ASO log finish ----\n  The last failure reason is recoverable.\n- d77e2e6658e01656be4d3d1ea78714b31485bb5def508c1272075413:\n  -----> ASO log start -----\n  ['TRANSFER [5] TRANSFER ERROR: Copy failed (3rd pull). Last attempt: copy HTTP 500 : Unexpected server error: 500 [...CUT...] Full log at https://fts3-cms.cern.ch:8449/fts3/ftsmon/#/job/66a1cc2c-13d5-11f1-acec-fa163eaa97bf']\n  <----- ASO log finish ----\n  The last failure reason is recoverable.\n- ba2cd63c14b8afc435fdad62de7d08743f6f3e09b750558ef18075c6:\n  -----> ASO log start -----\n  ['TRANSFER [5] TRANSFER ERROR: Copy failed (3rd pull). Last attempt: copy HTTP 500 : Unexpected server error: 500 [...CUT...] Full log at https://fts3-cms.cern.ch:8449/fts3/ftsmon/#/job/66a1cc2c-13d5-11f1-acec-fa163eaa97bf']\n  <----- ASO log finish ----\n  The last failure reason is recoverable.", {}]}, '738': {'Retries': 2, 'Restarts': 0, 'SiteHistory': ['Unknown', 'T2_BE_UCL', 'T2_BE_UCL', 'T2_FR_GRIF', 'T2_FR_GRIF', 'T2_CH_CERN', 'T2_CH_CERN'], 'ResidentSetSize': [715744, 719816, 395836], 'SubmitTimes': [1772161748.0, 1772174484.0, 1772192291.0], 'StartTimes': [1772165637.0, 1772174515.0, 1772192327.0], 'EndTimes': [1772169010.0, 1772179542.0, 1772194934.0], 'TotalUserCpuTimeHistory': [1647, 6325, 3156], 'TotalSysCpuTimeHistory': [101, 1158, 412], 'WallDurations': [8.0, 40.881324768066406, 3373.0, 8.0, 5027.0, 9.0, 2607.0], 'JobIds': ['141680862.0', '141685389.0', '141698055.0'], 'State': 'transferring', 'RecordedSite': True, 'Error': [90000, "Got recoverable stageout exception:\nStageout failed with code 1.\nThere were 3 failed/killed stageout jobs.\nFailure reasons (per document) follow:\n- 5b0060a66400083fcbc9b3f65d37bca30e216e69cb49ec3e5e3b8398:\n  -----> ASO log start -----\n  ['TRANSFER [5] TRANSFER ERROR: Copy failed (3rd pull). Last attempt: copy HTTP 500 : Unexpected server error: 500 [...CUT...] Full log at https://fts3-cms.cern.ch:8449/fts3/ftsmon/#/job/d5f4b444-13b3-11f1-b997-fa163e172462']\n  <----- ASO log finish ----\n  The last failure reason is recoverable.\n- f764a806ab71f65f6ce2ebd4c364642ea06c0495d940cb82521164be:\n  -----> ASO log start -----\n  ['TRANSFER [5] TRANSFER ERROR: Copy failed (3rd pull). Last attempt: copy HTTP 500 : Unexpected server error: 500 [...CUT...] Full log at https://fts3-cms.cern.ch:8449/fts3/ftsmon/#/job/d5f4b444-13b3-11f1-b997-fa163e172462']\n  <----- ASO log finish ----\n  The last failure reason is recoverable.\n- 14640831aa1e63c24b8a389ae5074c58f616fa92bf5155b021c8ffce:\n  -----> ASO log start -----\n  ['TRANSFER [5] TRANSFER ERROR: Copy failed (3rd pull). Last attempt: copy HTTP 500 : Unexpected server error: 500 [...CUT...] Full log at https://fts3-cms.cern.ch:8449/fts3/ftsmon/#/job/d5f4b444-13b3-11f1-b997-fa163e172462']\n  <----- ASO log finish ----\n  The last failure reason is recoverable.", {}]}, '741': {'Retries': 1, 'Restarts': 0, 'SiteHistory': ['Unknown', 'T2_BE_IIHE', 'T2_BE_IIHE', 'T3_KR_KNU', 'T3_KR_KNU'], 'ResidentSetSize': [663884, 3680616], 'SubmitTimes': [1772161753.0, 1772174110.0], 'StartTimes': [1772165637.0, 1772174125.0], 'EndTimes': [1772166833.0, 1772179140.0], 'TotalUserCpuTimeHistory': [1543, 6968], 'TotalSysCpuTimeHistory': [358, 2135], 'WallDurations': [9.0, 40.881324768066406, 1196.0, 9.0, 5015.0], 'JobIds': ['141680863.0', '141684483.0'], 'State': 'finished', 'RecordedSite': True, 'Error': [0, 'OK', {}]}, '739': {'Retries': 0, 'Restarts': 0, 'SiteHistory': ['Unknown', 'T2_US_Florida', 'T2_US_Florida'], 'ResidentSetSize': [666900], 'SubmitTimes': [1772161753.0], 'StartTimes': [1772165650.0], 'EndTimes': [1772166992.0], 'TotalUserCpuTimeHistory': [1973], 'TotalSysCpuTimeHistory': [180], 'WallDurations': [8.0, 27.881324768066406, 1342.0], 'JobIds': ['141680864.0'], 'State': 'finished', 'RecordedSite': True, 'Error': [0, 'OK', {}]}, '744': {'Retries': 1, 'Restarts': 0, 'SiteHistory': ['Unknown', 'T2_FR_IPHC', 'T2_FR_IPHC', 'T2_CH_CERN', 'T2_CH_CERN'], 'ResidentSetSize': [689432, 1733396], 'SubmitTimes': [1772161753.0, 1772181123.0], 'StartTimes': [1772165664.0, 1772181171.0], 'EndTimes': [1772168443.0, 1772183586.0], 'TotalUserCpuTimeHistory': [3295, 2910], 'TotalSysCpuTimeHistory': [1142, 905], 'WallDurations': [9.0, 13.881324768066406, 2779.0, 9.0, 2415.0], 'JobIds': ['141680865.0', '141686141.0'], 'State': 'transferring', 'RecordedSite': True, 'Error': [90000, "Got recoverable stageout exception:\nStageout failed with code 1.\nThere were 3 failed/killed stageout jobs.\nFailure reasons (per document) follow:\n- 85779ed2dfb181dabb6076da380c20f704a7f74201a19df75917f3d5:\n  -----> ASO log start -----\n  ['TRANSFER [5] TRANSFER ERROR: Copy failed (3rd pull). Last attempt: copy HTTP 500 : Unexpected server error: 500 [...CUT...] Full log at https://fts3-cms.cern.ch:8449/fts3/ftsmon/#/job/662d72dc-1399-11f1-8871-fa163e4409e3']\n  <----- ASO log finish ----\n  The last failure reason is recoverable.\n- 02a2770b97bccdc16e6143af4d2f882cde60f4c7de51467ded0e4f9b:\n  -----> ASO log start -----\n  ['TRANSFER [5] TRANSFER ERROR: Copy failed (3rd pull). Last attempt: copy HTTP 500 : Unexpected server error: 500 [...CUT...] Full log at https://fts3-cms.cern.ch:8449/fts3/ftsmon/#/job/662d72dc-1399-11f1-8871-fa163e4409e3']\n  <----- ASO log finish ----\n  The last failure reason is recoverable.\n- d99dd30bfdd72c0cd956703422ca0e74ce47b68fae38b278a2fcbcfb:\n  -----> ASO log start -----\n  ['TRANSFER [5] TRANSFER ERROR: Copy failed (3rd pull). Last attempt: copy HTTP 500 : Unexpected server error: 500 [...CUT...] Full log at https://fts3-cms.cern.ch:8449/fts3/ftsmon/#/job/662d72dc-1399-11f1-8871-fa163e4409e3']\n  <----- ASO log finish ----\n  The last failure reason is recoverable.", {}]}, '745': {'Retries': 1, 'Restarts': 0, 'SiteHistory': ['Unknown', 'T2_US_Florida', 'T2_US_Florida', 'Unknown', 'T2_DE_RWTH', 'T2_DE_RWTH'], 'ResidentSetSize': [664912, 690476], 'SubmitTimes': [1772161753.0, 1772170671.0], 'StartTimes': [1772165671.0, 1772170799.0], 'EndTimes': [1772166999.0, 1772178774.0], 'TotalUserCpuTimeHistory': [2159, 10259], 'TotalSysCpuTimeHistory': [233, 3056], 'WallDurations': [0, 6.881324768066406, 1328.0, 9.0, 209.44514417648315, 7975.0], 'JobIds': ['141680866.0', '141681815.0'], 'State': 'finished', 'RecordedSite': True, 'Error': [0, 'OK', {}]}, '746': {'Retries': 2, 'Restarts': 0, 'SiteHistory': ['Unknown', 'T2_BE_UCL', 'T2_BE_UCL', 'Unknown', 'T2_FR_GRIF', 'T2_FR_GRIF', 'T2_CH_CERN', 'T2_CH_CERN'], 'ResidentSetSize': [697364, 715588, 3124876], 'SubmitTimes': [1772161753.0, 1772172144.0, 1772194912.0], 'StartTimes': [1772165671.0, 1772172585.0, 1772194935.0], 'EndTimes': [1772168466.0, 1772176759.0, 1772197591.0], 'TotalUserCpuTimeHistory': [1527, 5570, 3125], 'TotalSysCpuTimeHistory': [61, 976, 401], 'WallDurations': [0, 6.881324768066406, 2795.0, 9.0, 302.35983395576477, 4174.0, 9.0, 2656.0], 'JobIds': ['141680867.0', '141682279.0', '141698892.0'], 'State': 'transferring', 'RecordedSite': True, 'Error': [90000, "Got recoverable stageout exception:\nStageout failed with code 1.\nThere were 3 failed/killed stageout jobs.\nFailure reasons (per document) follow:\n- 5aa654f0d63db03b3337c0503ccd58cc2612c6310e21222a03878ab8:\n  -----> ASO log start -----\n  ['TRANSFER [5] TRANSFER ERROR: Copy failed (3rd pull). Last attempt: copy HTTP 500 : Unexpected server error: 500 [...CUT...] Full log at https://fts3-cms.cern.ch:8449/fts3/ftsmon/#/job/2be1d41a-13ad-11f1-b1ca-fa163e65d4d2']\n  <----- ASO log finish ----\n  The last failure reason is recoverable.\n- 7f4f72b70582ce63e282cd4138a001dff8561cb03a027ce02634d1da:\n  -----> ASO log start -----\n  ['TRANSFER [5] TRANSFER ERROR: Copy failed (3rd pull). Last attempt: copy HTTP 500 : Unexpected server error: 500 [...CUT...] Full log at https://fts3-cms.cern.ch:8449/fts3/ftsmon/#/job/2be1d41a-13ad-11f1-b1ca-fa163e65d4d2']\n  <----- ASO log finish ----\n  The last failure reason is recoverable.\n- 6b0f82c40ed167b0c9032774e9e7dd91be9f82a10bb5fa94d30d106d:\n  -----> ASO log start -----\n  ['TRANSFER [5] TRANSFER ERROR: Copy failed (3rd pull). Last attempt: copy HTTP 500 : Unexpected server error: 500 [...CUT...] Full log at https://fts3-cms.cern.ch:8449/fts3/ftsmon/#/job/2be1d41a-13ad-11f1-b1ca-fa163e65d4d2']\n  <----- ASO log finish ----\n  The last failure reason is recoverable.", {}]}, '747': {'Retries': 1, 'Restarts': 0, 'SiteHistory': ['Unknown', 'T2_BE_IIHE', 'T2_BE_IIHE', 'T2_US_Wisconsin', 'T2_US_Wisconsin'], 'ResidentSetSize': [642512, 723900], 'SubmitTimes': [1772161753.0, 1772176130.0], 'StartTimes': [1772165671.0, 1772176187.0], 'EndTimes': [1772167051.0, 1772179590.0], 'TotalUserCpuTimeHistory': [1742, 4595], 'TotalSysCpuTimeHistory': [478, 1233], 'WallDurations': [0, 6.881324768066406, 1380.0, 8.0, 3403.0], 'JobIds': ['141680868.0', '141685524.0'], 'State': 'finished', 'RecordedSite': True, 'Error': [0, 'OK', {}]}, '748': {'Retries': 2, 'Restarts': 0, 'SiteHistory': ['Unknown', 'T2_BE_UCL', 'T2_BE_UCL', 'T2_BE_UCL', 'T2_BE_UCL', 'T2_CH_CERN', 'T2_CH_CERN'], 'ResidentSetSize': [676772, 732576, 664040], 'SubmitTimes': [1772161753.0, 1772173884.0, 1772181505.0], 'StartTimes': [1772165673.0, 1772173952.0, 1772181588.0], 'EndTimes': [1772168406.0, 1772175975.0, 1772183000.0], 'TotalUserCpuTimeHistory': [2634, 1564, 2258], 'TotalSysCpuTimeHistory': [141, 74, 277], 'WallDurations': [0, 4.881324768066406, 2733.0, 8.0, 2023.0, 8.0, 1412.0], 'JobIds': ['141680869.0', '141683389.0', '141686195.0'], 'State': 'transferring', 'RecordedSite': True, 'Error': [90000, "Got recoverable stageout exception:\nStageout failed with code 1.\nThere were 3 failed/killed stageout jobs.\nFailure reasons (per document) follow:\n- 5bc9fca33fa373a097b55e260eb2c93eff4cfc7589bfc620da95cab9:\n  -----> ASO log start -----\n  ['TRANSFER [5] TRANSFER ERROR: Copy failed (3rd pull). Last attempt: copy HTTP 500 : Unexpected server error: 500 [...CUT...] Full log at https://fts3-cms.cern.ch:8449/fts3/ftsmon/#/job/f681550e-13aa-11f1-9cc0-fa163e255442']\n  <----- ASO log finish ----\n  The last failure reason is recoverable.\n- ccc77c86e377e1a8926ee67869a8d14cbbbffd67201c8951848920ec:\n  -----> ASO log start -----\n  ['TRANSFER [5] TRANSFER ERROR: Copy failed (3rd pull). Last attempt: copy HTTP 500 : Unexpected server error: 500 [...CUT...] Full log at https://fts3-cms.cern.ch:8449/fts3/ftsmon/#/job/f681550e-13aa-11f1-9cc0-fa163e255442']\n  <----- ASO log finish ----\n  The last failure reason is recoverable.\n- 32901c07e7eb3f3d52f31ba56482bd7636a7f6fe12fcbe26fb0bc371:\n  -----> ASO log start -----\n  ['TRANSFER [5] TRANSFER ERROR: Copy failed (3rd pull). Last attempt: copy HTTP 500 : Unexpected server error: 500 [...CUT...] Full log at https://fts3-cms.cern.ch:8449/fts3/ftsmon/#/job/f681550e-13aa-11f1-9cc0-fa163e255442']\n  <----- ASO log finish ----\n  The last failure reason is recoverable.", {}]}, '749': {'Retries': 2, 'Restarts': 0, 'SiteHistory': ['Unknown', 'T2_EE_Estonia', 'T2_EE_Estonia', 'T2_US_UCSD', 'T2_US_UCSD', 'T2_CH_CERN', 'T2_CH_CERN'], 'ResidentSetSize': [645564, 666728, 694232], 'SubmitTimes': [1772161753.0, 1772174332.0, 1772181043.0], 'StartTimes': [1772165676.0, 1772174373.0, 1772181060.0], 'EndTimes': [1772167059.0, 1772177307.0, 1772183958.0], 'TotalUserCpuTimeHistory': [1652, 3647, 3184], 'TotalSysCpuTimeHistory': [509, 864, 1204], 'WallDurations': [0, 1.8813247680664062, 1383.0, 9.0, 2934.0, 8.0, 2898.0], 'JobIds': ['141680870.0', '141685376.0', '141686130.0'], 'State': 'transferring', 'RecordedSite': True, 'Error': [90000, "Got recoverable stageout exception:\nStageout failed with code 1.\nThere were 1 failed/killed stageout jobs.\nFailure reasons (per document) follow:\n- 556284429f1b7d7cc567bb8c7421b4a53a2705ca93aeb83509238bc2:\n  -----> ASO log start -----\n  ['TRANSFER [112] TRANSFER ERROR: Copy failed (3rd pull). Last attempt: copy HTTP 400 : Server Error [...CUT...] Full log at https://fts3-cms.cern.ch:8449/fts3/ftsmon/#/job/a594aa34-13ae-11f1-bbf9-fa163eaa97bf']\n  <----- ASO log finish ----\n  The last failure reason is recoverable.", {}]}, '750': {'Retries': 0, 'Restarts': 0, 'SiteHistory': ['Unknown', 'T2_US_Florida', 'T2_US_Florida'], 'ResidentSetSize': [726576], 'SubmitTimes': [1772161753.0], 'StartTimes': [1772165678.0], 'EndTimes': [1772166996.0], 'TotalUserCpuTimeHistory': [2074], 'TotalSysCpuTimeHistory': [206], 'WallDurations': [9.0, 306.19904470443726, 1318.0], 'JobIds': ['141680871.0'], 'State': 'finished', 'RecordedSite': True, 'Error': [0, 'OK', {}]}, '751': {'Retries': 1, 'Restarts': 0, 'SiteHistory': ['Unknown', 'T2_BE_UCL', 'T2_BE_UCL', 'T2_US_UCSD', 'T2_US_UCSD'], 'ResidentSetSize': [672996, 668152], 'SubmitTimes': [1772161753.0, 1772173890.0], 'StartTimes': [1772165679.0, 1772173963.0], 'EndTimes': [1772168404.0, 1772175784.0], 'TotalUserCpuTimeHistory': [2738, 2278], 'TotalSysCpuTimeHistory': [186, 579], 'WallDurations': [9.0, 305.19904470443726, 2725.0, 8.0, 1821.0], 'JobIds': ['141680872.0', '141683390.0'], 'State': 'finished', 'RecordedSite': True, 'Error': [0, 'OK', {}]}, '752': {'Retries': 1, 'Restarts': 0, 'SiteHistory': ['Unknown', 'T2_BE_IIHE', 'T2_BE_IIHE', 'T2_CH_CERN', 'T2_CH_CERN'], 'ResidentSetSize': [676048, 691588], 'SubmitTimes': [1772161753.0, 1772184109.0], 'StartTimes': [1772165679.0, 1772184134.0], 'EndTimes': [1772167813.0, 1772186243.0], 'TotalUserCpuTimeHistory': [2574, 2537], 'TotalSysCpuTimeHistory': [856, 762], 'WallDurations': [9.0, 305.19904470443726, 2134.0, 8.0, 2109.0], 'JobIds': ['141680873.0', '141686488.0'], 'State': 'transferring', 'RecordedSite': True, 'Error': [90000, "Got recoverable stageout exception:\nStageout failed with code 1.\nThere were 3 failed/killed stageout jobs.\nFailure reasons (per document) follow:\n- 32f8292ca947f852e06fe6b9bf115848f2c7ce655458dddf99b42239:\n  -----> ASO log start -----\n  ['TRANSFER [5] TRANSFER ERROR: Copy failed (3rd pull). Last attempt: copy HTTP 500 : Unexpected server error: 500 [...CUT...] Full log at https://fts3-cms.cern.ch:8449/fts3/ftsmon/#/job/edbfa38e-1397-11f1-9504-fa163e6c8d57']\n  <----- ASO log finish ----\n  The last failure reason is recoverable.\n- 24e9d5ff0edaeb60811e154ba985813b0a4750bb20ce18ece52f7b2d:\n  -----> ASO log start -----\n  ['TRANSFER [5] TRANSFER ERROR: Copy failed (3rd pull). Last attempt: copy HTTP 500 : Unexpected server error: 500 [...CUT...] Full log at https://fts3-cms.cern.ch:8449/fts3/ftsmon/#/job/edbfa38e-1397-11f1-9504-fa163e6c8d57']\n  <----- ASO log finish ----\n  The last failure reason is recoverable.\n- 08e0107dc2b6b3b5db2d74ca4256b048c5243f6ab9fc573dd74a57ad:\n  -----> ASO log start -----\n  ['TRANSFER [5] TRANSFER ERROR: Copy failed (3rd pull). Last attempt: copy HTTP 500 : Unexpected server error: 500 [...CUT...] Full log at https://fts3-cms.cern.ch:8449/fts3/ftsmon/#/job/edbfa38e-1397-11f1-9504-fa163e6c8d57']\n  <----- ASO log finish ----\n  The last failure reason is recoverable.", {}]}, '753': {'Retries': 2, 'Restarts': 0, 'SiteHistory': ['Unknown', 'T2_IT_Legnaro', 'T2_IT_Legnaro', 'T2_BE_UCL', 'T2_BE_UCL', 'T2_CH_CERN', 'T2_CH_CERN'], 'ResidentSetSize': [797048, 707204, 670636], 'SubmitTimes': [1772161753.0, 1772173809.0, 1772180251.0], 'StartTimes': [1772165693.0, 1772173817.0, 1772180302.0], 'EndTimes': [1772168332.0, 1772176519.0, 1772182521.0], 'TotalUserCpuTimeHistory': [3656, 1355, 2526], 'TotalSysCpuTimeHistory': [538, 50, 774], 'WallDurations': [9.0, 291.19904470443726, 2639.0, 9.0, 2702.0, 9.0, 2219.0], 'JobIds': ['141680874.0', '141683380.0', '141686027.0'], 'State': 'transferring', 'RecordedSite': True, 'Error': [90000, "Got recoverable stageout exception:\nStageout failed with code 1.\nThere were 3 failed/killed stageout jobs.\nFailure reasons (per document) follow:\n- 5fd3d798374cfd9dfcb3f4cd42d80a493baf35494f8858b299ac7b80:\n  -----> ASO log start -----\n  ['TRANSFER [5] TRANSFER ERROR: Copy failed (3rd pull). Last attempt: copy HTTP 500 : Unexpected server error: 500 [...CUT...] Full log at https://fts3-cms.cern.ch:8449/fts3/ftsmon/#/job/70a47950-13ac-11f1-b4d0-fa163e5dc706']\n  <----- ASO log finish ----\n  The last failure reason is recoverable.\n- a48de3e11e6a8932dac45fdb258acf78c1c44d0d3bddca10e0e338bf:\n  -----> ASO log start -----\n  ['TRANSFER [5] TRANSFER ERROR: Copy failed (3rd pull). Last attempt: copy HTTP 500 : Unexpected server error: 500 [...CUT...] Full log at https://fts3-cms.cern.ch:8449/fts3/ftsmon/#/job/70a47950-13ac-11f1-b4d0-fa163e5dc706']\n  <----- ASO log finish ----\n  The last failure reason is recoverable.\n- 575982076b5dc643c81174313c63aba01e95ba455a45b8992b730d90:\n  -----> ASO log start -----\n  ['TRANSFER [5] TRANSFER ERROR: Copy failed (3rd pull). Last attempt: copy HTTP 500 : Unexpected server error: 500 [...CUT...] Full log at https://fts3-cms.cern.ch:8449/fts3/ftsmon/#/job/70a47950-13ac-11f1-b4d0-fa163e5dc706']\n  <----- ASO log finish ----\n  The last failure reason is recoverable.", {}]}, '754': {'Retries': 2, 'Restarts': 0, 'SiteHistory': ['Unknown', 'T2_BE_IIHE', 'T2_BE_IIHE', 'T3_KR_KNU', 'T3_KR_KNU', 'Unknown', 'T2_US_Purdue', 'T2_US_Purdue'], 'ResidentSetSize': [704168, 2778080, 624872], 'SubmitTimes': [1772161753.0, 1772179759.0, 1772191381.0], 'StartTimes': [1772165700.0, 1772179815.0, 1772191512.0], 'EndTimes': [1772167073.0, 1772185850.0, 1772195414.0], 'TotalUserCpuTimeHistory': [1634, 7900, 4033], 'TotalSysCpuTimeHistory': [433, 2683, 892], 'WallDurations': [9.0, 284.19904470443726, 1373.0, 9.0, 6035.0, 8.0, 251.43338179588318, 3902.0], 'JobIds': ['141680875.0', '141685960.0', '141695640.0'], 'State': 'failed', 'RecordedSite': True, 'Error': [90000, "Got recoverable stageout exception:\nStageout failed with code 1.\nThere were 2 failed/killed stageout jobs.\nFailure reasons (per document) follow:\n- bac73caf76b301320a407ef47eb09b559227a21a716c973208a5128e:\n  -----> ASO log start -----\n  ['DESTINATION [110] timeout of 1800s [...CUT...] Full log at https://fts3-cms.cern.ch:8449/fts3/ftsmon/#/job/4aef8b92-13d8-11f1-88cf-fa163e4409e3']\n  <----- ASO log finish ----\n  The last failure reason is recoverable.\n- fe0d1193b855e8d5468304c2a99ad6eb61058c1563e37730690d4f8f:\n  -----> ASO log start -----\n  ['DESTINATION [5] HTTP 500 : Unexpected server error: 500 [...CUT...] Full log at https://fts3-cms.cern.ch:8449/fts3/ftsmon/#/job/4aef8b92-13d8-11f1-88cf-fa163e4409e3']\n  <----- ASO log finish ----\n  The last failure reason is recoverable.", {}]}, '755': {'Retries': 1, 'Restarts': 0, 'SiteHistory': ['Unknown', 'T2_BE_UCL', 'T2_BE_UCL', 'Unknown', 'T3_KR_KNU', 'T3_KR_KNU'], 'ResidentSetSize': [675856, 650676], 'SubmitTimes': [1772161753.0, 1772171503.0], 'StartTimes': [1772165702.0, 1772171677.0], 'EndTimes': [1772167828.0, 1772175759.0], 'TotalUserCpuTimeHistory': [1327, 4827], 'TotalSysCpuTimeHistory': [26, 1865], 'WallDurations': [8.0, 282.19904470443726, 2126.0, 9.0, 274.1406033039093, 4082.0], 'JobIds': ['141680876.0', '141681922.0'], 'State': 'finished', 'RecordedSite': True, 'Error': [0, 'OK', {}]}, '756': {'Retries': 0, 'Restarts': 0, 'SiteHistory': ['Unknown', 'T2_US_Nebraska', 'T2_US_Nebraska'], 'ResidentSetSize': [752192], 'SubmitTimes': [1772161753.0], 'StartTimes': [1772165710.0], 'EndTimes': [1772168611.0], 'TotalUserCpuTimeHistory': [3920], 'TotalSysCpuTimeHistory': [645], 'WallDurations': [8.0, 274.19904470443726, 2901.0], 'JobIds': ['141680877.0'], 'State': 'finished', 'RecordedSite': True, 'Error': [0, 'OK', {}]}, '757': {'Retries': 2, 'Restarts': 1, 'SiteHistory': ['Unknown', 'T2_US_Florida', 'T2_US_Florida', 'T2_FR_IPHC', 'T2_CH_CERN', 'T2_CH_CERN'], 'ResidentSetSize': [676232, 756968, 730720], 'SubmitTimes': [1772161754.0, -1, 1772184666.0], 'StartTimes': [1772165708.0, 1772167739.0, 1772184694.0], 'EndTimes': [1772167733.0, 1772170187.0, 1772188591.0], 'TotalUserCpuTimeHistory': [2299.0, 5301, 5145], 'TotalSysCpuTimeHistory': [262.0, 1178, 1053], 'WallDurations': [8.0, 276.19904470443726, 2025.0, 2448.0, 9.0, 3897.0], 'JobIds': ['141680878.0', '141680878.0', '141686560.0'], 'State': 'transferring', 'RecordedSite': True, 'Error': [90000, "Got recoverable stageout exception:\nStageout failed with code 1.\nThere were 3 failed/killed stageout jobs.\nFailure reasons (per document) follow:\n- 77af8367949be97330ae661b8d0ad268923d9729dad5b213fda1ef8d:\n  -----> ASO log start -----\n  ['TRANSFER [5] TRANSFER ERROR: Copy failed (3rd pull). Last attempt: copy HTTP 500 : Unexpected server error: 500 [...CUT...] Full log at https://fts3-cms.cern.ch:8449/fts3/ftsmon/#/job/ce3cecfa-139d-11f1-bbf9-fa163e9e00e6']\n  <----- ASO log finish ----\n  The last failure reason is recoverable.\n- b83f05075c84f0c2e291d4dedbdf793a8c04f2a69f556ce519788f82:\n  -----> ASO log start -----\n  ['TRANSFER [5] TRANSFER ERROR: Copy failed (3rd pull). Last attempt: copy HTTP 500 : Unexpected server error: 500 [...CUT...] Full log at https://fts3-cms.cern.ch:8449/fts3/ftsmon/#/job/ce3cecfa-139d-11f1-bbf9-fa163e9e00e6']\n  <----- ASO log finish ----\n  The last failure reason is recoverable.\n- c8718cc0619163038c6601a5bd68984433fbc906f0847fef8c78bc07:\n  -----> ASO log start -----\n  ['TRANSFER [5] TRANSFER ERROR: Copy failed (3rd pull). Last attempt: copy HTTP 500 : Unexpected server error: 500 [...CUT...] Full log at https://fts3-cms.cern.ch:8449/fts3/ftsmon/#/job/ce3cecfa-139d-11f1-bbf9-fa163e9e00e6']\n  <----- ASO log finish ----\n  The last failure reason is recoverable.", {}]}, '758': {'Retries': 1, 'Restarts': 0, 'SiteHistory': ['Unknown', 'T2_BE_UCL', 'T2_BE_UCL', 'T2_BE_IIHE', 'T2_BE_IIHE'], 'ResidentSetSize': [668332, 710648], 'SubmitTimes': [1772161754.0, 1772173859.0], 'StartTimes': [1772165715.0, 1772173918.0], 'EndTimes': [1772168382.0, 1772175306.0], 'TotalUserCpuTimeHistory': [2992, 1763], 'TotalSysCpuTimeHistory': [238, 482], 'WallDurations': [9.0, 269.19904470443726, 2667.0, 9.0, 1388.0], 'JobIds': ['141680879.0', '141683387.0'], 'State': 'transferring', 'RecordedSite': True, 'Error': [90000, "Got recoverable stageout exception:\nStageout failed with code 1.\nThere were 3 failed/killed stageout jobs.\nFailure reasons (per document) follow:\n- 15648a3b8b688150e4b175535185d56bbc252f97a2bd366c9653668b:\n  -----> ASO log start -----\n  ['TRANSFER [5] TRANSFER ERROR: Copy failed (3rd pull). Last attempt: copy HTTP 500 : Unexpected server error: 500 [...CUT...] Full log at https://fts3-cms.cern.ch:8449/fts3/ftsmon/#/job/673c07a6-1399-11f1-b0a9-fa163e6c8d57']\n  <----- ASO log finish ----\n  The last failure reason is recoverable.\n- 0336dc683ac109314d8899539e5629f4c3e1e0be78b309cae10d45fa:\n  -----> ASO log start -----\n  ['DESTINATION [110] timeout of 900s [...CUT...] Full log at https://fts3-cms.cern.ch:8449/fts3/ftsmon/#/job/673c07a6-1399-11f1-b0a9-fa163e6c8d57']\n  <----- ASO log finish ----\n  The last failure reason is recoverable.\n- 55bfc608be98654fa08bf230072498aae320c9b024db927a258c12b0:\n  -----> ASO log start -----\n  ['TRANSFER [5] TRANSFER ERROR: Copy failed (3rd pull). Last attempt: copy HTTP 500 : Unexpected server error: 500 [...CUT...] Full log at https://fts3-cms.cern.ch:8449/fts3/ftsmon/#/job/673c07a6-1399-11f1-b0a9-fa163e6c8d57']\n  <----- ASO log finish ----\n  The last failure reason is recoverable.", {}]}, '759': {'Retries': 1, 'Restarts': 0, 'SiteHistory': ['Unknown', 'T2_BE_IIHE', 'T2_BE_IIHE', 'Unknown', 'T2_CH_CERN', 'T2_CH_CERN'], 'ResidentSetSize': [718628, 701776], 'SubmitTimes': [1772161754.0, 1772177878.0], 'StartTimes': [1772165720.0, 1772177937.0], 'EndTimes': [1772166991.0, 1772179893.0], 'TotalUserCpuTimeHistory': [1586, 2371], 'TotalSysCpuTimeHistory': [409, 699], 'WallDurations': [9.0, 264.19904470443726, 1271.0, 8.0, 305.463497877121, 1956.0], 'JobIds': ['141680880.0', '141685758.0'], 'State': 'transferring', 'RecordedSite': True, 'Error': [90000, "Got recoverable stageout exception:\nStageout failed with code 1.\nThere were 3 failed/killed stageout jobs.\nFailure reasons (per document) follow:\n- 0176e308245e433a67082979617efddfe8ca034b1e77d0bb8e06a2ad:\n  -----> ASO log start -----\n  ['DESTINATION [110] timeout of 900s [...CUT...] Full log at https://fts3-cms.cern.ch:8449/fts3/ftsmon/#/job/75660f46-1396-11f1-a95b-fa163eaa97bf']\n  <----- ASO log finish ----\n  The last failure reason is recoverable.\n- 4521257f688aea8b25289e9983728a7d68f1b3b583d473f9446ea51d:\n  -----> ASO log start -----\n  ['DESTINATION [110] timeout of 900s [...CUT...] Full log at https://fts3-cms.cern.ch:8449/fts3/ftsmon/#/job/75660f46-1396-11f1-a95b-fa163eaa97bf']\n  <----- ASO log finish ----\n  The last failure reason is recoverable.\n- d2284de59add5cd5e593453ba0aded9763033c76867a22648ec0ab3e:\n  -----> ASO log start -----\n  ['DESTINATION [110] timeout of 900s [...CUT...] Full log at https://fts3-cms.cern.ch:8449/fts3/ftsmon/#/job/75660f46-1396-11f1-a95b-fa163eaa97bf']\n  <----- ASO log finish ----\n  The last failure reason is recoverable.", {}]}, '760': {'Retries': 1, 'Restarts': 0, 'SiteHistory': ['Unknown', 'T2_BE_IIHE', 'T2_BE_IIHE', 'Unknown', 'T2_CH_CERN', 'T2_CH_CERN'], 'ResidentSetSize': [654144, 682776], 'SubmitTimes': [1772161754.0, 1772179759.0], 'StartTimes': [1772165743.0, 1772179843.0], 'EndTimes': [1772167072.0, 1772182132.0], 'TotalUserCpuTimeHistory': [1653, 2671], 'TotalSysCpuTimeHistory': [427, 896], 'WallDurations': [9.0, 241.19904470443726, 1329.0, 310.0, 311.19386625289917, 2289.0], 'JobIds': ['141680881.0', '141685961.0'], 'State': 'transferring', 'RecordedSite': True, 'Error': [90000, "Got recoverable stageout exception:\nStageout failed with code 1.\nThere were 3 failed/killed stageout jobs.\nFailure reasons (per document) follow:\n- eeb8b4795f24c5a145ddeb54f9e00eac760049821da62479f9d0bdc2:\n  -----> ASO log start -----\n  ['DESTINATION [110] timeout of 900s [...CUT...] Full log at https://fts3-cms.cern.ch:8449/fts3/ftsmon/#/job/75660f46-1396-11f1-a95b-fa163eaa97bf']\n  <----- ASO log finish ----\n  The last failure reason is recoverable.\n- 5125a184a9ecf4359f7201c46c5560a411df65c836c317343d5149c0:\n  -----> ASO log start -----\n  ['TRANSFER [5] TRANSFER ERROR: Copy failed (3rd pull). Last attempt: copy HTTP 500 : Unexpected server error: 500 [...CUT...] Full log at https://fts3-cms.cern.ch:8449/fts3/ftsmon/#/job/75660f46-1396-11f1-a95b-fa163eaa97bf']\n  <----- ASO log finish ----\n  The last failure reason is recoverable.\n- 495b2a6db97be0b982bef3ecda4c2d210f7faf3490980bcd9d3fdf0b:\n  -----> ASO log start -----\n  ['DESTINATION [110] timeout of 900s [...CUT...] Full log at https://fts3-cms.cern.ch:8449/fts3/ftsmon/#/job/75660f46-1396-11f1-a95b-fa163eaa97bf']\n  <----- ASO log finish ----\n  The last failure reason is recoverable.", {}]}, '761': {'Retries': 0, 'Restarts': 1, 'SiteHistory': ['Unknown', 'T2_US_Florida', 'T2_US_Florida', 'T2_UK_London_IC'], 'ResidentSetSize': [676756, 0], 'SubmitTimes': [1772161754.0, -1], 'StartTimes': [1772165777.0, 1772168139.0], 'EndTimes': [1772168116.0, 1772171559.0], 'TotalUserCpuTimeHistory': [2523.0, 6625], 'TotalSysCpuTimeHistory': [315.0, 1138], 'WallDurations': [8.0, 207.19904470443726, 2339.0, 3420.0], 'JobIds': ['141680882.0', '141680882.0'], 'State': 'finished', 'RecordedSite': True, 'Error': [0, 'OK', {}]}, '769': {'Retries': 1, 'Restarts': 0, 'SiteHistory': ['Unknown', 'T2_FR_GRIF', 'T2_FR_GRIF', 'T2_CH_CERN', 'T2_CH_CERN'], 'ResidentSetSize': [759872, 662060], 'SubmitTimes': [1772161754.0, 1772181462.0], 'StartTimes': [1772165779.0, 1772181588.0], 'EndTimes': [1772168772.0, 1772183482.0], 'TotalUserCpuTimeHistory': [3889, 2299], 'TotalSysCpuTimeHistory': [1347, 665], 'WallDurations': [10.0, 205.19904470443726, 2993.0, 8.0, 1894.0], 'JobIds': ['141680883.0', '141686190.0'], 'State': 'transferring', 'RecordedSite': True, 'Error': [90000, "Got recoverable stageout exception:\nStageout failed with code 1.\nThere were 3 failed/killed stageout jobs.\nFailure reasons (per document) follow:\n- 43f201000a4f14d669ad317ae7d4bfc70784a082ad87ba0211875f05:\n  -----> ASO log start -----\n  ['TRANSFER [5] TRANSFER ERROR: Copy failed (3rd pull). Last attempt: copy HTTP 500 : Unexpected server error: 500 [...CUT...] Full log at https://fts3-cms.cern.ch:8449/fts3/ftsmon/#/job/242c7e9a-139a-11f1-801e-fa163e9e00e6']\n  <----- ASO log finish ----\n  The last failure reason is recoverable.\n- ee68665869e5dfff1b72318c5a65cd0ccaa59260d5592907c60b315e:\n  -----> ASO log start -----\n  ['TRANSFER [5] TRANSFER ERROR: Copy failed (3rd pull). Last attempt: copy HTTP 500 : Unexpected server error: 500 [...CUT...] Full log at https://fts3-cms.cern.ch:8449/fts3/ftsmon/#/job/242c7e9a-139a-11f1-801e-fa163e9e00e6']\n  <----- ASO log finish ----\n  The last failure reason is recoverable.\n- 2212be70387c28ac6e32ef5f3172fc678f5a58d24619cb275515306d:\n  -----> ASO log start -----\n  ['TRANSFER [5] TRANSFER ERROR: Copy failed (3rd pull). Last attempt: copy HTTP 500 : Unexpected server error: 500 [...CUT...] Full log at https://fts3-cms.cern.ch:8449/fts3/ftsmon/#/job/242c7e9a-139a-11f1-801e-fa163e9e00e6']\n  <----- ASO log finish ----\n  The last failure reason is recoverable.", {}]}, '772': {'Retries': 0, 'Restarts': 0, 'SiteHistory': ['Unknown', 'T2_US_Wisconsin', 'T2_US_Wisconsin'], 'ResidentSetSize': [706772], 'SubmitTimes': [1772161754.0], 'StartTimes': [1772165802.0], 'EndTimes': [1772167382.0], 'TotalUserCpuTimeHistory': [1946], 'TotalSysCpuTimeHistory': [527], 'WallDurations': [9.0, 182.19904470443726, 1580.0], 'JobIds': ['141680884.0'], 'State': 'finished', 'RecordedSite': True, 'Error': [0, 'OK', {}]}, '766': {'Retries': 2, 'Restarts': 0, 'SiteHistory': ['Unknown', 'T2_US_Nebraska', 'T2_US_Nebraska', 'Unknown', 'T3_KR_KNU', 'T3_KR_KNU', 'T2_UK_London_IC', 'T2_UK_London_IC'], 'ResidentSetSize': [773732, 723596, 796864], 'SubmitTimes': [1772161754.0, 1772172144.0, 1772180780.0], 'StartTimes': [1772165809.0, 1772172595.0, 1772180855.0], 'EndTimes': [1772168466.0, 1772177050.0, 1772183089.0], 'TotalUserCpuTimeHistory': [3675, 6056, 2655], 'TotalSysCpuTimeHistory': [654, 1522, 260], 'WallDurations': [8.0, 175.19904470443726, 2657.0, 10.0, 292.35983395576477, 4455.0, 9.0, 2234.0], 'JobIds': ['141680885.0', '141682280.0', '141686100.0'], 'State': 'failed', 'RecordedSite': True, 'Error': [90000, "Got recoverable stageout exception:\nStageout failed with code 1.\nThere were 1 failed/killed stageout jobs.\nFailure reasons (per document) follow:\n- 9caa483d0be3341e3a5b835c13abd84bbe2f9804cfb37272688d5590:\n  -----> ASO log start -----\n  ['TRANSFER [112] TRANSFER ERROR: Copy failed (3rd pull). Last attempt: copy HTTP 400 : Server Error [...CUT...] Full log at https://fts3-cms.cern.ch:8449/fts3/ftsmon/#/job/d5d94f62-13bb-11f1-a1c4-fa163eaa97bf']\n  <----- ASO log finish ----\n  The last failure reason is recoverable.", {}]}, '770': {'Retries': 1, 'Restarts': 0, 'SiteHistory': ['Unknown', 'T2_IT_Rome', 'T2_IT_Rome', 'T2_CH_CERN', 'T2_CH_CERN'], 'ResidentSetSize': [543860, 694816], 'SubmitTimes': [1772161754.0, 1772179948.0], 'StartTimes': [1772165818.0, 1772179998.0], 'EndTimes': [1772169060.0, 1772182136.0], 'TotalUserCpuTimeHistory': [4310, 2602], 'TotalSysCpuTimeHistory': [771, 805], 'WallDurations': [9.0, 166.19904470443726, 3242.0, 9.0, 2138.0], 'JobIds': ['141680886.0', '141685988.0'], 'State': 'transferring', 'RecordedSite': True, 'Error': [90000, "Got recoverable stageout exception:\nStageout failed with code 1.\nThere were 3 failed/killed stageout jobs.\nFailure reasons (per document) follow:\n- e8df11016c9e9e9a5df3dd984801e0c6dfd97ec5b2be2512989175be:\n  -----> ASO log start -----\n  ['TRANSFER [5] TRANSFER ERROR: Copy failed (3rd pull). Last attempt: copy HTTP 500 : Unexpected server error: 500 [...CUT...] Full log at https://fts3-cms.cern.ch:8449/fts3/ftsmon/#/job/e05bbd60-139a-11f1-9cba-fa163e4409e3']\n  <----- ASO log finish ----\n  The last failure reason is recoverable.\n- 393d032bf30bdb34c774f0111dd18fc8f3c2d9b3855b1384fe042a02:\n  -----> ASO log start -----\n  ['TRANSFER [5] TRANSFER ERROR: Copy failed (3rd pull). Last attempt: copy HTTP 500 : Unexpected server error: 500 [...CUT...] Full log at https://fts3-cms.cern.ch:8449/fts3/ftsmon/#/job/e05bbd60-139a-11f1-9cba-fa163e4409e3']\n  <----- ASO log finish ----\n  The last failure reason is recoverable.\n- eff3719a81f4bbebd5b4f37992ef527b84a6d15e8f59406142bbff2c:\n  -----> ASO log start -----\n  ['TRANSFER [5] TRANSFER ERROR: Copy failed (3rd pull). Last attempt: copy HTTP 500 : Unexpected server error: 500 [...CUT...] Full log at https://fts3-cms.cern.ch:8449/fts3/ftsmon/#/job/e05bbd60-139a-11f1-9cba-fa163e4409e3']\n  <----- ASO log finish ----\n  The last failure reason is recoverable.", {}]}, '777': {'Retries': 2, 'Restarts': 0, 'SiteHistory': ['Unknown', 'T2_CH_CERN', 'T2_CH_CERN', 'T2_CH_CSCS', 'T2_CH_CSCS', 'Unknown', 'T3_KR_KNU', 'T3_KR_KNU'], 'ResidentSetSize': [671676, 709400, 3684512], 'SubmitTimes': [1772161754.0, 1772172975.0, 1772180749.0], 'StartTimes': [1772165904.0, 1772173014.0, 1772180852.0], 'EndTimes': [1772167501.0, 1772175216.0, 1772185741.0], 'TotalUserCpuTimeHistory': [2550, 2380, 6706], 'TotalSysCpuTimeHistory': [361, 452, 2374], 'WallDurations': [8.0, 80.19904470443726, 1597.0, 9.0, 2202.0, 9.0, 239.6185383796692, 4889.0], 'JobIds': ['141680887.0', '141682494.0', '141686093.0'], 'State': 'finished', 'RecordedSite': True, 'Error': [0, 'OK', {}]}, '775': {'Retries': 0, 'Restarts': 0, 'SiteHistory': ['Unknown', 'T2_CH_CERN', 'T2_CH_CERN'], 'ResidentSetSize': [653420], 'SubmitTimes': [1772161754.0], 'StartTimes': [1772165904.0], 'EndTimes': [1772167727.0], 'TotalUserCpuTimeHistory': [2818], 'TotalSysCpuTimeHistory': [455], 'WallDurations': [9.0, 80.19904470443726, 1823.0], 'JobIds': ['141680888.0'], 'State': 'finished', 'RecordedSite': True, 'Error': [0, 'OK', {}]}, '779': {'Retries': 0, 'Restarts': 0, 'SiteHistory': ['Unknown', 'T2_CH_CERN', 'T2_CH_CERN'], 'ResidentSetSize': [782112], 'SubmitTimes': [1772161754.0], 'StartTimes': [1772165904.0], 'EndTimes': [1772170116.0], 'TotalUserCpuTimeHistory': [5367], 'TotalSysCpuTimeHistory': [1003], 'WallDurations': [9.0, 80.19904470443726, 4212.0], 'JobIds': ['141680889.0'], 'State': 'finished', 'RecordedSite': True, 'Error': [0, 'OK', {}]}, '774': {'Retries': 1, 'Restarts': 0, 'SiteHistory': ['Unknown', 'T2_CH_CERN', 'T2_CH_CERN', 'T2_TR_METU', 'T2_TR_METU'], 'ResidentSetSize': [768748, 3418632], 'SubmitTimes': [1772161754.0, 1772189642.0], 'StartTimes': [1772165904.0, 1772189663.0], 'EndTimes': [1772169745.0, 1772191815.0], 'TotalUserCpuTimeHistory': [4910, 3009], 'TotalSysCpuTimeHistory': [1273, 594], 'WallDurations': [9.0, 80.19904470443726, 3841.0, 9.0, 2152.0], 'JobIds': ['141680890.0', '141695345.0'], 'State': 'transferring', 'RecordedSite': True, 'Error': [90000, "Got recoverable stageout exception:\nStageout failed with code 1.\nThere were 1 failed/killed stageout jobs.\nFailure reasons (per document) follow:\n- 8a70d0ad57d019996a794f702789ad1947d1a31c3d590d0c1ebb1b20:\n  -----> ASO log start -----\n  ['TRANSFER [112] TRANSFER ERROR: Copy failed (3rd pull). Last attempt: copy HTTP 400 : Server Error [...CUT...] Full log at https://fts3-cms.cern.ch:8449/fts3/ftsmon/#/job/576a6a18-139c-11f1-8818-fa163e172462']\n  <----- ASO log finish ----\n  The last failure reason is recoverable.", {}]}, '780': {'Retries': 1, 'Restarts': 0, 'SiteHistory': ['Unknown', 'T2_CH_CERN', 'T2_CH_CERN', 'T2_TR_METU', 'T2_TR_METU'], 'ResidentSetSize': [655132, 660696], 'SubmitTimes': [1772161754.0, 1772177316.0], 'StartTimes': [1772165905.0, 1772177341.0], 'EndTimes': [1772168232.0, 1772181295.0], 'TotalUserCpuTimeHistory': [2795, 5277], 'TotalSysCpuTimeHistory': [830, 1535], 'WallDurations': [8.0, 79.19904470443726, 2327.0, 10.0, 3954.0], 'JobIds': ['141680891.0', '141685713.0'], 'State': 'transferring', 'RecordedSite': True, 'Error': [90000, "Got recoverable stageout exception:\nStageout failed with code 1.\nThere were 1 failed/killed stageout jobs.\nFailure reasons (per document) follow:\n- 4b1dd6e0b918990e76e60738ce47857edcaa16a2cb0cf1d86b754c34:\n  -----> ASO log start -----\n  ['DESTINATION [110] timeout of 900s [...CUT...] Full log at https://fts3-cms.cern.ch:8449/fts3/ftsmon/#/job/66c1916a-1399-11f1-b393-fa163e5dc706']\n  <----- ASO log finish ----\n  The last failure reason is recoverable.", {}]}, '768': {'Retries': 1, 'Restarts': 0, 'SiteHistory': ['Unknown', 'T2_CH_CERN', 'T2_CH_CERN', 'Unknown', 'T2_CH_CERN', 'T2_CH_CERN'], 'ResidentSetSize': [799488, 624080], 'SubmitTimes': [1772161754.0, 1772191651.0], 'StartTimes': [1772165904.0, 1772191810.0], 'EndTimes': [1772169951.0, 1772195025.0], 'TotalUserCpuTimeHistory': [4041, 3352], 'TotalSysCpuTimeHistory': [393, 1254], 'WallDurations': [9.0, 80.19904470443726, 4047.0, 9.0, 266.4325466156006, 3215.0], 'JobIds': ['141680892.0', '141696011.0'], 'State': 'transferring', 'RecordedSite': True, 'Error': [90000, "Got recoverable stageout exception:\nStageout failed with code 1.\nThere were 1 failed/killed stageout jobs.\nFailure reasons (per document) follow:\n- 1840d5507ecd0c16cc942e72da282eb4114b9e4b67d10794cb5bbedf:\n  -----> ASO log start -----\n  ['DESTINATION [5] HTTP 500 : Unexpected server error: 500 [...CUT...] Full log at https://fts3-cms.cern.ch:8449/fts3/ftsmon/#/job/12bce8d6-139d-11f1-a2d0-fa163e4409e3']\n  <----- ASO log finish ----\n  The last failure reason is recoverable.", {}]}, '771': {'Retries': 0, 'Restarts': 0, 'SiteHistory': ['Unknown', 'T2_CH_CERN', 'T2_CH_CERN'], 'ResidentSetSize': [689596], 'SubmitTimes': [1772161754.0], 'StartTimes': [1772165904.0], 'EndTimes': [1772167655.0], 'TotalUserCpuTimeHistory': [2742], 'TotalSysCpuTimeHistory': [444], 'WallDurations': [9.0, 80.19904470443726, 1751.0], 'JobIds': ['141680893.0'], 'State': 'finished', 'RecordedSite': True, 'Error': [0, 'OK', {}]}, '763': {'Retries': 0, 'Restarts': 0, 'SiteHistory': ['Unknown', 'T2_CH_CERN', 'T2_CH_CERN'], 'ResidentSetSize': [3561324], 'SubmitTimes': [1772161754.0], 'StartTimes': [1772165905.0], 'EndTimes': [1772167047.0], 'TotalUserCpuTimeHistory': [1811], 'TotalSysCpuTimeHistory': [301], 'WallDurations': [8.0, 79.19904470443726, 1142.0], 'JobIds': ['141680894.0'], 'State': 'finished', 'RecordedSite': True, 'Error': [0, 'OK', {}]}, '765': {'Retries': 0, 'Restarts': 0, 'SiteHistory': ['Unknown', 'T2_CH_CERN', 'T2_CH_CERN'], 'ResidentSetSize': [730828], 'SubmitTimes': [1772161754.0], 'StartTimes': [1772165905.0], 'EndTimes': [1772168678.0], 'TotalUserCpuTimeHistory': [3086], 'TotalSysCpuTimeHistory': [1082], 'WallDurations': [8.0, 79.19904470443726, 2773.0], 'JobIds': ['141680895.0'], 'State': 'finished', 'RecordedSite': True, 'Error': [0, 'OK', {}]}, '767': {'Retries': 0, 'Restarts': 0, 'SiteHistory': ['Unknown', 'T2_CH_CERN', 'T2_CH_CERN'], 'ResidentSetSize': [727292], 'SubmitTimes': [1772161754.0], 'StartTimes': [1772165904.0], 'EndTimes': [1772167967.0], 'TotalUserCpuTimeHistory': [2482], 'TotalSysCpuTimeHistory': [828], 'WallDurations': [9.0, 80.19904470443726, 2063.0], 'JobIds': ['141680896.0'], 'State': 'finished', 'RecordedSite': True, 'Error': [0, 'OK', {}]}, '781': {'Retries': 2, 'Restarts': 0, 'SiteHistory': ['Unknown', 'T2_CH_CERN', 'T2_CH_CERN', 'Unknown', 'T2_TR_METU', 'T2_TR_METU', 'T2_CH_CERN', 'T2_CH_CERN'], 'ResidentSetSize': [738432, 641820, 617864], 'SubmitTimes': [1772161754.0, 1772171107.0, 1772202415.0], 'StartTimes': [1772165904.0, 1772171407.0, 1772202458.0], 'EndTimes': [1772167435.0, 1772178845.0], 'TotalUserCpuTimeHistory': [2398, 7409, 309.0], 'TotalSysCpuTimeHistory': [358, 2606, 185.0], 'WallDurations': [9.0, 80.19904470443726, 1531.0, 11.0, 232.47571229934692, 7438.0, 9.0, 310.0], 'JobIds': ['141680897.0', '141681880.0', '141707083.0'], 'State': 'running', 'RecordedSite': True, 'Error': [90000, "Got recoverable stageout exception:\nStageout failed with code 1.\nThere were 3 failed/killed stageout jobs.\nFailure reasons (per document) follow:\n- 0a8a067f618d48b3f7f5ec19d39d620d5f2c266863ee9de017d3c96a:\n  -----> ASO log start -----\n  ['TRANSFER [5] TRANSFER ERROR: Copy failed (3rd pull). Last attempt: copy HTTP 500 : Unexpected server error: 500 [...CUT...] Full log at https://fts3-cms.cern.ch:8449/fts3/ftsmon/#/job/9b56770c-13b1-11f1-b55a-fa163e1db714']\n  <----- ASO log finish ----\n  The last failure reason is recoverable.\n- b46a91479948ff39ffa8ffab5447adbc2e571f7be8115cf251908e85:\n  -----> ASO log start -----\n  ['TRANSFER [5] TRANSFER ERROR: Copy failed (3rd pull). Last attempt: copy HTTP 500 : Unexpected server error: 500 [...CUT...] Full log at https://fts3-cms.cern.ch:8449/fts3/ftsmon/#/job/9b56770c-13b1-11f1-b55a-fa163e1db714']\n  <----- ASO log finish ----\n  The last failure reason is recoverable.\n- 8a9b90b7ca13655e961f08972bdd53c224d40daa7ae63549ffd78d87:\n  -----> ASO log start -----\n  ['TRANSFER [5] TRANSFER ERROR: Copy failed (3rd pull). Last attempt: copy HTTP 500 : Unexpected server error: 500 [...CUT...] Full log at https://fts3-cms.cern.ch:8449/fts3/ftsmon/#/job/9b56770c-13b1-11f1-b55a-fa163e1db714']\n  <----- ASO log finish ----\n  The last failure reason is recoverable.", {}]}, '778': {'Retries': 1, 'Restarts': 0, 'SiteHistory': ['Unknown', 'T2_CH_CERN', 'T2_CH_CERN', 'Unknown', 'T2_DE_RWTH', 'T2_DE_RWTH'], 'ResidentSetSize': [551616, 741476], 'SubmitTimes': [1772161754.0, 1772173112.0], 'StartTimes': [1772165904.0, 1772173418.0], 'EndTimes': [1772167640.0, 1772176550.0], 'TotalUserCpuTimeHistory': [2438, 4327], 'TotalSysCpuTimeHistory': [520, 781], 'WallDurations': [9.0, 80.19904470443726, 1736.0, 8.0, 95.95208525657654, 3132.0], 'JobIds': ['141680898.0', '141682545.0'], 'State': 'finished', 'RecordedSite': True, 'Error': [0, 'OK', {}]}, '764': {'Retries': 0, 'Restarts': 0, 'SiteHistory': ['Unknown', 'T2_CH_CERN', 'T2_CH_CERN'], 'ResidentSetSize': [644660], 'SubmitTimes': [1772161754.0], 'StartTimes': [1772165904.0], 'EndTimes': [1772167619.0], 'TotalUserCpuTimeHistory': [2691], 'TotalSysCpuTimeHistory': [417], 'WallDurations': [9.0, 80.19904470443726, 1715.0], 'JobIds': ['141680899.0'], 'State': 'finished', 'RecordedSite': True, 'Error': [0, 'OK', {}]}, '782': {'Retries': 2, 'Restarts': 0, 'SiteHistory': ['Unknown', 'T2_CH_CERN', 'T2_CH_CERN', 'T2_TR_METU', 'T2_TR_METU', 'Unknown', 'T2_US_Nebraska', 'T2_US_Nebraska'], 'ResidentSetSize': [2317708, 659468, 632996], 'SubmitTimes': [1772161754.0, 1772175689.0, 1772199210.0], 'StartTimes': [1772165904.0, 1772175701.0, 1772199401.0], 'EndTimes': [1772168409.0, 1772179262.0, 1772202354.0], 'TotalUserCpuTimeHistory': [2858, 4676, 3995], 'TotalSysCpuTimeHistory': [935, 1193, 682], 'WallDurations': [9.0, 80.19904470443726, 2505.0, 10.0, 3561.0, 9.0, 145.35980033874512, 2953.0], 'JobIds': ['141680900.0', '141685482.0', '141706167.0'], 'State': 'transferring', 'RecordedSite': True, 'Error': [90000, "Got recoverable stageout exception:\nStageout failed with code 1.\nThere were 3 failed/killed stageout jobs.\nFailure reasons (per document) follow:\n- f5222479532f90db4448d1e6339289922cb1c21301808262c962828a:\n  -----> ASO log start -----\n  ['TRANSFER [5] TRANSFER ERROR: Copy failed (3rd pull). Last attempt: copy HTTP 500 : Unexpected server error: 500 [...CUT...] Full log at https://fts3-cms.cern.ch:8449/fts3/ftsmon/#/job/19e72a16-13b3-11f1-86ad-fa163e255442']\n  <----- ASO log finish ----\n  The last failure reason is recoverable.\n- b232b4b0ea60d212c7ee5e365fb566629f93d565f072a549250a27b6:\n  -----> ASO log start -----\n  ['TRANSFER [5] TRANSFER ERROR: Copy failed (3rd pull). Last attempt: copy HTTP 500 : Unexpected server error: 500 [...CUT...] Full log at https://fts3-cms.cern.ch:8449/fts3/ftsmon/#/job/19e72a16-13b3-11f1-86ad-fa163e255442']\n  <----- ASO log finish ----\n  The last failure reason is recoverable.\n- 249622afd1c8c2870d4380bc165802318849832de680eff4bcec925c:\n  -----> ASO log start -----\n  ['TRANSFER [5] TRANSFER ERROR: Copy failed (3rd pull). Last attempt: copy HTTP 500 : Unexpected server error: 500 [...CUT...] Full log at https://fts3-cms.cern.ch:8449/fts3/ftsmon/#/job/19e72a16-13b3-11f1-86ad-fa163e255442']\n  <----- ASO log finish ----\n  The last failure reason is recoverable.", {}]}, '776': {'Retries': 0, 'Restarts': 0, 'SiteHistory': ['Unknown', 'T2_CH_CERN', 'T2_CH_CERN'], 'ResidentSetSize': [691664], 'SubmitTimes': [1772161754.0], 'StartTimes': [1772165904.0], 'EndTimes': [1772168115.0], 'TotalUserCpuTimeHistory': [2681], 'TotalSysCpuTimeHistory': [814], 'WallDurations': [9.0, 80.19904470443726, 2211.0], 'JobIds': ['141680901.0'], 'State': 'finished', 'RecordedSite': True, 'Error': [0, 'OK', {}]}, '773': {'Retries': 0, 'Restarts': 0, 'SiteHistory': ['Unknown', 'T2_CH_CERN', 'T2_CH_CERN'], 'ResidentSetSize': [708172], 'SubmitTimes': [1772161754.0], 'StartTimes': [1772165905.0], 'EndTimes': [1772170036.0], 'TotalUserCpuTimeHistory': [5436], 'TotalSysCpuTimeHistory': [1519], 'WallDurations': [9.0, 79.19904470443726, 4131.0], 'JobIds': ['141680902.0'], 'State': 'finished', 'RecordedSite': True, 'Error': [0, 'OK', {}]}, '786': {'Retries': 1, 'Restarts': 0, 'SiteHistory': ['Unknown', 'T2_CH_CERN', 'T2_CH_CERN', 'Unknown', 'T2_US_UCSD', 'T2_US_UCSD'], 'ResidentSetSize': [669608, 667836], 'SubmitTimes': [1772161754.0, 1772171182.0], 'StartTimes': [1772165904.0, 1772171536.0], 'EndTimes': [1772167509.0, 1772174665.0], 'TotalUserCpuTimeHistory': [2543, 3824], 'TotalSysCpuTimeHistory': [387, 895], 'WallDurations': [9.0, 80.19904470443726, 1605.0, 9.0, 103.47571229934692, 3129.0], 'JobIds': ['141680903.0', '141681896.0'], 'State': 'finished', 'RecordedSite': True, 'Error': [0, 'OK', {}]}, '785': {'Retries': 0, 'Restarts': 0, 'SiteHistory': ['Unknown', 'T2_CH_CERN', 'T2_CH_CERN'], 'ResidentSetSize': [564500], 'SubmitTimes': [1772161754.0], 'StartTimes': [1772165904.0], 'EndTimes': [1772167686.0], 'TotalUserCpuTimeHistory': [2264], 'TotalSysCpuTimeHistory': [288], 'WallDurations': [8.0, 80.19904470443726, 1782.0], 'JobIds': ['141680904.0'], 'State': 'finished', 'RecordedSite': True, 'Error': [0, 'OK', {}]}, '787': {'Retries': 1, 'Restarts': 0, 'SiteHistory': ['Unknown', 'T2_CH_CERN', 'T2_CH_CERN', 'T2_CH_CERN', 'T2_CH_CERN'], 'ResidentSetSize': [638016, 674228], 'SubmitTimes': [1772161754.0, 1772179389.0], 'StartTimes': [1772165905.0, 1772179418.0], 'EndTimes': [1772168511.0, 1772181243.0], 'TotalUserCpuTimeHistory': [2917, 2232], 'TotalSysCpuTimeHistory': [1059, 643], 'WallDurations': [8.0, 79.19904470443726, 2606.0, 9.0, 1825.0], 'JobIds': ['141680905.0', '141685921.0'], 'State': 'transferring', 'RecordedSite': True, 'Error': [90000, "Got recoverable stageout exception:\nStageout failed with code 1.\nThere were 1 failed/killed stageout jobs.\nFailure reasons (per document) follow:\n- a1bf5150dce9bbf630cdc7221e9fd8c07609dad0bcef33d7010e75ff:\n  -----> ASO log start -----\n  ['DESTINATION [5] HTTP 500 : Unexpected server error: 500 [...CUT...] Full log at https://fts3-cms.cern.ch:8449/fts3/ftsmon/#/job/239fabdc-139a-11f1-ae83-fa163e65d4d2']\n  <----- ASO log finish ----\n  The last failure reason is recoverable.", {}]}, '783': {'Retries': 0, 'Restarts': 0, 'SiteHistory': ['Unknown', 'T2_CH_CERN', 'T2_CH_CERN'], 'ResidentSetSize': [691288], 'SubmitTimes': [1772161754.0], 'StartTimes': [1772165904.0], 'EndTimes': [1772167356.0], 'TotalUserCpuTimeHistory': [2276], 'TotalSysCpuTimeHistory': [293], 'WallDurations': [9.0, 80.19904470443726, 1452.0], 'JobIds': ['141680906.0'], 'State': 'finished', 'RecordedSite': True, 'Error': [0, 'OK', {}]}, '794': {'Retries': 0, 'Restarts': 0, 'SiteHistory': ['Unknown', 'T2_CH_CERN', 'T2_CH_CERN'], 'ResidentSetSize': [634148], 'SubmitTimes': [1772161754.0], 'StartTimes': [1772165904.0], 'EndTimes': [1772167594.0], 'TotalUserCpuTimeHistory': [2672], 'TotalSysCpuTimeHistory': [409], 'WallDurations': [8.0, 80.19904470443726, 1690.0], 'JobIds': ['141680907.0'], 'State': 'finished', 'RecordedSite': True, 'Error': [0, 'OK', {}]}, '790': {'Retries': 0, 'Restarts': 0, 'SiteHistory': ['Unknown', 'T2_CH_CERN', 'T2_CH_CERN'], 'ResidentSetSize': [718952], 'SubmitTimes': [1772161754.0], 'StartTimes': [1772165904.0], 'EndTimes': [1772168699.0], 'TotalUserCpuTimeHistory': [3030], 'TotalSysCpuTimeHistory': [888], 'WallDurations': [9.0, 80.19904470443726, 2795.0], 'JobIds': ['141680908.0'], 'State': 'finished', 'RecordedSite': True, 'Error': [0, 'OK', {}]}, '792': {'Retries': 0, 'Restarts': 0, 'SiteHistory': ['Unknown', 'T2_CH_CERN', 'T2_CH_CERN'], 'ResidentSetSize': [640188], 'SubmitTimes': [1772161754.0], 'StartTimes': [1772165904.0], 'EndTimes': [1772168625.0], 'TotalUserCpuTimeHistory': [2946], 'TotalSysCpuTimeHistory': [1136], 'WallDurations': [8.0, 80.19904470443726, 2721.0], 'JobIds': ['141680909.0'], 'State': 'finished', 'RecordedSite': True, 'Error': [0, 'OK', {}]}, '793': {'Retries': 2, 'Restarts': 0, 'SiteHistory': ['Unknown', 'T2_CH_CERN', 'T2_CH_CERN', 'T2_DE_RWTH', 'T2_DE_RWTH', 'T2_CH_CERN', 'T2_CH_CERN'], 'ResidentSetSize': [3633604, 3677464, 622172], 'SubmitTimes': [1772161754.0, 1772177833.0, 1772190259.0], 'StartTimes': [1772165904.0, 1772177846.0, 1772190283.0], 'EndTimes': [1772168744.0, 1772184720.0, 1772193400.0], 'TotalUserCpuTimeHistory': [3273, 9232, 3314], 'TotalSysCpuTimeHistory': [904, 2777, 1179], 'WallDurations': [9.0, 80.19904470443726, 2840.0, 9.0, 6874.0, 9.0, 3117.0], 'JobIds': ['141680910.0', '141685756.0', '141695458.0'], 'State': 'transferring', 'RecordedSite': True, 'Error': [90000, "Got recoverable stageout exception:\nStageout failed with code 1.\nThere were 1 failed/killed stageout jobs.\nFailure reasons (per document) follow:\n- d1dfb02f67b56273ed117c3f4dbadd03ba6d815a07f5d5ef5d8200d0:\n  -----> ASO log start -----\n  ['DESTINATION [5] HTTP 500 : Unexpected server error: 500 [...CUT...] Full log at https://fts3-cms.cern.ch:8449/fts3/ftsmon/#/job/7b93fcba-13bf-11f1-aa1d-fa163e172462']\n  <----- ASO log finish ----\n  The last failure reason is recoverable.", {}]}, '796': {'Retries': 0, 'Restarts': 0, 'SiteHistory': ['Unknown', 'T2_CH_CERN', 'T2_CH_CERN'], 'ResidentSetSize': [676436], 'SubmitTimes': [1772161754.0], 'StartTimes': [1772165904.0], 'EndTimes': [1772167751.0], 'TotalUserCpuTimeHistory': [2277], 'TotalSysCpuTimeHistory': [667], 'WallDurations': [9.0, 80.19904470443726, 1847.0], 'JobIds': ['141680911.0'], 'State': 'finished', 'RecordedSite': True, 'Error': [0, 'OK', {}]}, '789': {'Retries': 0, 'Restarts': 0, 'SiteHistory': ['Unknown', 'T2_CH_CERN', 'T2_CH_CERN'], 'ResidentSetSize': [645228], 'SubmitTimes': [1772161754.0], 'StartTimes': [1772165904.0], 'EndTimes': [1772167744.0], 'TotalUserCpuTimeHistory': [2899], 'TotalSysCpuTimeHistory': [449], 'WallDurations': [9.0, 80.19904470443726, 1840.0], 'JobIds': ['141680912.0'], 'State': 'finished', 'RecordedSite': True, 'Error': [0, 'OK', {}]}, '788': {'Retries': 0, 'Restarts': 0, 'SiteHistory': ['Unknown', 'T2_CH_CERN', 'T2_CH_CERN'], 'ResidentSetSize': [705092], 'SubmitTimes': [1772161754.0], 'StartTimes': [1772165904.0], 'EndTimes': [1772167700.0], 'TotalUserCpuTimeHistory': [2836], 'TotalSysCpuTimeHistory': [443], 'WallDurations': [8.0, 80.19904470443726, 1796.0], 'JobIds': ['141680913.0'], 'State': 'finished', 'RecordedSite': True, 'Error': [0, 'OK', {}]}, '784': {'Retries': 1, 'Restarts': 0, 'SiteHistory': ['Unknown', 'T2_CH_CERN', 'T2_CH_CERN', 'T2_US_Caltech', 'T2_US_Caltech'], 'ResidentSetSize': [2240028, 3530808], 'SubmitTimes': [1772161754.0, 1772190384.0], 'StartTimes': [1772165905.0, 1772190453.0], 'EndTimes': [1772170491.0, 1772194290.0], 'TotalUserCpuTimeHistory': [4808, 5636], 'TotalSysCpuTimeHistory': [1050, 1004], 'WallDurations': [9.0, 79.19904470443726, 4586.0, 8.0, 3837.0], 'JobIds': ['141680914.0', '141695482.0'], 'State': 'finished', 'RecordedSite': True, 'Error': [0, 'OK', {}]}, '797': {'Retries': 1, 'Restarts': 0, 'SiteHistory': ['Unknown', 'T2_CH_CERN', 'T2_CH_CERN', 'Unknown', 'T2_UK_London_IC', 'T2_UK_London_IC'], 'ResidentSetSize': [687048, 3006064], 'SubmitTimes': [1772161754.0, 1772171202.0], 'StartTimes': [1772165905.0, 1772171562.0], 'EndTimes': [1772167529.0, 1772175418.0], 'TotalUserCpuTimeHistory': [2556, 4717], 'TotalSysCpuTimeHistory': [390, 1121], 'WallDurations': [8.0, 79.19904470443726, 1624.0, 9.0, 77.47571229934692, 3856.0], 'JobIds': ['141680915.0', '141681899.0'], 'State': 'finished', 'RecordedSite': True, 'Error': [0, 'OK', {}]}, '795': {'Retries': 1, 'Restarts': 0, 'SiteHistory': ['Unknown', 'T2_CH_CERN', 'T2_CH_CERN', 'Unknown', 'T2_FR_IPHC', 'T2_FR_IPHC'], 'ResidentSetSize': [628672, 716668], 'SubmitTimes': [1772161754.0, 1772173184.0], 'StartTimes': [1772165904.0, 1772173511.0], 'EndTimes': [1772167714.0, 1772175901.0], 'TotalUserCpuTimeHistory': [2576, 2902], 'TotalSysCpuTimeHistory': [391, 945], 'WallDurations': [8.0, 80.19904470443726, 1810.0, 0, 2.952085256576538, 2390.0], 'JobIds': ['141680916.0', '141682551.0'], 'State': 'transferring', 'RecordedSite': True, 'Error': [90000, "Got recoverable stageout exception:\nStageout failed with code 1.\nThere were 1 failed/killed stageout jobs.\nFailure reasons (per document) follow:\n- 19d63ab445ac739577306ec8ab4b1e8b9d6bf5c5e28b0565910aee50:\n  -----> ASO log start -----\n  ['TRANSFER [112] TRANSFER ERROR: Copy failed (3rd pull). Last attempt: copy HTTP 400 : Server Error [...CUT...] Full log at https://fts3-cms.cern.ch:8449/fts3/ftsmon/#/job/ed6014c8-1397-11f1-96c0-fa163e9e00e6']\n  <----- ASO log finish ----\n  The last failure reason is recoverable.", {}]}, '799': {'Retries': 0, 'Restarts': 0, 'SiteHistory': ['Unknown', 'T2_CH_CERN', 'T2_CH_CERN'], 'ResidentSetSize': [633724], 'SubmitTimes': [1772161754.0], 'StartTimes': [1772165905.0], 'EndTimes': [1772167652.0], 'TotalUserCpuTimeHistory': [2757], 'TotalSysCpuTimeHistory': [431], 'WallDurations': [8.0, 79.19904470443726, 1747.0], 'JobIds': ['141680917.0'], 'State': 'finished', 'RecordedSite': True, 'Error': [0, 'OK', {}]}, '791': {'Retries': 0, 'Restarts': 0, 'SiteHistory': ['Unknown', 'T2_CH_CERN', 'T2_CH_CERN'], 'ResidentSetSize': [710708], 'SubmitTimes': [1772161754.0], 'StartTimes': [1772165904.0], 'EndTimes': [1772168941.0], 'TotalUserCpuTimeHistory': [3231], 'TotalSysCpuTimeHistory': [928], 'WallDurations': [8.0, 80.19904470443726, 3037.0], 'JobIds': ['141680918.0'], 'State': 'finished', 'RecordedSite': True, 'Error': [0, 'OK', {}]}, '800': {'Retries': 0, 'Restarts': 0, 'SiteHistory': ['Unknown', 'T2_CH_CERN', 'T2_CH_CERN'], 'ResidentSetSize': [672040], 'SubmitTimes': [1772161754.0], 'StartTimes': [1772165904.0], 'EndTimes': [1772168020.0], 'TotalUserCpuTimeHistory': [2580], 'TotalSysCpuTimeHistory': [796], 'WallDurations': [9.0, 80.19904470443726, 2116.0], 'JobIds': ['141680919.0'], 'State': 'finished', 'RecordedSite': True, 'Error': [0, 'OK', {}]}, '21': {'Retries': 1, 'Restarts': 0, 'SiteHistory': ['Unknown', 'T2_CH_CERN', 'T2_CH_CERN', 'T2_CH_CERN', 'T2_CH_CERN'], 'ResidentSetSize': [724044, 670408], 'SubmitTimes': [1772161754.0, 1772183361.0], 'StartTimes': [1772165904.0, 1772183369.0], 'EndTimes': [1772168879.0, 1772186262.0], 'TotalUserCpuTimeHistory': [3166, 3154], 'TotalSysCpuTimeHistory': [1178, 1087], 'WallDurations': [9.0, 80.19904470443726, 2975.0, 9.0, 2893.0], 'JobIds': ['141680920.0', '141686408.0'], 'State': 'transferring', 'RecordedSite': True, 'Error': [90000, "Got recoverable stageout exception:\nStageout failed with code 1.\nThere were 1 failed/killed stageout jobs.\nFailure reasons (per document) follow:\n- 24cc9f404a2f2dcf294488b99b94e63f5c8072b9ec8ce7b3f76f154e:\n  -----> ASO log start -----\n  ['TRANSFER [112] TRANSFER ERROR: Copy failed (3rd pull). Last attempt: copy HTTP 400 : Server Error [...CUT...] Full log at https://fts3-cms.cern.ch:8449/fts3/ftsmon/#/job/e02548ac-139a-11f1-a739-fa163e255442']\n  <----- ASO log finish ----\n  The last failure reason is recoverable.", {}]}, '798': {'Retries': 1, 'Restarts': 0, 'SiteHistory': ['Unknown', 'T2_CH_CERN', 'T2_CH_CERN', 'T2_FR_IPHC', 'T2_FR_IPHC'], 'ResidentSetSize': [655832, 3674148], 'SubmitTimes': [1772161754.0, 1772174836.0], 'StartTimes': [1772165904.0, 1772174914.0], 'EndTimes': [1772167559.0, 1772177239.0], 'TotalUserCpuTimeHistory': [2615, 2834], 'TotalSysCpuTimeHistory': [386, 879], 'WallDurations': [9.0, 80.19904470443726, 1655.0, 9.0, 2325.0], 'JobIds': ['141680921.0', '141685415.0'], 'State': 'transferring', 'RecordedSite': True, 'Error': [90000, "Got recoverable stageout exception:\nStageout failed with code 1.\nThere were 2 failed/killed stageout jobs.\nFailure reasons (per document) follow:\n- 154bfa3acf0f28d087546e65a8dbfb1d5594f6c4d46311ef34171c3a:\n  -----> ASO log start -----\n  ['DESTINATION [110] timeout of 900s [...CUT...] Full log at https://fts3-cms.cern.ch:8449/fts3/ftsmon/#/job/ed6014c8-1397-11f1-96c0-fa163e9e00e6']\n  <----- ASO log finish ----\n  The last failure reason is recoverable.\n- ada1756a957636f419ccc08a12bea19d7c6ca5865f2deda509832a53:\n  -----> ASO log start -----\n  ['TRANSFER [112] TRANSFER ERROR: Copy failed (3rd pull). Last attempt: copy HTTP 400 : Server Error [...CUT...] Full log at https://fts3-cms.cern.ch:8449/fts3/ftsmon/#/job/ed6014c8-1397-11f1-96c0-fa163e9e00e6']\n  <----- ASO log finish ----\n  The last failure reason is recoverable.", {}]}, '109': {'Retries': 0, 'Restarts': 0, 'SiteHistory': ['Unknown', 'T2_CH_CERN', 'T2_CH_CERN'], 'ResidentSetSize': [636196], 'SubmitTimes': [1772161754.0], 'StartTimes': [1772165904.0], 'EndTimes': [1772167621.0], 'TotalUserCpuTimeHistory': [2438], 'TotalSysCpuTimeHistory': [524], 'WallDurations': [9.0, 80.19904470443726, 1717.0], 'JobIds': ['141680922.0'], 'State': 'finished', 'RecordedSite': True, 'Error': [0, 'OK', {}]}, '206': {'Retries': 0, 'Restarts': 0, 'SiteHistory': ['Unknown', 'T2_CH_CERN', 'T2_CH_CERN'], 'ResidentSetSize': [722316], 'SubmitTimes': [1772161755.0], 'StartTimes': [1772165906.0], 'EndTimes': [1772169763.0], 'TotalUserCpuTimeHistory': [4813], 'TotalSysCpuTimeHistory': [1186], 'WallDurations': [9.0, 78.19904470443726, 3857.0], 'JobIds': ['141680923.0'], 'State': 'finished', 'RecordedSite': True, 'Error': [0, 'OK', {}]}, '295': {'Retries': 0, 'Restarts': 0, 'SiteHistory': ['Unknown', 'T2_CH_CERN', 'T2_CH_CERN'], 'ResidentSetSize': [663472], 'SubmitTimes': [1772161755.0], 'StartTimes': [1772165904.0], 'EndTimes': [1772167693.0], 'TotalUserCpuTimeHistory': [2819], 'TotalSysCpuTimeHistory': [439], 'WallDurations': [9.0, 80.19904470443726, 1789.0], 'JobIds': ['141680924.0'], 'State': 'finished', 'RecordedSite': True, 'Error': [0, 'OK', {}]}, '503': {'Retries': 2, 'Restarts': 0, 'SiteHistory': ['Unknown', 'T2_CH_CERN', 'T2_CH_CERN', 'Unknown', 'T2_BE_UCL', 'T2_BE_UCL', 'T2_CH_CERN', 'T2_CH_CERN'], 'ResidentSetSize': [733956, 716472, 721544], 'SubmitTimes': [1772161755.0, 1772170907.0, 1772180367.0], 'StartTimes': [1772165905.0, 1772171146.0, 1772180416.0], 'EndTimes': [1772170840.0, 1772174832.0, 1772185039.0], 'TotalUserCpuTimeHistory': [5137, 1666, 5426], 'TotalSysCpuTimeHistory': [1119, 100, 1201], 'WallDurations': [9.0, 79.19904470443726, 4935.0, 9.0, 180.53299283981323, 3686.0, 8.0, 4623.0], 'JobIds': ['141680925.0', '141681858.0', '141686037.0'], 'State': 'transferring', 'RecordedSite': True, 'Error': [90000, "Got recoverable stageout exception:\nStageout failed with code 1.\nThere were 3 failed/killed stageout jobs.\nFailure reasons (per document) follow:\n- 0360f9571d55865cfe803417d766ea66a8dd0facbff55e9eb7e1b52d:\n  -----> ASO log start -----\n  ['TRANSFER [5] TRANSFER ERROR: Copy failed (3rd pull). Last attempt: copy HTTP 500 : Unexpected server error: 500 [...CUT...] Full log at https://fts3-cms.cern.ch:8449/fts3/ftsmon/#/job/c32dd1d4-13a8-11f1-b0d1-fa163e9e00e6']\n  <----- ASO log finish ----\n  The last failure reason is recoverable.\n- 0d2336c5dd11d38c51546bd5f2ca92c16d71641fa587578030492d6c:\n  -----> ASO log start -----\n  ['TRANSFER [5] TRANSFER ERROR: Copy failed (3rd pull). Last attempt: copy HTTP 500 : Unexpected server error: 500 [...CUT...] Full log at https://fts3-cms.cern.ch:8449/fts3/ftsmon/#/job/c32dd1d4-13a8-11f1-b0d1-fa163e9e00e6']\n  <----- ASO log finish ----\n  The last failure reason is recoverable.\n- f9aa8bf7e1d5663620751d957801c3b8328a6c39a2169a096a48d05a:\n  -----> ASO log start -----\n  ['TRANSFER [5] TRANSFER ERROR: Copy failed (3rd pull). Last attempt: copy HTTP 500 : Unexpected server error: 500 [...CUT...] Full log at https://fts3-cms.cern.ch:8449/fts3/ftsmon/#/job/c32dd1d4-13a8-11f1-b0d1-fa163e9e00e6']\n  <----- ASO log finish ----\n  The last failure reason is recoverable.", {}]}, '593': {'Retries': 0, 'Restarts': 0, 'SiteHistory': ['Unknown', 'T2_CH_CERN', 'T2_CH_CERN'], 'ResidentSetSize': [694624], 'SubmitTimes': [1772161755.0], 'StartTimes': [1772165904.0], 'EndTimes': [1772167419.0], 'TotalUserCpuTimeHistory': [2389], 'TotalSysCpuTimeHistory': [297], 'WallDurations': [9.0, 80.19904470443726, 1515.0], 'JobIds': ['141680926.0'], 'State': 'finished', 'RecordedSite': True, 'Error': [0, 'OK', {}]}, '398': {'Retries': 0, 'Restarts': 0, 'SiteHistory': ['Unknown', 'T2_CH_CERN', 'T2_CH_CERN'], 'ResidentSetSize': [702004], 'SubmitTimes': [1772161755.0], 'StartTimes': [1772165905.0], 'EndTimes': [1772167856.0], 'TotalUserCpuTimeHistory': [2397], 'TotalSysCpuTimeHistory': [694], 'WallDurations': [9.0, 79.19904470443726, 1951.0], 'JobIds': ['141680927.0'], 'State': 'finished', 'RecordedSite': True, 'Error': [0, 'OK', {}]}, '762': {'Retries': 0, 'Restarts': 0, 'SiteHistory': ['Unknown', 'T2_CH_CERN', 'T2_CH_CERN'], 'ResidentSetSize': [735480], 'SubmitTimes': [1772161755.0], 'StartTimes': [1772165905.0], 'EndTimes': [1772168487.0], 'TotalUserCpuTimeHistory': [2881], 'TotalSysCpuTimeHistory': [1022], 'WallDurations': [9.0, 79.19904470443726, 2582.0], 'JobIds': ['141680928.0'], 'State': 'finished', 'RecordedSite': True, 'Error': [0, 'OK', {}]}, '677': {'Retries': 0, 'Restarts': 0, 'SiteHistory': ['Unknown', 'T2_CH_CERN', 'T2_CH_CERN'], 'ResidentSetSize': [703972], 'SubmitTimes': [1772161755.0], 'StartTimes': [1772165905.0], 'EndTimes': [1772168524.0], 'TotalUserCpuTimeHistory': [2975], 'TotalSysCpuTimeHistory': [934], 'WallDurations': [8.0, 79.19904470443726, 2619.0], 'JobIds': ['141680929.0'], 'State': 'finished', 'RecordedSite': True, 'Error': [0, 'OK', {}]}}
INFO 2026-02-27 14:40:47.306 UTC: 	 Status on the scheduler:	SUBMITTED
INFO 2026-02-27 14:40:47.307 UTC: 	 
Jobs status:                    failed       		  2.6% ( 21/800)
INFO 2026-02-27 14:40:47.307 UTC: 	 				finished     		 58.6% (469/800)
INFO 2026-02-27 14:40:47.307 UTC: 	 				idle         		  0.1% (  1/800)
INFO 2026-02-27 14:40:47.307 UTC: 	 				running      		  2.2% ( 18/800)
INFO 2026-02-27 14:40:47.307 UTC: 	 				toRetry      		  0.1% (  1/800)
INFO 2026-02-27 14:40:47.307 UTC: 	 				transferring 		 36.2% (290/800)
DEBUG 2026-02-27 14:40:47.308 UTC: 	 Encoded data for curl request: subresource=publicationstatus&workflow=260227_030547%3Ahnelson_crab_UL17_mtt0to700_v1&username=hnelson
INFO 2026-02-27 14:40:48.051 UTC: 	 
Publication status of 1 dataset(s):	done         		116.8% (934/800)
(from CRAB internal bookkeeping in transferdb)
					new          		  0.5% (  4/800)
					unsubmitted  		-17.2% (-138/800)
INFO 2026-02-27 14:40:48.051 UTC: 	 
Output dataset:			/TT01j2l_SMEFTsim_LHEGEN_UL17_0to700/hnelson-crab_UL17_mtt0to700_v1-LHEoutput-0cb7fd35a8595477afe67fe9d5828274/USER
Output dataset DAS URL:		https://cmsweb.cern.ch/das/request?input=%2FTT01j2l_SMEFTsim_LHEGEN_UL17_0to700%2Fhnelson-crab_UL17_mtt0to700_v1-LHEoutput-0cb7fd35a8595477afe67fe9d5828274%2FUSER&instance=prod%2Fphys03
INFO 2026-02-27 14:40:48.052 UTC: 	 
Error Summary: (use crab status --verboseErrors for details about the errors)

 20 jobs failed in postprocessing step

  1 jobs failed with exit code 50660

Have a look at https://twiki.cern.ch/twiki/bin/viewauth/CMSPublic/JobExitCodes for a description of the exit codes.
INFO 2026-02-27 14:40:48.066 UTC: 	 
Warning: the max jobs runtime is less than 30% of the task requested value (1250 min), please consider to request a lower value for failed jobs (allowed through crab resubmit) and/or improve the jobs splitting (e.g. config.Data.splitting = 'Automatic') in a new task.
INFO 2026-02-27 14:40:48.066 UTC: 	 
Summary of run jobs:
 * Memory: 0MB min, 3662MB max, 1044MB ave
 * Runtime: 0:00:00 min, 2:59:59 max, 0:52:13 ave
 * CPU eff: 0% min, 213% max, 81% ave
 * Waste: 668:16:02 (50% of total)

INFO 2026-02-27 14:40:48.079 UTC: 	 Log file is /users/hnelson2/mc_production/crab/crab_2017/crabLHEGEN/crab_UL17_mtt0to700_v1/crab.log
